ISO-10303-21;
HEADER;
FILE_DESCRIPTION(('Open CASCADE Model'),'2;1');
FILE_NAME('Open CASCADE Shape Model','2026-10-03T11:58:06',('Author'),(
    'Open CASCADE'),'Open CASCADE STEP processor 8.0','build123d',
  'Unknown');
FILE_SCHEMA(('AUTOMOTIVE_DESIGN { 1 0 10303 214 1 1 1 1 }'));
ENDSEC;
DATA;
#1 = APPLICATION_PROTOCOL_DEFINITION('international standard',
  'automotive_design',2000,#2);
#2 = APPLICATION_CONTEXT(
  'core data for automotive mechanical design processes');
#3 = SHAPE_DEFINITION_REPRESENTATION(#4,#10);
#4 = PRODUCT_DEFINITION_SHAPE('','',#5);
#5 = PRODUCT_DEFINITION('design','',#6,#9);
#6 = PRODUCT_DEFINITION_FORMATION('','',#7);
#7 = PRODUCT('COMPOUND','COMPOUND','',(#8));
#8 = PRODUCT_CONTEXT('',#2,'mechanical');
#9 = PRODUCT_DEFINITION_CONTEXT('part definition',#2,'design');
#10 = SHAPE_REPRESENTATION('',(#11,#15,#6745,#13475,#14105,#14735,#15365
    ,#15995,#17250),#18505);
#11 = AXIS2_PLACEMENT_3D('',#12,#13,#14);
#12 = CARTESIAN_POINT('',(0.,0.,0.));
#13 = DIRECTION('',(0.,0.,1.));
#14 = DIRECTION('',(1.,0.,-0.));
#15 = BREP_WITH_VOIDS('',#16,(#4169,#4491,#4813,#5135,#5457,#5779,#6101,
    #6423));
#16 = CLOSED_SHELL('',(#17,#791,#1093,#1276,#1415,#1532,#1581,#1635,
    #1667,#1769,#2019,#2155,#2225,#2273,#2321,#2347,#2417,#2465,#2513,
    #2539,#2609,#2657,#2705,#2731,#2801,#2849,#2897,#2923,#2992,#3019,
    #3068,#3100,#3260,#3314,#3341,#3414,#3494,#3521,#3612,#3639,#3688,
    #3715,#3722,#3749,#3796,#3843,#3870,#3919,#3946,#3973,#4000,#4027,
    #4074,#4101,#4148,#4155,#4162));
#17 = ADVANCED_FACE('',(#18,#351,#461,#571,#681),#32,.F.);
#18 = FACE_BOUND('',#19,.F.);
#19 = EDGE_LOOP('',(#20,#55,#83,#111,#139,#167,#195,#223,#251,#279,#302,
    #330));
#20 = ORIENTED_EDGE('',*,*,#21,.F.);
#21 = EDGE_CURVE('',#22,#24,#26,.T.);
#22 = VERTEX_POINT('',#23);
#23 = CARTESIAN_POINT('',(-700.,-450.,0.));
#24 = VERTEX_POINT('',#25);
#25 = CARTESIAN_POINT('',(-700.,-450.,560.));
#26 = SURFACE_CURVE('',#27,(#31,#43),.PCURVE_S1.);
#27 = LINE('',#28,#29);
#28 = CARTESIAN_POINT('',(-700.,-450.,0.));
#29 = VECTOR('',#30,1.);
#30 = DIRECTION('',(0.,0.,1.));
#31 = PCURVE('',#32,#37);
#32 = PLANE('',#33);
#33 = AXIS2_PLACEMENT_3D('',#34,#35,#36);
#34 = CARTESIAN_POINT('',(-700.,-450.,520.));
#35 = DIRECTION('',(1.,0.,-0.));
#36 = DIRECTION('',(0.,0.,1.));
#37 = DEFINITIONAL_REPRESENTATION('',(#38),#42);
#38 = LINE('',#39,#40);
#39 = CARTESIAN_POINT('',(-520.,0.));
#40 = VECTOR('',#41,1.);
#41 = DIRECTION('',(1.,0.));
#42 = ( GEOMETRIC_REPRESENTATION_CONTEXT(2) 
PARAMETRIC_REPRESENTATION_CONTEXT() REPRESENTATION_CONTEXT('2D SPACE',''
  ) );
#43 = PCURVE('',#44,#49);
#44 = PLANE('',#45);
#45 = AXIS2_PLACEMENT_3D('',#46,#47,#48);
#46 = CARTESIAN_POINT('',(-700.,-450.,520.));
#47 = DIRECTION('',(-0.,1.,0.));
#48 = DIRECTION('',(0.,0.,1.));
#49 = DEFINITIONAL_REPRESENTATION('',(#50),#54);
#50 = LINE('',#51,#52);
#51 = CARTESIAN_POINT('',(-520.,0.));
#52 = VECTOR('',#53,1.);
#53 = DIRECTION('',(1.,0.));
#54 = ( GEOMETRIC_REPRESENTATION_CONTEXT(2) 
PARAMETRIC_REPRESENTATION_CONTEXT() REPRESENTATION_CONTEXT('2D SPACE',''
  ) );
#55 = ORIENTED_EDGE('',*,*,#56,.F.);
#56 = EDGE_CURVE('',#57,#22,#59,.T.);
#57 = VERTEX_POINT('',#58);
#58 = CARTESIAN_POINT('',(-700.,50.,0.));
#59 = SURFACE_CURVE('',#60,(#64,#71),.PCURVE_S1.);
#60 = LINE('',#61,#62);
#61 = CARTESIAN_POINT('',(-700.,50.,0.));
#62 = VECTOR('',#63,1.);
#63 = DIRECTION('',(0.,-1.,0.));
#64 = PCURVE('',#32,#65);
#65 = DEFINITIONAL_REPRESENTATION('',(#66),#70);
#66 = LINE('',#67,#68);
#67 = CARTESIAN_POINT('',(-520.,-500.));
#68 = VECTOR('',#69,1.);
#69 = DIRECTION('',(0.,1.));
#70 = ( GEOMETRIC_REPRESENTATION_CONTEXT(2) 
PARAMETRIC_REPRESENTATION_CONTEXT() REPRESENTATION_CONTEXT('2D SPACE',''
  ) );
#71 = PCURVE('',#72,#77);
#72 = PLANE('',#73);
#73 = AXIS2_PLACEMENT_3D('',#74,#75,#76);
#74 = CARTESIAN_POINT('',(-700.,-450.,0.));
#75 = DIRECTION('',(0.,0.,1.));
#76 = DIRECTION('',(1.,0.,-0.));
#77 = DEFINITIONAL_REPRESENTATION('',(#78),#82);
#78 = LINE('',#79,#80);
#79 = CARTESIAN_POINT('',(0.,500.));
#80 = VECTOR('',#81,1.);
#81 = DIRECTION('',(0.,-1.));
#82 = ( GEOMETRIC_REPRESENTATION_CONTEXT(2) 
PARAMETRIC_REPRESENTATION_CONTEXT() REPRESENTATION_CONTEXT('2D SPACE',''
  ) );
#83 = ORIENTED_EDGE('',*,*,#84,.F.);
#84 = EDGE_CURVE('',#85,#57,#87,.T.);
#85 = VERTEX_POINT('',#86);
#86 = CARTESIAN_POINT('',(-700.,50.,560.));
#87 = SURFACE_CURVE('',#88,(#92,#99),.PCURVE_S1.);
#88 = LINE('',#89,#90);
#89 = CARTESIAN_POINT('',(-700.,50.,560.));
#90 = VECTOR('',#91,1.);
#91 = DIRECTION('',(0.,0.,-1.));
#92 = PCURVE('',#32,#93);
#93 = DEFINITIONAL_REPRESENTATION('',(#94),#98);
#94 = LINE('',#95,#96);
#95 = CARTESIAN_POINT('',(40.,-500.));
#96 = VECTOR('',#97,1.);
#97 = DIRECTION('',(-1.,0.));
#98 = ( GEOMETRIC_REPRESENTATION_CONTEXT(2) 
PARAMETRIC_REPRESENTATION_CONTEXT() REPRESENTATION_CONTEXT('2D SPACE',''
  ) );
#99 = PCURVE('',#100,#105);
#100 = PLANE('',#101);
#101 = AXIS2_PLACEMENT_3D('',#102,#103,#104);
#102 = CARTESIAN_POINT('',(-700.,50.,0.));
#103 = DIRECTION('',(-0.,1.,0.));
#104 = DIRECTION('',(0.,0.,1.));
#105 = DEFINITIONAL_REPRESENTATION('',(#106),#110);
#106 = LINE('',#107,#108);
#107 = CARTESIAN_POINT('',(560.,0.));
#108 = VECTOR('',#109,1.);
#109 = DIRECTION('',(-1.,0.));
#110 = ( GEOMETRIC_REPRESENTATION_CONTEXT(2) 
PARAMETRIC_REPRESENTATION_CONTEXT() REPRESENTATION_CONTEXT('2D SPACE',''
  ) );
#111 = ORIENTED_EDGE('',*,*,#112,.F.);
#112 = EDGE_CURVE('',#113,#85,#115,.T.);
#113 = VERTEX_POINT('',#114);
#114 = CARTESIAN_POINT('',(-700.,-195.,560.));
#115 = SURFACE_CURVE('',#116,(#120,#127),.PCURVE_S1.);
#116 = LINE('',#117,#118);
#117 = CARTESIAN_POINT('',(-700.,-450.,560.));
#118 = VECTOR('',#119,1.);
#119 = DIRECTION('',(0.,1.,0.));
#120 = PCURVE('',#32,#121);
#121 = DEFINITIONAL_REPRESENTATION('',(#122),#126);
#122 = LINE('',#123,#124);
#123 = CARTESIAN_POINT('',(40.,0.));
#124 = VECTOR('',#125,1.);
#125 = DIRECTION('',(0.,-1.));
#126 = ( GEOMETRIC_REPRESENTATION_CONTEXT(2) 
PARAMETRIC_REPRESENTATION_CONTEXT() REPRESENTATION_CONTEXT('2D SPACE',''
  ) );
#127 = PCURVE('',#128,#133);
#128 = PLANE('',#129);
#129 = AXIS2_PLACEMENT_3D('',#130,#131,#132);
#130 = CARTESIAN_POINT('',(-700.,-450.,560.));
#131 = DIRECTION('',(0.,0.,1.));
#132 = DIRECTION('',(1.,0.,-0.));
#133 = DEFINITIONAL_REPRESENTATION('',(#134),#138);
#134 = LINE('',#135,#136);
#135 = CARTESIAN_POINT('',(0.,0.));
#136 = VECTOR('',#137,1.);
#137 = DIRECTION('',(0.,1.));
#138 = ( GEOMETRIC_REPRESENTATION_CONTEXT(2) 
PARAMETRIC_REPRESENTATION_CONTEXT() REPRESENTATION_CONTEXT('2D SPACE',''
  ) );
#139 = ORIENTED_EDGE('',*,*,#140,.F.);
#140 = EDGE_CURVE('',#141,#113,#143,.T.);
#141 = VERTEX_POINT('',#142);
#142 = CARTESIAN_POINT('',(-700.,-195.,520.));
#143 = SURFACE_CURVE('',#144,(#148,#155),.PCURVE_S1.);
#144 = LINE('',#145,#146);
#145 = CARTESIAN_POINT('',(-700.,-195.,520.));
#146 = VECTOR('',#147,1.);
#147 = DIRECTION('',(0.,0.,1.));
#148 = PCURVE('',#32,#149);
#149 = DEFINITIONAL_REPRESENTATION('',(#150),#154);
#150 = LINE('',#151,#152);
#151 = CARTESIAN_POINT('',(0.,-255.));
#152 = VECTOR('',#153,1.);
#153 = DIRECTION('',(1.,0.));
#154 = ( GEOMETRIC_REPRESENTATION_CONTEXT(2) 
PARAMETRIC_REPRESENTATION_CONTEXT() REPRESENTATION_CONTEXT('2D SPACE',''
  ) );
#155 = PCURVE('',#156,#161);
#156 = PLANE('',#157);
#157 = AXIS2_PLACEMENT_3D('',#158,#159,#160);
#158 = CARTESIAN_POINT('',(-760.,-195.,520.));
#159 = DIRECTION('',(-0.,1.,0.));
#160 = DIRECTION('',(0.,0.,1.));
#161 = DEFINITIONAL_REPRESENTATION('',(#162),#166);
#162 = LINE('',#163,#164);
#163 = CARTESIAN_POINT('',(0.,60.));
#164 = VECTOR('',#165,1.);
#165 = DIRECTION('',(1.,0.));
#166 = ( GEOMETRIC_REPRESENTATION_CONTEXT(2) 
PARAMETRIC_REPRESENTATION_CONTEXT() REPRESENTATION_CONTEXT('2D SPACE',''
  ) );
#167 = ORIENTED_EDGE('',*,*,#168,.F.);
#168 = EDGE_CURVE('',#169,#141,#171,.T.);
#169 = VERTEX_POINT('',#170);
#170 = CARTESIAN_POINT('',(-700.,10.,520.));
#171 = SURFACE_CURVE('',#172,(#176,#183),.PCURVE_S1.);
#172 = LINE('',#173,#174);
#173 = CARTESIAN_POINT('',(-700.,50.,520.));
#174 = VECTOR('',#175,1.);
#175 = DIRECTION('',(0.,-1.,0.));
#176 = PCURVE('',#32,#177);
#177 = DEFINITIONAL_REPRESENTATION('',(#178),#182);
#178 = LINE('',#179,#180);
#179 = CARTESIAN_POINT('',(0.,-500.));
#180 = VECTOR('',#181,1.);
#181 = DIRECTION('',(0.,1.));
#182 = ( GEOMETRIC_REPRESENTATION_CONTEXT(2) 
PARAMETRIC_REPRESENTATION_CONTEXT() REPRESENTATION_CONTEXT('2D SPACE',''
  ) );
#183 = PCURVE('',#184,#189);
#184 = PLANE('',#185);
#185 = AXIS2_PLACEMENT_3D('',#186,#187,#188);
#186 = CARTESIAN_POINT('',(-700.,-450.,520.));
#187 = DIRECTION('',(0.,0.,1.));
#188 = DIRECTION('',(1.,0.,-0.));
#189 = DEFINITIONAL_REPRESENTATION('',(#190),#194);
#190 = LINE('',#191,#192);
#191 = CARTESIAN_POINT('',(0.,500.));
#192 = VECTOR('',#193,1.);
#193 = DIRECTION('',(0.,-1.));
#194 = ( GEOMETRIC_REPRESENTATION_CONTEXT(2) 
PARAMETRIC_REPRESENTATION_CONTEXT() REPRESENTATION_CONTEXT('2D SPACE',''
  ) );
#195 = ORIENTED_EDGE('',*,*,#196,.F.);
#196 = EDGE_CURVE('',#197,#169,#199,.T.);
#197 = VERTEX_POINT('',#198);
#198 = CARTESIAN_POINT('',(-700.,10.,40.));
#199 = SURFACE_CURVE('',#200,(#204,#211),.PCURVE_S1.);
#200 = LINE('',#201,#202);
#201 = CARTESIAN_POINT('',(-700.,10.,40.));
#202 = VECTOR('',#203,1.);
#203 = DIRECTION('',(0.,0.,1.));
#204 = PCURVE('',#32,#205);
#205 = DEFINITIONAL_REPRESENTATION('',(#206),#210);
#206 = LINE('',#207,#208);
#207 = CARTESIAN_POINT('',(-480.,-460.));
#208 = VECTOR('',#209,1.);
#209 = DIRECTION('',(1.,0.));
#210 = ( GEOMETRIC_REPRESENTATION_CONTEXT(2) 
PARAMETRIC_REPRESENTATION_CONTEXT() REPRESENTATION_CONTEXT('2D SPACE',''
  ) );
#211 = PCURVE('',#212,#217);
#212 = PLANE('',#213);
#213 = AXIS2_PLACEMENT_3D('',#214,#215,#216);
#214 = CARTESIAN_POINT('',(-700.,10.,40.));
#215 = DIRECTION('',(-0.,1.,0.));
#216 = DIRECTION('',(0.,0.,1.));
#217 = DEFINITIONAL_REPRESENTATION('',(#218),#222);
#218 = LINE('',#219,#220);
#219 = CARTESIAN_POINT('',(0.,0.));
#220 = VECTOR('',#221,1.);
#221 = DIRECTION('',(1.,0.));
#222 = ( GEOMETRIC_REPRESENTATION_CONTEXT(2) 
PARAMETRIC_REPRESENTATION_CONTEXT() REPRESENTATION_CONTEXT('2D SPACE',''
  ) );
#223 = ORIENTED_EDGE('',*,*,#224,.F.);
#224 = EDGE_CURVE('',#225,#197,#227,.T.);
#225 = VERTEX_POINT('',#226);
#226 = CARTESIAN_POINT('',(-700.,-410.,40.));
#227 = SURFACE_CURVE('',#228,(#232,#239),.PCURVE_S1.);
#228 = LINE('',#229,#230);
#229 = CARTESIAN_POINT('',(-700.,-450.,40.));
#230 = VECTOR('',#231,1.);
#231 = DIRECTION('',(0.,1.,0.));
#232 = PCURVE('',#32,#233);
#233 = DEFINITIONAL_REPRESENTATION('',(#234),#238);
#234 = LINE('',#235,#236);
#235 = CARTESIAN_POINT('',(-480.,0.));
#236 = VECTOR('',#237,1.);
#237 = DIRECTION('',(0.,-1.));
#238 = ( GEOMETRIC_REPRESENTATION_CONTEXT(2) 
PARAMETRIC_REPRESENTATION_CONTEXT() REPRESENTATION_CONTEXT('2D SPACE',''
  ) );
#239 = PCURVE('',#240,#245);
#240 = PLANE('',#241);
#241 = AXIS2_PLACEMENT_3D('',#242,#243,#244);
#242 = CARTESIAN_POINT('',(-700.,-450.,40.));
#243 = DIRECTION('',(0.,0.,1.));
#244 = DIRECTION('',(1.,0.,-0.));
#245 = DEFINITIONAL_REPRESENTATION('',(#246),#250);
#246 = LINE('',#247,#248);
#247 = CARTESIAN_POINT('',(0.,0.));
#248 = VECTOR('',#249,1.);
#249 = DIRECTION('',(0.,1.));
#250 = ( GEOMETRIC_REPRESENTATION_CONTEXT(2) 
PARAMETRIC_REPRESENTATION_CONTEXT() REPRESENTATION_CONTEXT('2D SPACE',''
  ) );
#251 = ORIENTED_EDGE('',*,*,#252,.T.);
#252 = EDGE_CURVE('',#225,#253,#255,.T.);
#253 = VERTEX_POINT('',#254);
#254 = CARTESIAN_POINT('',(-700.,-410.,520.));
#255 = SURFACE_CURVE('',#256,(#260,#267),.PCURVE_S1.);
#256 = LINE('',#257,#258);
#257 = CARTESIAN_POINT('',(-700.,-410.,40.));
#258 = VECTOR('',#259,1.);
#259 = DIRECTION('',(0.,0.,1.));
#260 = PCURVE('',#32,#261);
#261 = DEFINITIONAL_REPRESENTATION('',(#262),#266);
#262 = LINE('',#263,#264);
#263 = CARTESIAN_POINT('',(-480.,-40.));
#264 = VECTOR('',#265,1.);
#265 = DIRECTION('',(1.,0.));
#266 = ( GEOMETRIC_REPRESENTATION_CONTEXT(2) 
PARAMETRIC_REPRESENTATION_CONTEXT() REPRESENTATION_CONTEXT('2D SPACE',''
  ) );
#267 = PCURVE('',#268,#273);
#268 = PLANE('',#269);
#269 = AXIS2_PLACEMENT_3D('',#270,#271,#272);
#270 = CARTESIAN_POINT('',(-700.,-410.,40.));
#271 = DIRECTION('',(-0.,1.,0.));
#272 = DIRECTION('',(0.,0.,1.));
#273 = DEFINITIONAL_REPRESENTATION('',(#274),#278);
#274 = LINE('',#275,#276);
#275 = CARTESIAN_POINT('',(0.,0.));
#276 = VECTOR('',#277,1.);
#277 = DIRECTION('',(1.,0.));
#278 = ( GEOMETRIC_REPRESENTATION_CONTEXT(2) 
PARAMETRIC_REPRESENTATION_CONTEXT() REPRESENTATION_CONTEXT('2D SPACE',''
  ) );
#279 = ORIENTED_EDGE('',*,*,#280,.F.);
#280 = EDGE_CURVE('',#281,#253,#283,.T.);
#281 = VERTEX_POINT('',#282);
#282 = CARTESIAN_POINT('',(-700.,-205.,520.));
#283 = SURFACE_CURVE('',#284,(#288,#295),.PCURVE_S1.);
#284 = LINE('',#285,#286);
#285 = CARTESIAN_POINT('',(-700.,50.,520.));
#286 = VECTOR('',#287,1.);
#287 = DIRECTION('',(0.,-1.,0.));
#288 = PCURVE('',#32,#289);
#289 = DEFINITIONAL_REPRESENTATION('',(#290),#294);
#290 = LINE('',#291,#292);
#291 = CARTESIAN_POINT('',(0.,-500.));
#292 = VECTOR('',#293,1.);
#293 = DIRECTION('',(0.,1.));
#294 = ( GEOMETRIC_REPRESENTATION_CONTEXT(2) 
PARAMETRIC_REPRESENTATION_CONTEXT() REPRESENTATION_CONTEXT('2D SPACE',''
  ) );
#295 = PCURVE('',#184,#296);
#296 = DEFINITIONAL_REPRESENTATION('',(#297),#301);
#297 = LINE('',#298,#299);
#298 = CARTESIAN_POINT('',(0.,500.));
#299 = VECTOR('',#300,1.);
#300 = DIRECTION('',(0.,-1.));
#301 = ( GEOMETRIC_REPRESENTATION_CONTEXT(2) 
PARAMETRIC_REPRESENTATION_CONTEXT() REPRESENTATION_CONTEXT('2D SPACE',''
  ) );
#302 = ORIENTED_EDGE('',*,*,#303,.T.);
#303 = EDGE_CURVE('',#281,#304,#306,.T.);
#304 = VERTEX_POINT('',#305);
#305 = CARTESIAN_POINT('',(-700.,-205.,560.));
#306 = SURFACE_CURVE('',#307,(#311,#318),.PCURVE_S1.);
#307 = LINE('',#308,#309);
#308 = CARTESIAN_POINT('',(-700.,-205.,520.));
#309 = VECTOR('',#310,1.);
#310 = DIRECTION('',(0.,0.,1.));
#311 = PCURVE('',#32,#312);
#312 = DEFINITIONAL_REPRESENTATION('',(#313),#317);
#313 = LINE('',#314,#315);
#314 = CARTESIAN_POINT('',(0.,-245.));
#315 = VECTOR('',#316,1.);
#316 = DIRECTION('',(1.,0.));
#317 = ( GEOMETRIC_REPRESENTATION_CONTEXT(2) 
PARAMETRIC_REPRESENTATION_CONTEXT() REPRESENTATION_CONTEXT('2D SPACE',''
  ) );
#318 = PCURVE('',#319,#324);
#319 = PLANE('',#320);
#320 = AXIS2_PLACEMENT_3D('',#321,#322,#323);
#321 = CARTESIAN_POINT('',(-760.,-205.,520.));
#322 = DIRECTION('',(-0.,1.,0.));
#323 = DIRECTION('',(0.,0.,1.));
#324 = DEFINITIONAL_REPRESENTATION('',(#325),#329);
#325 = LINE('',#326,#327);
#326 = CARTESIAN_POINT('',(0.,60.));
#327 = VECTOR('',#328,1.);
#328 = DIRECTION('',(1.,0.));
#329 = ( GEOMETRIC_REPRESENTATION_CONTEXT(2) 
PARAMETRIC_REPRESENTATION_CONTEXT() REPRESENTATION_CONTEXT('2D SPACE',''
  ) );
#330 = ORIENTED_EDGE('',*,*,#331,.F.);
#331 = EDGE_CURVE('',#24,#304,#332,.T.);
#332 = SURFACE_CURVE('',#333,(#337,#344),.PCURVE_S1.);
#333 = LINE('',#334,#335);
#334 = CARTESIAN_POINT('',(-700.,-450.,560.));
#335 = VECTOR('',#336,1.);
#336 = DIRECTION('',(0.,1.,0.));
#337 = PCURVE('',#32,#338);
#338 = DEFINITIONAL_REPRESENTATION('',(#339),#343);
#339 = LINE('',#340,#341);
#340 = CARTESIAN_POINT('',(40.,0.));
#341 = VECTOR('',#342,1.);
#342 = DIRECTION('',(0.,-1.));
#343 = ( GEOMETRIC_REPRESENTATION_CONTEXT(2) 
PARAMETRIC_REPRESENTATION_CONTEXT() REPRESENTATION_CONTEXT('2D SPACE',''
  ) );
#344 = PCURVE('',#128,#345);
#345 = DEFINITIONAL_REPRESENTATION('',(#346),#350);
#346 = LINE('',#347,#348);
#347 = CARTESIAN_POINT('',(0.,0.));
#348 = VECTOR('',#349,1.);
#349 = DIRECTION('',(0.,1.));
#350 = ( GEOMETRIC_REPRESENTATION_CONTEXT(2) 
PARAMETRIC_REPRESENTATION_CONTEXT() REPRESENTATION_CONTEXT('2D SPACE',''
  ) );
#351 = FACE_BOUND('',#352,.F.);
#352 = EDGE_LOOP('',(#353,#382,#409,#436));
#353 = ORIENTED_EDGE('',*,*,#354,.T.);
#354 = EDGE_CURVE('',#355,#357,#359,.T.);
#355 = VERTEX_POINT('',#356);
#356 = CARTESIAN_POINT('',(-700.,47.,3.));
#357 = VERTEX_POINT('',#358);
#358 = CARTESIAN_POINT('',(-700.,13.,3.));
#359 = SURFACE_CURVE('',#360,(#364,#371),.PCURVE_S1.);
#360 = LINE('',#361,#362);
#361 = CARTESIAN_POINT('',(-700.,11.5,3.));
#362 = VECTOR('',#363,1.);
#363 = DIRECTION('',(0.,-1.,0.));
#364 = PCURVE('',#32,#365);
#365 = DEFINITIONAL_REPRESENTATION('',(#366),#370);
#366 = LINE('',#367,#368);
#367 = CARTESIAN_POINT('',(-517.,-461.5));
#368 = VECTOR('',#369,1.);
#369 = DIRECTION('',(0.,1.));
#370 = ( GEOMETRIC_REPRESENTATION_CONTEXT(2) 
PARAMETRIC_REPRESENTATION_CONTEXT() REPRESENTATION_CONTEXT('2D SPACE',''
  ) );
#371 = PCURVE('',#372,#377);
#372 = PLANE('',#373);
#373 = AXIS2_PLACEMENT_3D('',#374,#375,#376);
#374 = CARTESIAN_POINT('',(-701.,13.,3.));
#375 = DIRECTION('',(0.,0.,1.));
#376 = DIRECTION('',(1.,0.,-0.));
#377 = DEFINITIONAL_REPRESENTATION('',(#378),#381);
#378 = B_SPLINE_CURVE_WITH_KNOTS('',1,(#379,#380),.UNSPECIFIED.,.F.,.F.,
  (2,2),(-35.5,-1.5),.PIECEWISE_BEZIER_KNOTS.);
#379 = CARTESIAN_POINT('',(1.,34.));
#380 = CARTESIAN_POINT('',(1.,0.));
#381 = ( GEOMETRIC_REPRESENTATION_CONTEXT(2) 
PARAMETRIC_REPRESENTATION_CONTEXT() REPRESENTATION_CONTEXT('2D SPACE',''
  ) );
#382 = ORIENTED_EDGE('',*,*,#383,.T.);
#383 = EDGE_CURVE('',#357,#384,#386,.T.);
#384 = VERTEX_POINT('',#385);
#385 = CARTESIAN_POINT('',(-700.,13.,37.));
#386 = SURFACE_CURVE('',#387,(#391,#398),.PCURVE_S1.);
#387 = LINE('',#388,#389);
#388 = CARTESIAN_POINT('',(-700.,13.,1.5));
#389 = VECTOR('',#390,1.);
#390 = DIRECTION('',(0.,0.,1.));
#391 = PCURVE('',#32,#392);
#392 = DEFINITIONAL_REPRESENTATION('',(#393),#397);
#393 = LINE('',#394,#395);
#394 = CARTESIAN_POINT('',(-518.5,-463.));
#395 = VECTOR('',#396,1.);
#396 = DIRECTION('',(1.,0.));
#397 = ( GEOMETRIC_REPRESENTATION_CONTEXT(2) 
PARAMETRIC_REPRESENTATION_CONTEXT() REPRESENTATION_CONTEXT('2D SPACE',''
  ) );
#398 = PCURVE('',#399,#404);
#399 = PLANE('',#400);
#400 = AXIS2_PLACEMENT_3D('',#401,#402,#403);
#401 = CARTESIAN_POINT('',(-701.,13.,3.));
#402 = DIRECTION('',(-0.,1.,0.));
#403 = DIRECTION('',(0.,0.,1.));
#404 = DEFINITIONAL_REPRESENTATION('',(#405),#408);
#405 = B_SPLINE_CURVE_WITH_KNOTS('',1,(#406,#407),.UNSPECIFIED.,.F.,.F.,
  (2,2),(1.5,35.5),.PIECEWISE_BEZIER_KNOTS.);
#406 = CARTESIAN_POINT('',(0.,1.));
#407 = CARTESIAN_POINT('',(34.,1.));
#408 = ( GEOMETRIC_REPRESENTATION_CONTEXT(2) 
PARAMETRIC_REPRESENTATION_CONTEXT() REPRESENTATION_CONTEXT('2D SPACE',''
  ) );
#409 = ORIENTED_EDGE('',*,*,#410,.F.);
#410 = EDGE_CURVE('',#411,#384,#413,.T.);
#411 = VERTEX_POINT('',#412);
#412 = CARTESIAN_POINT('',(-700.,47.,37.));
#413 = SURFACE_CURVE('',#414,(#418,#425),.PCURVE_S1.);
#414 = LINE('',#415,#416);
#415 = CARTESIAN_POINT('',(-700.,11.5,37.));
#416 = VECTOR('',#417,1.);
#417 = DIRECTION('',(0.,-1.,0.));
#418 = PCURVE('',#32,#419);
#419 = DEFINITIONAL_REPRESENTATION('',(#420),#424);
#420 = LINE('',#421,#422);
#421 = CARTESIAN_POINT('',(-483.,-461.5));
#422 = VECTOR('',#423,1.);
#423 = DIRECTION('',(0.,1.));
#424 = ( GEOMETRIC_REPRESENTATION_CONTEXT(2) 
PARAMETRIC_REPRESENTATION_CONTEXT() REPRESENTATION_CONTEXT('2D SPACE',''
  ) );
#425 = PCURVE('',#426,#431);
#426 = PLANE('',#427);
#427 = AXIS2_PLACEMENT_3D('',#428,#429,#430);
#428 = CARTESIAN_POINT('',(-701.,13.,37.));
#429 = DIRECTION('',(0.,0.,1.));
#430 = DIRECTION('',(1.,0.,-0.));
#431 = DEFINITIONAL_REPRESENTATION('',(#432),#435);
#432 = B_SPLINE_CURVE_WITH_KNOTS('',1,(#433,#434),.UNSPECIFIED.,.F.,.F.,
  (2,2),(-35.5,-1.5),.PIECEWISE_BEZIER_KNOTS.);
#433 = CARTESIAN_POINT('',(1.,34.));
#434 = CARTESIAN_POINT('',(1.,0.));
#435 = ( GEOMETRIC_REPRESENTATION_CONTEXT(2) 
PARAMETRIC_REPRESENTATION_CONTEXT() REPRESENTATION_CONTEXT('2D SPACE',''
  ) );
#436 = ORIENTED_EDGE('',*,*,#437,.F.);
#437 = EDGE_CURVE('',#355,#411,#438,.T.);
#438 = SURFACE_CURVE('',#439,(#443,#450),.PCURVE_S1.);
#439 = LINE('',#440,#441);
#440 = CARTESIAN_POINT('',(-700.,47.,1.5));
#441 = VECTOR('',#442,1.);
#442 = DIRECTION('',(0.,0.,1.));
#443 = PCURVE('',#32,#444);
#444 = DEFINITIONAL_REPRESENTATION('',(#445),#449);
#445 = LINE('',#446,#447);
#446 = CARTESIAN_POINT('',(-518.5,-497.));
#447 = VECTOR('',#448,1.);
#448 = DIRECTION('',(1.,0.));
#449 = ( GEOMETRIC_REPRESENTATION_CONTEXT(2) 
PARAMETRIC_REPRESENTATION_CONTEXT() REPRESENTATION_CONTEXT('2D SPACE',''
  ) );
#450 = PCURVE('',#451,#456);
#451 = PLANE('',#452);
#452 = AXIS2_PLACEMENT_3D('',#453,#454,#455);
#453 = CARTESIAN_POINT('',(-701.,47.,3.));
#454 = DIRECTION('',(-0.,1.,0.));
#455 = DIRECTION('',(0.,0.,1.));
#456 = DEFINITIONAL_REPRESENTATION('',(#457),#460);
#457 = B_SPLINE_CURVE_WITH_KNOTS('',1,(#458,#459),.UNSPECIFIED.,.F.,.F.,
  (2,2),(1.5,35.5),.PIECEWISE_BEZIER_KNOTS.);
#458 = CARTESIAN_POINT('',(0.,1.));
#459 = CARTESIAN_POINT('',(34.,1.));
#460 = ( GEOMETRIC_REPRESENTATION_CONTEXT(2) 
PARAMETRIC_REPRESENTATION_CONTEXT() REPRESENTATION_CONTEXT('2D SPACE',''
  ) );
#461 = FACE_BOUND('',#462,.F.);
#462 = EDGE_LOOP('',(#463,#492,#519,#546));
#463 = ORIENTED_EDGE('',*,*,#464,.T.);
#464 = EDGE_CURVE('',#465,#467,#469,.T.);
#465 = VERTEX_POINT('',#466);
#466 = CARTESIAN_POINT('',(-700.,13.,523.));
#467 = VERTEX_POINT('',#468);
#468 = CARTESIAN_POINT('',(-700.,13.,557.));
#469 = SURFACE_CURVE('',#470,(#474,#481),.PCURVE_S1.);
#470 = LINE('',#471,#472);
#471 = CARTESIAN_POINT('',(-700.,13.,521.5));
#472 = VECTOR('',#473,1.);
#473 = DIRECTION('',(0.,0.,1.));
#474 = PCURVE('',#32,#475);
#475 = DEFINITIONAL_REPRESENTATION('',(#476),#480);
#476 = LINE('',#477,#478);
#477 = CARTESIAN_POINT('',(1.5,-463.));
#478 = VECTOR('',#479,1.);
#479 = DIRECTION('',(1.,0.));
#480 = ( GEOMETRIC_REPRESENTATION_CONTEXT(2) 
PARAMETRIC_REPRESENTATION_CONTEXT() REPRESENTATION_CONTEXT('2D SPACE',''
  ) );
#481 = PCURVE('',#482,#487);
#482 = PLANE('',#483);
#483 = AXIS2_PLACEMENT_3D('',#484,#485,#486);
#484 = CARTESIAN_POINT('',(-701.,13.,523.));
#485 = DIRECTION('',(-0.,1.,0.));
#486 = DIRECTION('',(0.,0.,1.));
#487 = DEFINITIONAL_REPRESENTATION('',(#488),#491);
#488 = B_SPLINE_CURVE_WITH_KNOTS('',1,(#489,#490),.UNSPECIFIED.,.F.,.F.,
  (2,2),(1.5,35.5),.PIECEWISE_BEZIER_KNOTS.);
#489 = CARTESIAN_POINT('',(0.,1.));
#490 = CARTESIAN_POINT('',(34.,1.));
#491 = ( GEOMETRIC_REPRESENTATION_CONTEXT(2) 
PARAMETRIC_REPRESENTATION_CONTEXT() REPRESENTATION_CONTEXT('2D SPACE',''
  ) );
#492 = ORIENTED_EDGE('',*,*,#493,.F.);
#493 = EDGE_CURVE('',#494,#467,#496,.T.);
#494 = VERTEX_POINT('',#495);
#495 = CARTESIAN_POINT('',(-700.,47.,557.));
#496 = SURFACE_CURVE('',#497,(#501,#508),.PCURVE_S1.);
#497 = LINE('',#498,#499);
#498 = CARTESIAN_POINT('',(-700.,11.5,557.));
#499 = VECTOR('',#500,1.);
#500 = DIRECTION('',(0.,-1.,0.));
#501 = PCURVE('',#32,#502);
#502 = DEFINITIONAL_REPRESENTATION('',(#503),#507);
#503 = LINE('',#504,#505);
#504 = CARTESIAN_POINT('',(37.,-461.5));
#505 = VECTOR('',#506,1.);
#506 = DIRECTION('',(0.,1.));
#507 = ( GEOMETRIC_REPRESENTATION_CONTEXT(2) 
PARAMETRIC_REPRESENTATION_CONTEXT() REPRESENTATION_CONTEXT('2D SPACE',''
  ) );
#508 = PCURVE('',#509,#514);
#509 = PLANE('',#510);
#510 = AXIS2_PLACEMENT_3D('',#511,#512,#513);
#511 = CARTESIAN_POINT('',(-701.,13.,557.));
#512 = DIRECTION('',(0.,0.,1.));
#513 = DIRECTION('',(1.,0.,-0.));
#514 = DEFINITIONAL_REPRESENTATION('',(#515),#518);
#515 = B_SPLINE_CURVE_WITH_KNOTS('',1,(#516,#517),.UNSPECIFIED.,.F.,.F.,
  (2,2),(-35.5,-1.5),.PIECEWISE_BEZIER_KNOTS.);
#516 = CARTESIAN_POINT('',(1.,34.));
#517 = CARTESIAN_POINT('',(1.,0.));
#518 = ( GEOMETRIC_REPRESENTATION_CONTEXT(2) 
PARAMETRIC_REPRESENTATION_CONTEXT() REPRESENTATION_CONTEXT('2D SPACE',''
  ) );
#519 = ORIENTED_EDGE('',*,*,#520,.F.);
#520 = EDGE_CURVE('',#521,#494,#523,.T.);
#521 = VERTEX_POINT('',#522);
#522 = CARTESIAN_POINT('',(-700.,47.,523.));
#523 = SURFACE_CURVE('',#524,(#528,#535),.PCURVE_S1.);
#524 = LINE('',#525,#526);
#525 = CARTESIAN_POINT('',(-700.,47.,521.5));
#526 = VECTOR('',#527,1.);
#527 = DIRECTION('',(0.,0.,1.));
#528 = PCURVE('',#32,#529);
#529 = DEFINITIONAL_REPRESENTATION('',(#530),#534);
#530 = LINE('',#531,#532);
#531 = CARTESIAN_POINT('',(1.5,-497.));
#532 = VECTOR('',#533,1.);
#533 = DIRECTION('',(1.,0.));
#534 = ( GEOMETRIC_REPRESENTATION_CONTEXT(2) 
PARAMETRIC_REPRESENTATION_CONTEXT() REPRESENTATION_CONTEXT('2D SPACE',''
  ) );
#535 = PCURVE('',#536,#541);
#536 = PLANE('',#537);
#537 = AXIS2_PLACEMENT_3D('',#538,#539,#540);
#538 = CARTESIAN_POINT('',(-701.,47.,523.));
#539 = DIRECTION('',(-0.,1.,0.));
#540 = DIRECTION('',(0.,0.,1.));
#541 = DEFINITIONAL_REPRESENTATION('',(#542),#545);
#542 = B_SPLINE_CURVE_WITH_KNOTS('',1,(#543,#544),.UNSPECIFIED.,.F.,.F.,
  (2,2),(1.5,35.5),.PIECEWISE_BEZIER_KNOTS.);
#543 = CARTESIAN_POINT('',(0.,1.));
#544 = CARTESIAN_POINT('',(34.,1.));
#545 = ( GEOMETRIC_REPRESENTATION_CONTEXT(2) 
PARAMETRIC_REPRESENTATION_CONTEXT() REPRESENTATION_CONTEXT('2D SPACE',''
  ) );
#546 = ORIENTED_EDGE('',*,*,#547,.T.);
#547 = EDGE_CURVE('',#521,#465,#548,.T.);
#548 = SURFACE_CURVE('',#549,(#553,#560),.PCURVE_S1.);
#549 = LINE('',#550,#551);
#550 = CARTESIAN_POINT('',(-700.,11.5,523.));
#551 = VECTOR('',#552,1.);
#552 = DIRECTION('',(0.,-1.,0.));
#553 = PCURVE('',#32,#554);
#554 = DEFINITIONAL_REPRESENTATION('',(#555),#559);
#555 = LINE('',#556,#557);
#556 = CARTESIAN_POINT('',(3.,-461.5));
#557 = VECTOR('',#558,1.);
#558 = DIRECTION('',(0.,1.));
#559 = ( GEOMETRIC_REPRESENTATION_CONTEXT(2) 
PARAMETRIC_REPRESENTATION_CONTEXT() REPRESENTATION_CONTEXT('2D SPACE',''
  ) );
#560 = PCURVE('',#561,#566);
#561 = PLANE('',#562);
#562 = AXIS2_PLACEMENT_3D('',#563,#564,#565);
#563 = CARTESIAN_POINT('',(-701.,13.,523.));
#564 = DIRECTION('',(0.,0.,1.));
#565 = DIRECTION('',(1.,0.,-0.));
#566 = DEFINITIONAL_REPRESENTATION('',(#567),#570);
#567 = B_SPLINE_CURVE_WITH_KNOTS('',1,(#568,#569),.UNSPECIFIED.,.F.,.F.,
  (2,2),(-35.5,-1.5),.PIECEWISE_BEZIER_KNOTS.);
#568 = CARTESIAN_POINT('',(1.,34.));
#569 = CARTESIAN_POINT('',(1.,0.));
#570 = ( GEOMETRIC_REPRESENTATION_CONTEXT(2) 
PARAMETRIC_REPRESENTATION_CONTEXT() REPRESENTATION_CONTEXT('2D SPACE',''
  ) );
#571 = FACE_BOUND('',#572,.F.);
#572 = EDGE_LOOP('',(#573,#602,#629,#656));
#573 = ORIENTED_EDGE('',*,*,#574,.T.);
#574 = EDGE_CURVE('',#575,#577,#579,.T.);
#575 = VERTEX_POINT('',#576);
#576 = CARTESIAN_POINT('',(-700.,-413.,3.));
#577 = VERTEX_POINT('',#578);
#578 = CARTESIAN_POINT('',(-700.,-447.,3.));
#579 = SURFACE_CURVE('',#580,(#584,#591),.PCURVE_S1.);
#580 = LINE('',#581,#582);
#581 = CARTESIAN_POINT('',(-700.,-448.5,3.));
#582 = VECTOR('',#583,1.);
#583 = DIRECTION('',(0.,-1.,0.));
#584 = PCURVE('',#32,#585);
#585 = DEFINITIONAL_REPRESENTATION('',(#586),#590);
#586 = LINE('',#587,#588);
#587 = CARTESIAN_POINT('',(-517.,-1.5));
#588 = VECTOR('',#589,1.);
#589 = DIRECTION('',(0.,1.));
#590 = ( GEOMETRIC_REPRESENTATION_CONTEXT(2) 
PARAMETRIC_REPRESENTATION_CONTEXT() REPRESENTATION_CONTEXT('2D SPACE',''
  ) );
#591 = PCURVE('',#592,#597);
#592 = PLANE('',#593);
#593 = AXIS2_PLACEMENT_3D('',#594,#595,#596);
#594 = CARTESIAN_POINT('',(-701.,-447.,3.));
#595 = DIRECTION('',(0.,0.,1.));
#596 = DIRECTION('',(1.,0.,-0.));
#597 = DEFINITIONAL_REPRESENTATION('',(#598),#601);
#598 = B_SPLINE_CURVE_WITH_KNOTS('',1,(#599,#600),.UNSPECIFIED.,.F.,.F.,
  (2,2),(-35.5,-1.5),.PIECEWISE_BEZIER_KNOTS.);
#599 = CARTESIAN_POINT('',(1.,34.));
#600 = CARTESIAN_POINT('',(1.,0.));
#601 = ( GEOMETRIC_REPRESENTATION_CONTEXT(2) 
PARAMETRIC_REPRESENTATION_CONTEXT() REPRESENTATION_CONTEXT('2D SPACE',''
  ) );
#602 = ORIENTED_EDGE('',*,*,#603,.T.);
#603 = EDGE_CURVE('',#577,#604,#606,.T.);
#604 = VERTEX_POINT('',#605);
#605 = CARTESIAN_POINT('',(-700.,-447.,37.));
#606 = SURFACE_CURVE('',#607,(#611,#618),.PCURVE_S1.);
#607 = LINE('',#608,#609);
#608 = CARTESIAN_POINT('',(-700.,-447.,1.5));
#609 = VECTOR('',#610,1.);
#610 = DIRECTION('',(0.,0.,1.));
#611 = PCURVE('',#32,#612);
#612 = DEFINITIONAL_REPRESENTATION('',(#613),#617);
#613 = LINE('',#614,#615);
#614 = CARTESIAN_POINT('',(-518.5,-3.));
#615 = VECTOR('',#616,1.);
#616 = DIRECTION('',(1.,0.));
#617 = ( GEOMETRIC_REPRESENTATION_CONTEXT(2) 
PARAMETRIC_REPRESENTATION_CONTEXT() REPRESENTATION_CONTEXT('2D SPACE',''
  ) );
#618 = PCURVE('',#619,#624);
#619 = PLANE('',#620);
#620 = AXIS2_PLACEMENT_3D('',#621,#622,#623);
#621 = CARTESIAN_POINT('',(-701.,-447.,3.));
#622 = DIRECTION('',(-0.,1.,0.));
#623 = DIRECTION('',(0.,0.,1.));
#624 = DEFINITIONAL_REPRESENTATION('',(#625),#628);
#625 = B_SPLINE_CURVE_WITH_KNOTS('',1,(#626,#627),.UNSPECIFIED.,.F.,.F.,
  (2,2),(1.5,35.5),.PIECEWISE_BEZIER_KNOTS.);
#626 = CARTESIAN_POINT('',(0.,1.));
#627 = CARTESIAN_POINT('',(34.,1.));
#628 = ( GEOMETRIC_REPRESENTATION_CONTEXT(2) 
PARAMETRIC_REPRESENTATION_CONTEXT() REPRESENTATION_CONTEXT('2D SPACE',''
  ) );
#629 = ORIENTED_EDGE('',*,*,#630,.F.);
#630 = EDGE_CURVE('',#631,#604,#633,.T.);
#631 = VERTEX_POINT('',#632);
#632 = CARTESIAN_POINT('',(-700.,-413.,37.));
#633 = SURFACE_CURVE('',#634,(#638,#645),.PCURVE_S1.);
#634 = LINE('',#635,#636);
#635 = CARTESIAN_POINT('',(-700.,-448.5,37.));
#636 = VECTOR('',#637,1.);
#637 = DIRECTION('',(0.,-1.,0.));
#638 = PCURVE('',#32,#639);
#639 = DEFINITIONAL_REPRESENTATION('',(#640),#644);
#640 = LINE('',#641,#642);
#641 = CARTESIAN_POINT('',(-483.,-1.5));
#642 = VECTOR('',#643,1.);
#643 = DIRECTION('',(0.,1.));
#644 = ( GEOMETRIC_REPRESENTATION_CONTEXT(2) 
PARAMETRIC_REPRESENTATION_CONTEXT() REPRESENTATION_CONTEXT('2D SPACE',''
  ) );
#645 = PCURVE('',#646,#651);
#646 = PLANE('',#647);
#647 = AXIS2_PLACEMENT_3D('',#648,#649,#650);
#648 = CARTESIAN_POINT('',(-701.,-447.,37.));
#649 = DIRECTION('',(0.,0.,1.));
#650 = DIRECTION('',(1.,0.,-0.));
#651 = DEFINITIONAL_REPRESENTATION('',(#652),#655);
#652 = B_SPLINE_CURVE_WITH_KNOTS('',1,(#653,#654),.UNSPECIFIED.,.F.,.F.,
  (2,2),(-35.5,-1.5),.PIECEWISE_BEZIER_KNOTS.);
#653 = CARTESIAN_POINT('',(1.,34.));
#654 = CARTESIAN_POINT('',(1.,0.));
#655 = ( GEOMETRIC_REPRESENTATION_CONTEXT(2) 
PARAMETRIC_REPRESENTATION_CONTEXT() REPRESENTATION_CONTEXT('2D SPACE',''
  ) );
#656 = ORIENTED_EDGE('',*,*,#657,.F.);
#657 = EDGE_CURVE('',#575,#631,#658,.T.);
#658 = SURFACE_CURVE('',#659,(#663,#670),.PCURVE_S1.);
#659 = LINE('',#660,#661);
#660 = CARTESIAN_POINT('',(-700.,-413.,1.5));
#661 = VECTOR('',#662,1.);
#662 = DIRECTION('',(0.,0.,1.));
#663 = PCURVE('',#32,#664);
#664 = DEFINITIONAL_REPRESENTATION('',(#665),#669);
#665 = LINE('',#666,#667);
#666 = CARTESIAN_POINT('',(-518.5,-37.));
#667 = VECTOR('',#668,1.);
#668 = DIRECTION('',(1.,0.));
#669 = ( GEOMETRIC_REPRESENTATION_CONTEXT(2) 
PARAMETRIC_REPRESENTATION_CONTEXT() REPRESENTATION_CONTEXT('2D SPACE',''
  ) );
#670 = PCURVE('',#671,#676);
#671 = PLANE('',#672);
#672 = AXIS2_PLACEMENT_3D('',#673,#674,#675);
#673 = CARTESIAN_POINT('',(-701.,-413.,3.));
#674 = DIRECTION('',(-0.,1.,0.));
#675 = DIRECTION('',(0.,0.,1.));
#676 = DEFINITIONAL_REPRESENTATION('',(#677),#680);
#677 = B_SPLINE_CURVE_WITH_KNOTS('',1,(#678,#679),.UNSPECIFIED.,.F.,.F.,
  (2,2),(1.5,35.5),.PIECEWISE_BEZIER_KNOTS.);
#678 = CARTESIAN_POINT('',(0.,1.));
#679 = CARTESIAN_POINT('',(34.,1.));
#680 = ( GEOMETRIC_REPRESENTATION_CONTEXT(2) 
PARAMETRIC_REPRESENTATION_CONTEXT() REPRESENTATION_CONTEXT('2D SPACE',''
  ) );
#681 = FACE_BOUND('',#682,.F.);
#682 = EDGE_LOOP('',(#683,#712,#739,#766));
#683 = ORIENTED_EDGE('',*,*,#684,.T.);
#684 = EDGE_CURVE('',#685,#687,#689,.T.);
#685 = VERTEX_POINT('',#686);
#686 = CARTESIAN_POINT('',(-700.,-413.,523.));
#687 = VERTEX_POINT('',#688);
#688 = CARTESIAN_POINT('',(-700.,-447.,523.));
#689 = SURFACE_CURVE('',#690,(#694,#701),.PCURVE_S1.);
#690 = LINE('',#691,#692);
#691 = CARTESIAN_POINT('',(-700.,-448.5,523.));
#692 = VECTOR('',#693,1.);
#693 = DIRECTION('',(0.,-1.,0.));
#694 = PCURVE('',#32,#695);
#695 = DEFINITIONAL_REPRESENTATION('',(#696),#700);
#696 = LINE('',#697,#698);
#697 = CARTESIAN_POINT('',(3.,-1.5));
#698 = VECTOR('',#699,1.);
#699 = DIRECTION('',(0.,1.));
#700 = ( GEOMETRIC_REPRESENTATION_CONTEXT(2) 
PARAMETRIC_REPRESENTATION_CONTEXT() REPRESENTATION_CONTEXT('2D SPACE',''
  ) );
#701 = PCURVE('',#702,#707);
#702 = PLANE('',#703);
#703 = AXIS2_PLACEMENT_3D('',#704,#705,#706);
#704 = CARTESIAN_POINT('',(-701.,-447.,523.));
#705 = DIRECTION('',(0.,0.,1.));
#706 = DIRECTION('',(1.,0.,-0.));
#707 = DEFINITIONAL_REPRESENTATION('',(#708),#711);
#708 = B_SPLINE_CURVE_WITH_KNOTS('',1,(#709,#710),.UNSPECIFIED.,.F.,.F.,
  (2,2),(-35.5,-1.5),.PIECEWISE_BEZIER_KNOTS.);
#709 = CARTESIAN_POINT('',(1.,34.));
#710 = CARTESIAN_POINT('',(1.,0.));
#711 = ( GEOMETRIC_REPRESENTATION_CONTEXT(2) 
PARAMETRIC_REPRESENTATION_CONTEXT() REPRESENTATION_CONTEXT('2D SPACE',''
  ) );
#712 = ORIENTED_EDGE('',*,*,#713,.T.);
#713 = EDGE_CURVE('',#687,#714,#716,.T.);
#714 = VERTEX_POINT('',#715);
#715 = CARTESIAN_POINT('',(-700.,-447.,557.));
#716 = SURFACE_CURVE('',#717,(#721,#728),.PCURVE_S1.);
#717 = LINE('',#718,#719);
#718 = CARTESIAN_POINT('',(-700.,-447.,521.5));
#719 = VECTOR('',#720,1.);
#720 = DIRECTION('',(0.,0.,1.));
#721 = PCURVE('',#32,#722);
#722 = DEFINITIONAL_REPRESENTATION('',(#723),#727);
#723 = LINE('',#724,#725);
#724 = CARTESIAN_POINT('',(1.5,-3.));
#725 = VECTOR('',#726,1.);
#726 = DIRECTION('',(1.,0.));
#727 = ( GEOMETRIC_REPRESENTATION_CONTEXT(2) 
PARAMETRIC_REPRESENTATION_CONTEXT() REPRESENTATION_CONTEXT('2D SPACE',''
  ) );
#728 = PCURVE('',#729,#734);
#729 = PLANE('',#730);
#730 = AXIS2_PLACEMENT_3D('',#731,#732,#733);
#731 = CARTESIAN_POINT('',(-701.,-447.,523.));
#732 = DIRECTION('',(-0.,1.,0.));
#733 = DIRECTION('',(0.,0.,1.));
#734 = DEFINITIONAL_REPRESENTATION('',(#735),#738);
#735 = B_SPLINE_CURVE_WITH_KNOTS('',1,(#736,#737),.UNSPECIFIED.,.F.,.F.,
  (2,2),(1.5,35.5),.PIECEWISE_BEZIER_KNOTS.);
#736 = CARTESIAN_POINT('',(0.,1.));
#737 = CARTESIAN_POINT('',(34.,1.));
#738 = ( GEOMETRIC_REPRESENTATION_CONTEXT(2) 
PARAMETRIC_REPRESENTATION_CONTEXT() REPRESENTATION_CONTEXT('2D SPACE',''
  ) );
#739 = ORIENTED_EDGE('',*,*,#740,.F.);
#740 = EDGE_CURVE('',#741,#714,#743,.T.);
#741 = VERTEX_POINT('',#742);
#742 = CARTESIAN_POINT('',(-700.,-413.,557.));
#743 = SURFACE_CURVE('',#744,(#748,#755),.PCURVE_S1.);
#744 = LINE('',#745,#746);
#745 = CARTESIAN_POINT('',(-700.,-448.5,557.));
#746 = VECTOR('',#747,1.);
#747 = DIRECTION('',(0.,-1.,0.));
#748 = PCURVE('',#32,#749);
#749 = DEFINITIONAL_REPRESENTATION('',(#750),#754);
#750 = LINE('',#751,#752);
#751 = CARTESIAN_POINT('',(37.,-1.5));
#752 = VECTOR('',#753,1.);
#753 = DIRECTION('',(0.,1.));
#754 = ( GEOMETRIC_REPRESENTATION_CONTEXT(2) 
PARAMETRIC_REPRESENTATION_CONTEXT() REPRESENTATION_CONTEXT('2D SPACE',''
  ) );
#755 = PCURVE('',#756,#761);
#756 = PLANE('',#757);
#757 = AXIS2_PLACEMENT_3D('',#758,#759,#760);
#758 = CARTESIAN_POINT('',(-701.,-447.,557.));
#759 = DIRECTION('',(0.,0.,1.));
#760 = DIRECTION('',(1.,0.,-0.));
#761 = DEFINITIONAL_REPRESENTATION('',(#762),#765);
#762 = B_SPLINE_CURVE_WITH_KNOTS('',1,(#763,#764),.UNSPECIFIED.,.F.,.F.,
  (2,2),(-35.5,-1.5),.PIECEWISE_BEZIER_KNOTS.);
#763 = CARTESIAN_POINT('',(1.,34.));
#764 = CARTESIAN_POINT('',(1.,0.));
#765 = ( GEOMETRIC_REPRESENTATION_CONTEXT(2) 
PARAMETRIC_REPRESENTATION_CONTEXT() REPRESENTATION_CONTEXT('2D SPACE',''
  ) );
#766 = ORIENTED_EDGE('',*,*,#767,.F.);
#767 = EDGE_CURVE('',#685,#741,#768,.T.);
#768 = SURFACE_CURVE('',#769,(#773,#780),.PCURVE_S1.);
#769 = LINE('',#770,#771);
#770 = CARTESIAN_POINT('',(-700.,-413.,521.5));
#771 = VECTOR('',#772,1.);
#772 = DIRECTION('',(0.,0.,1.));
#773 = PCURVE('',#32,#774);
#774 = DEFINITIONAL_REPRESENTATION('',(#775),#779);
#775 = LINE('',#776,#777);
#776 = CARTESIAN_POINT('',(1.5,-37.));
#777 = VECTOR('',#778,1.);
#778 = DIRECTION('',(1.,0.));
#779 = ( GEOMETRIC_REPRESENTATION_CONTEXT(2) 
PARAMETRIC_REPRESENTATION_CONTEXT() REPRESENTATION_CONTEXT('2D SPACE',''
  ) );
#780 = PCURVE('',#781,#786);
#781 = PLANE('',#782);
#782 = AXIS2_PLACEMENT_3D('',#783,#784,#785);
#783 = CARTESIAN_POINT('',(-701.,-413.,523.));
#784 = DIRECTION('',(-0.,1.,0.));
#785 = DIRECTION('',(0.,0.,1.));
#786 = DEFINITIONAL_REPRESENTATION('',(#787),#790);
#787 = B_SPLINE_CURVE_WITH_KNOTS('',1,(#788,#789),.UNSPECIFIED.,.F.,.F.,
  (2,2),(1.5,35.5),.PIECEWISE_BEZIER_KNOTS.);
#788 = CARTESIAN_POINT('',(0.,1.));
#789 = CARTESIAN_POINT('',(34.,1.));
#790 = ( GEOMETRIC_REPRESENTATION_CONTEXT(2) 
PARAMETRIC_REPRESENTATION_CONTEXT() REPRESENTATION_CONTEXT('2D SPACE',''
  ) );
#791 = ADVANCED_FACE('',(#792,#906),#44,.F.);
#792 = FACE_BOUND('',#793,.F.);
#793 = EDGE_LOOP('',(#794,#824,#852,#880));
#794 = ORIENTED_EDGE('',*,*,#795,.F.);
#795 = EDGE_CURVE('',#796,#798,#800,.T.);
#796 = VERTEX_POINT('',#797);
#797 = CARTESIAN_POINT('',(-660.,-450.,520.));
#798 = VERTEX_POINT('',#799);
#799 = CARTESIAN_POINT('',(-40.,-450.,520.));
#800 = SURFACE_CURVE('',#801,(#805,#812),.PCURVE_S1.);
#801 = LINE('',#802,#803);
#802 = CARTESIAN_POINT('',(-700.,-450.,520.));
#803 = VECTOR('',#804,1.);
#804 = DIRECTION('',(1.,0.,-0.));
#805 = PCURVE('',#44,#806);
#806 = DEFINITIONAL_REPRESENTATION('',(#807),#811);
#807 = LINE('',#808,#809);
#808 = CARTESIAN_POINT('',(0.,0.));
#809 = VECTOR('',#810,1.);
#810 = DIRECTION('',(0.,1.));
#811 = ( GEOMETRIC_REPRESENTATION_CONTEXT(2) 
PARAMETRIC_REPRESENTATION_CONTEXT() REPRESENTATION_CONTEXT('2D SPACE',''
  ) );
#812 = PCURVE('',#813,#818);
#813 = PLANE('',#814);
#814 = AXIS2_PLACEMENT_3D('',#815,#816,#817);
#815 = CARTESIAN_POINT('',(-700.,-450.,520.));
#816 = DIRECTION('',(0.,0.,1.));
#817 = DIRECTION('',(1.,0.,-0.));
#818 = DEFINITIONAL_REPRESENTATION('',(#819),#823);
#819 = LINE('',#820,#821);
#820 = CARTESIAN_POINT('',(0.,0.));
#821 = VECTOR('',#822,1.);
#822 = DIRECTION('',(1.,0.));
#823 = ( GEOMETRIC_REPRESENTATION_CONTEXT(2) 
PARAMETRIC_REPRESENTATION_CONTEXT() REPRESENTATION_CONTEXT('2D SPACE',''
  ) );
#824 = ORIENTED_EDGE('',*,*,#825,.F.);
#825 = EDGE_CURVE('',#826,#796,#828,.T.);
#826 = VERTEX_POINT('',#827);
#827 = CARTESIAN_POINT('',(-660.,-450.,40.));
#828 = SURFACE_CURVE('',#829,(#833,#840),.PCURVE_S1.);
#829 = LINE('',#830,#831);
#830 = CARTESIAN_POINT('',(-660.,-450.,40.));
#831 = VECTOR('',#832,1.);
#832 = DIRECTION('',(0.,0.,1.));
#833 = PCURVE('',#44,#834);
#834 = DEFINITIONAL_REPRESENTATION('',(#835),#839);
#835 = LINE('',#836,#837);
#836 = CARTESIAN_POINT('',(-480.,40.));
#837 = VECTOR('',#838,1.);
#838 = DIRECTION('',(1.,0.));
#839 = ( GEOMETRIC_REPRESENTATION_CONTEXT(2) 
PARAMETRIC_REPRESENTATION_CONTEXT() REPRESENTATION_CONTEXT('2D SPACE',''
  ) );
#840 = PCURVE('',#841,#846);
#841 = PLANE('',#842);
#842 = AXIS2_PLACEMENT_3D('',#843,#844,#845);
#843 = CARTESIAN_POINT('',(-660.,-450.,40.));
#844 = DIRECTION('',(1.,0.,-0.));
#845 = DIRECTION('',(0.,0.,1.));
#846 = DEFINITIONAL_REPRESENTATION('',(#847),#851);
#847 = LINE('',#848,#849);
#848 = CARTESIAN_POINT('',(0.,0.));
#849 = VECTOR('',#850,1.);
#850 = DIRECTION('',(1.,0.));
#851 = ( GEOMETRIC_REPRESENTATION_CONTEXT(2) 
PARAMETRIC_REPRESENTATION_CONTEXT() REPRESENTATION_CONTEXT('2D SPACE',''
  ) );
#852 = ORIENTED_EDGE('',*,*,#853,.T.);
#853 = EDGE_CURVE('',#826,#854,#856,.T.);
#854 = VERTEX_POINT('',#855);
#855 = CARTESIAN_POINT('',(-40.,-450.,40.));
#856 = SURFACE_CURVE('',#857,(#861,#868),.PCURVE_S1.);
#857 = LINE('',#858,#859);
#858 = CARTESIAN_POINT('',(-700.,-450.,40.));
#859 = VECTOR('',#860,1.);
#860 = DIRECTION('',(1.,0.,-0.));
#861 = PCURVE('',#44,#862);
#862 = DEFINITIONAL_REPRESENTATION('',(#863),#867);
#863 = LINE('',#864,#865);
#864 = CARTESIAN_POINT('',(-480.,0.));
#865 = VECTOR('',#866,1.);
#866 = DIRECTION('',(0.,1.));
#867 = ( GEOMETRIC_REPRESENTATION_CONTEXT(2) 
PARAMETRIC_REPRESENTATION_CONTEXT() REPRESENTATION_CONTEXT('2D SPACE',''
  ) );
#868 = PCURVE('',#869,#874);
#869 = PLANE('',#870);
#870 = AXIS2_PLACEMENT_3D('',#871,#872,#873);
#871 = CARTESIAN_POINT('',(-700.,-450.,40.));
#872 = DIRECTION('',(0.,0.,1.));
#873 = DIRECTION('',(1.,0.,-0.));
#874 = DEFINITIONAL_REPRESENTATION('',(#875),#879);
#875 = LINE('',#876,#877);
#876 = CARTESIAN_POINT('',(0.,0.));
#877 = VECTOR('',#878,1.);
#878 = DIRECTION('',(1.,0.));
#879 = ( GEOMETRIC_REPRESENTATION_CONTEXT(2) 
PARAMETRIC_REPRESENTATION_CONTEXT() REPRESENTATION_CONTEXT('2D SPACE',''
  ) );
#880 = ORIENTED_EDGE('',*,*,#881,.T.);
#881 = EDGE_CURVE('',#854,#798,#882,.T.);
#882 = SURFACE_CURVE('',#883,(#887,#894),.PCURVE_S1.);
#883 = LINE('',#884,#885);
#884 = CARTESIAN_POINT('',(-40.,-450.,40.));
#885 = VECTOR('',#886,1.);
#886 = DIRECTION('',(0.,0.,1.));
#887 = PCURVE('',#44,#888);
#888 = DEFINITIONAL_REPRESENTATION('',(#889),#893);
#889 = LINE('',#890,#891);
#890 = CARTESIAN_POINT('',(-480.,660.));
#891 = VECTOR('',#892,1.);
#892 = DIRECTION('',(1.,0.));
#893 = ( GEOMETRIC_REPRESENTATION_CONTEXT(2) 
PARAMETRIC_REPRESENTATION_CONTEXT() REPRESENTATION_CONTEXT('2D SPACE',''
  ) );
#894 = PCURVE('',#895,#900);
#895 = PLANE('',#896);
#896 = AXIS2_PLACEMENT_3D('',#897,#898,#899);
#897 = CARTESIAN_POINT('',(-40.,-450.,40.));
#898 = DIRECTION('',(1.,0.,-0.));
#899 = DIRECTION('',(0.,0.,1.));
#900 = DEFINITIONAL_REPRESENTATION('',(#901),#905);
#901 = LINE('',#902,#903);
#902 = CARTESIAN_POINT('',(0.,0.));
#903 = VECTOR('',#904,1.);
#904 = DIRECTION('',(1.,0.));
#905 = ( GEOMETRIC_REPRESENTATION_CONTEXT(2) 
PARAMETRIC_REPRESENTATION_CONTEXT() REPRESENTATION_CONTEXT('2D SPACE',''
  ) );
#906 = FACE_BOUND('',#907,.F.);
#907 = EDGE_LOOP('',(#908,#938,#959,#960,#983,#1011,#1039,#1067));
#908 = ORIENTED_EDGE('',*,*,#909,.F.);
#909 = EDGE_CURVE('',#910,#912,#914,.T.);
#910 = VERTEX_POINT('',#911);
#911 = CARTESIAN_POINT('',(0.,-450.,0.));
#912 = VERTEX_POINT('',#913);
#913 = CARTESIAN_POINT('',(0.,-450.,560.));
#914 = SURFACE_CURVE('',#915,(#919,#926),.PCURVE_S1.);
#915 = LINE('',#916,#917);
#916 = CARTESIAN_POINT('',(0.,-450.,0.));
#917 = VECTOR('',#918,1.);
#918 = DIRECTION('',(0.,0.,1.));
#919 = PCURVE('',#44,#920);
#920 = DEFINITIONAL_REPRESENTATION('',(#921),#925);
#921 = LINE('',#922,#923);
#922 = CARTESIAN_POINT('',(-520.,700.));
#923 = VECTOR('',#924,1.);
#924 = DIRECTION('',(1.,0.));
#925 = ( GEOMETRIC_REPRESENTATION_CONTEXT(2) 
PARAMETRIC_REPRESENTATION_CONTEXT() REPRESENTATION_CONTEXT('2D SPACE',''
  ) );
#926 = PCURVE('',#927,#932);
#927 = PLANE('',#928);
#928 = AXIS2_PLACEMENT_3D('',#929,#930,#931);
#929 = CARTESIAN_POINT('',(0.,-450.,0.));
#930 = DIRECTION('',(1.,0.,-0.));
#931 = DIRECTION('',(0.,0.,1.));
#932 = DEFINITIONAL_REPRESENTATION('',(#933),#937);
#933 = LINE('',#934,#935);
#934 = CARTESIAN_POINT('',(0.,0.));
#935 = VECTOR('',#936,1.);
#936 = DIRECTION('',(1.,0.));
#937 = ( GEOMETRIC_REPRESENTATION_CONTEXT(2) 
PARAMETRIC_REPRESENTATION_CONTEXT() REPRESENTATION_CONTEXT('2D SPACE',''
  ) );
#938 = ORIENTED_EDGE('',*,*,#939,.F.);
#939 = EDGE_CURVE('',#22,#910,#940,.T.);
#940 = SURFACE_CURVE('',#941,(#945,#952),.PCURVE_S1.);
#941 = LINE('',#942,#943);
#942 = CARTESIAN_POINT('',(-700.,-450.,0.));
#943 = VECTOR('',#944,1.);
#944 = DIRECTION('',(1.,0.,-0.));
#945 = PCURVE('',#44,#946);
#946 = DEFINITIONAL_REPRESENTATION('',(#947),#951);
#947 = LINE('',#948,#949);
#948 = CARTESIAN_POINT('',(-520.,0.));
#949 = VECTOR('',#950,1.);
#950 = DIRECTION('',(0.,1.));
#951 = ( GEOMETRIC_REPRESENTATION_CONTEXT(2) 
PARAMETRIC_REPRESENTATION_CONTEXT() REPRESENTATION_CONTEXT('2D SPACE',''
  ) );
#952 = PCURVE('',#72,#953);
#953 = DEFINITIONAL_REPRESENTATION('',(#954),#958);
#954 = LINE('',#955,#956);
#955 = CARTESIAN_POINT('',(0.,0.));
#956 = VECTOR('',#957,1.);
#957 = DIRECTION('',(1.,0.));
#958 = ( GEOMETRIC_REPRESENTATION_CONTEXT(2) 
PARAMETRIC_REPRESENTATION_CONTEXT() REPRESENTATION_CONTEXT('2D SPACE',''
  ) );
#959 = ORIENTED_EDGE('',*,*,#21,.T.);
#960 = ORIENTED_EDGE('',*,*,#961,.T.);
#961 = EDGE_CURVE('',#24,#962,#964,.T.);
#962 = VERTEX_POINT('',#963);
#963 = CARTESIAN_POINT('',(-450.,-450.,560.));
#964 = SURFACE_CURVE('',#965,(#969,#976),.PCURVE_S1.);
#965 = LINE('',#966,#967);
#966 = CARTESIAN_POINT('',(-700.,-450.,560.));
#967 = VECTOR('',#968,1.);
#968 = DIRECTION('',(1.,0.,-0.));
#969 = PCURVE('',#44,#970);
#970 = DEFINITIONAL_REPRESENTATION('',(#971),#975);
#971 = LINE('',#972,#973);
#972 = CARTESIAN_POINT('',(40.,0.));
#973 = VECTOR('',#974,1.);
#974 = DIRECTION('',(0.,1.));
#975 = ( GEOMETRIC_REPRESENTATION_CONTEXT(2) 
PARAMETRIC_REPRESENTATION_CONTEXT() REPRESENTATION_CONTEXT('2D SPACE',''
  ) );
#976 = PCURVE('',#128,#977);
#977 = DEFINITIONAL_REPRESENTATION('',(#978),#982);
#978 = LINE('',#979,#980);
#979 = CARTESIAN_POINT('',(0.,0.));
#980 = VECTOR('',#981,1.);
#981 = DIRECTION('',(1.,0.));
#982 = ( GEOMETRIC_REPRESENTATION_CONTEXT(2) 
PARAMETRIC_REPRESENTATION_CONTEXT() REPRESENTATION_CONTEXT('2D SPACE',''
  ) );
#983 = ORIENTED_EDGE('',*,*,#984,.T.);
#984 = EDGE_CURVE('',#962,#985,#987,.T.);
#985 = VERTEX_POINT('',#986);
#986 = CARTESIAN_POINT('',(-450.,-450.,570.));
#987 = SURFACE_CURVE('',#988,(#992,#999),.PCURVE_S1.);
#988 = LINE('',#989,#990);
#989 = CARTESIAN_POINT('',(-450.,-450.,560.));
#990 = VECTOR('',#991,1.);
#991 = DIRECTION('',(0.,0.,1.));
#992 = PCURVE('',#44,#993);
#993 = DEFINITIONAL_REPRESENTATION('',(#994),#998);
#994 = LINE('',#995,#996);
#995 = CARTESIAN_POINT('',(40.,250.));
#996 = VECTOR('',#997,1.);
#997 = DIRECTION('',(1.,0.));
#998 = ( GEOMETRIC_REPRESENTATION_CONTEXT(2) 
PARAMETRIC_REPRESENTATION_CONTEXT() REPRESENTATION_CONTEXT('2D SPACE',''
  ) );
#999 = PCURVE('',#1000,#1005);
#1000 = PLANE('',#1001);
#1001 = AXIS2_PLACEMENT_3D('',#1002,#1003,#1004);
#1002 = CARTESIAN_POINT('',(-450.,-450.,560.));
#1003 = DIRECTION('',(1.,0.,-0.));
#1004 = DIRECTION('',(0.,0.,1.));
#1005 = DEFINITIONAL_REPRESENTATION('',(#1006),#1010);
#1006 = LINE('',#1007,#1008);
#1007 = CARTESIAN_POINT('',(0.,0.));
#1008 = VECTOR('',#1009,1.);
#1009 = DIRECTION('',(1.,0.));
#1010 = ( GEOMETRIC_REPRESENTATION_CONTEXT(2) 
PARAMETRIC_REPRESENTATION_CONTEXT() REPRESENTATION_CONTEXT('2D SPACE',''
  ) );
#1011 = ORIENTED_EDGE('',*,*,#1012,.T.);
#1012 = EDGE_CURVE('',#985,#1013,#1015,.T.);
#1013 = VERTEX_POINT('',#1014);
#1014 = CARTESIAN_POINT('',(-150.,-450.,570.));
#1015 = SURFACE_CURVE('',#1016,(#1020,#1027),.PCURVE_S1.);
#1016 = LINE('',#1017,#1018);
#1017 = CARTESIAN_POINT('',(-450.,-450.,570.));
#1018 = VECTOR('',#1019,1.);
#1019 = DIRECTION('',(1.,0.,-0.));
#1020 = PCURVE('',#44,#1021);
#1021 = DEFINITIONAL_REPRESENTATION('',(#1022),#1026);
#1022 = LINE('',#1023,#1024);
#1023 = CARTESIAN_POINT('',(50.,250.));
#1024 = VECTOR('',#1025,1.);
#1025 = DIRECTION('',(0.,1.));
#1026 = ( GEOMETRIC_REPRESENTATION_CONTEXT(2) 
PARAMETRIC_REPRESENTATION_CONTEXT() REPRESENTATION_CONTEXT('2D SPACE',''
  ) );
#1027 = PCURVE('',#1028,#1033);
#1028 = PLANE('',#1029);
#1029 = AXIS2_PLACEMENT_3D('',#1030,#1031,#1032);
#1030 = CARTESIAN_POINT('',(-450.,-450.,570.));
#1031 = DIRECTION('',(0.,0.,1.));
#1032 = DIRECTION('',(1.,0.,-0.));
#1033 = DEFINITIONAL_REPRESENTATION('',(#1034),#1038);
#1034 = LINE('',#1035,#1036);
#1035 = CARTESIAN_POINT('',(0.,0.));
#1036 = VECTOR('',#1037,1.);
#1037 = DIRECTION('',(1.,0.));
#1038 = ( GEOMETRIC_REPRESENTATION_CONTEXT(2) 
PARAMETRIC_REPRESENTATION_CONTEXT() REPRESENTATION_CONTEXT('2D SPACE',''
  ) );
#1039 = ORIENTED_EDGE('',*,*,#1040,.F.);
#1040 = EDGE_CURVE('',#1041,#1013,#1043,.T.);
#1041 = VERTEX_POINT('',#1042);
#1042 = CARTESIAN_POINT('',(-150.,-450.,560.));
#1043 = SURFACE_CURVE('',#1044,(#1048,#1055),.PCURVE_S1.);
#1044 = LINE('',#1045,#1046);
#1045 = CARTESIAN_POINT('',(-150.,-450.,560.));
#1046 = VECTOR('',#1047,1.);
#1047 = DIRECTION('',(0.,0.,1.));
#1048 = PCURVE('',#44,#1049);
#1049 = DEFINITIONAL_REPRESENTATION('',(#1050),#1054);
#1050 = LINE('',#1051,#1052);
#1051 = CARTESIAN_POINT('',(40.,550.));
#1052 = VECTOR('',#1053,1.);
#1053 = DIRECTION('',(1.,0.));
#1054 = ( GEOMETRIC_REPRESENTATION_CONTEXT(2) 
PARAMETRIC_REPRESENTATION_CONTEXT() REPRESENTATION_CONTEXT('2D SPACE',''
  ) );
#1055 = PCURVE('',#1056,#1061);
#1056 = PLANE('',#1057);
#1057 = AXIS2_PLACEMENT_3D('',#1058,#1059,#1060);
#1058 = CARTESIAN_POINT('',(-150.,-450.,560.));
#1059 = DIRECTION('',(1.,0.,-0.));
#1060 = DIRECTION('',(0.,0.,1.));
#1061 = DEFINITIONAL_REPRESENTATION('',(#1062),#1066);
#1062 = LINE('',#1063,#1064);
#1063 = CARTESIAN_POINT('',(0.,0.));
#1064 = VECTOR('',#1065,1.);
#1065 = DIRECTION('',(1.,0.));
#1066 = ( GEOMETRIC_REPRESENTATION_CONTEXT(2) 
PARAMETRIC_REPRESENTATION_CONTEXT() REPRESENTATION_CONTEXT('2D SPACE',''
  ) );
#1067 = ORIENTED_EDGE('',*,*,#1068,.T.);
#1068 = EDGE_CURVE('',#1041,#912,#1069,.T.);
#1069 = SURFACE_CURVE('',#1070,(#1074,#1081),.PCURVE_S1.);
#1070 = LINE('',#1071,#1072);
#1071 = CARTESIAN_POINT('',(-700.,-450.,560.));
#1072 = VECTOR('',#1073,1.);
#1073 = DIRECTION('',(1.,0.,-0.));
#1074 = PCURVE('',#44,#1075);
#1075 = DEFINITIONAL_REPRESENTATION('',(#1076),#1080);
#1076 = LINE('',#1077,#1078);
#1077 = CARTESIAN_POINT('',(40.,0.));
#1078 = VECTOR('',#1079,1.);
#1079 = DIRECTION('',(0.,1.));
#1080 = ( GEOMETRIC_REPRESENTATION_CONTEXT(2) 
PARAMETRIC_REPRESENTATION_CONTEXT() REPRESENTATION_CONTEXT('2D SPACE',''
  ) );
#1081 = PCURVE('',#1082,#1087);
#1082 = PLANE('',#1083);
#1083 = AXIS2_PLACEMENT_3D('',#1084,#1085,#1086);
#1084 = CARTESIAN_POINT('',(-700.,-450.,560.));
#1085 = DIRECTION('',(0.,0.,1.));
#1086 = DIRECTION('',(1.,0.,-0.));
#1087 = DEFINITIONAL_REPRESENTATION('',(#1088),#1092);
#1088 = LINE('',#1089,#1090);
#1089 = CARTESIAN_POINT('',(0.,0.));
#1090 = VECTOR('',#1091,1.);
#1091 = DIRECTION('',(1.,0.));
#1092 = ( GEOMETRIC_REPRESENTATION_CONTEXT(2) 
PARAMETRIC_REPRESENTATION_CONTEXT() REPRESENTATION_CONTEXT('2D SPACE',''
  ) );
#1093 = ADVANCED_FACE('',(#1094),#128,.T.);
#1094 = FACE_BOUND('',#1095,.T.);
#1095 = EDGE_LOOP('',(#1096,#1097,#1098,#1121,#1149,#1177,#1205,#1228,
    #1249,#1250));
#1096 = ORIENTED_EDGE('',*,*,#331,.F.);
#1097 = ORIENTED_EDGE('',*,*,#961,.T.);
#1098 = ORIENTED_EDGE('',*,*,#1099,.T.);
#1099 = EDGE_CURVE('',#962,#1100,#1102,.T.);
#1100 = VERTEX_POINT('',#1101);
#1101 = CARTESIAN_POINT('',(-450.,-410.,560.));
#1102 = SURFACE_CURVE('',#1103,(#1107,#1114),.PCURVE_S1.);
#1103 = LINE('',#1104,#1105);
#1104 = CARTESIAN_POINT('',(-450.,-450.,560.));
#1105 = VECTOR('',#1106,1.);
#1106 = DIRECTION('',(-0.,1.,0.));
#1107 = PCURVE('',#128,#1108);
#1108 = DEFINITIONAL_REPRESENTATION('',(#1109),#1113);
#1109 = LINE('',#1110,#1111);
#1110 = CARTESIAN_POINT('',(250.,0.));
#1111 = VECTOR('',#1112,1.);
#1112 = DIRECTION('',(0.,1.));
#1113 = ( GEOMETRIC_REPRESENTATION_CONTEXT(2) 
PARAMETRIC_REPRESENTATION_CONTEXT() REPRESENTATION_CONTEXT('2D SPACE',''
  ) );
#1114 = PCURVE('',#1000,#1115);
#1115 = DEFINITIONAL_REPRESENTATION('',(#1116),#1120);
#1116 = LINE('',#1117,#1118);
#1117 = CARTESIAN_POINT('',(0.,0.));
#1118 = VECTOR('',#1119,1.);
#1119 = DIRECTION('',(0.,-1.));
#1120 = ( GEOMETRIC_REPRESENTATION_CONTEXT(2) 
PARAMETRIC_REPRESENTATION_CONTEXT() REPRESENTATION_CONTEXT('2D SPACE',''
  ) );
#1121 = ORIENTED_EDGE('',*,*,#1122,.F.);
#1122 = EDGE_CURVE('',#1123,#1100,#1125,.T.);
#1123 = VERTEX_POINT('',#1124);
#1124 = CARTESIAN_POINT('',(-660.,-410.,560.));
#1125 = SURFACE_CURVE('',#1126,(#1130,#1137),.PCURVE_S1.);
#1126 = LINE('',#1127,#1128);
#1127 = CARTESIAN_POINT('',(-700.,-410.,560.));
#1128 = VECTOR('',#1129,1.);
#1129 = DIRECTION('',(1.,0.,-0.));
#1130 = PCURVE('',#128,#1131);
#1131 = DEFINITIONAL_REPRESENTATION('',(#1132),#1136);
#1132 = LINE('',#1133,#1134);
#1133 = CARTESIAN_POINT('',(0.,40.));
#1134 = VECTOR('',#1135,1.);
#1135 = DIRECTION('',(1.,0.));
#1136 = ( GEOMETRIC_REPRESENTATION_CONTEXT(2) 
PARAMETRIC_REPRESENTATION_CONTEXT() REPRESENTATION_CONTEXT('2D SPACE',''
  ) );
#1137 = PCURVE('',#1138,#1143);
#1138 = PLANE('',#1139);
#1139 = AXIS2_PLACEMENT_3D('',#1140,#1141,#1142);
#1140 = CARTESIAN_POINT('',(-700.,-410.,520.));
#1141 = DIRECTION('',(-0.,1.,0.));
#1142 = DIRECTION('',(0.,0.,1.));
#1143 = DEFINITIONAL_REPRESENTATION('',(#1144),#1148);
#1144 = LINE('',#1145,#1146);
#1145 = CARTESIAN_POINT('',(40.,0.));
#1146 = VECTOR('',#1147,1.);
#1147 = DIRECTION('',(0.,1.));
#1148 = ( GEOMETRIC_REPRESENTATION_CONTEXT(2) 
PARAMETRIC_REPRESENTATION_CONTEXT() REPRESENTATION_CONTEXT('2D SPACE',''
  ) );
#1149 = ORIENTED_EDGE('',*,*,#1150,.T.);
#1150 = EDGE_CURVE('',#1123,#1151,#1153,.T.);
#1151 = VERTEX_POINT('',#1152);
#1152 = CARTESIAN_POINT('',(-660.,10.,560.));
#1153 = SURFACE_CURVE('',#1154,(#1158,#1165),.PCURVE_S1.);
#1154 = LINE('',#1155,#1156);
#1155 = CARTESIAN_POINT('',(-660.,-410.,560.));
#1156 = VECTOR('',#1157,1.);
#1157 = DIRECTION('',(-0.,1.,0.));
#1158 = PCURVE('',#128,#1159);
#1159 = DEFINITIONAL_REPRESENTATION('',(#1160),#1164);
#1160 = LINE('',#1161,#1162);
#1161 = CARTESIAN_POINT('',(40.,40.));
#1162 = VECTOR('',#1163,1.);
#1163 = DIRECTION('',(0.,1.));
#1164 = ( GEOMETRIC_REPRESENTATION_CONTEXT(2) 
PARAMETRIC_REPRESENTATION_CONTEXT() REPRESENTATION_CONTEXT('2D SPACE',''
  ) );
#1165 = PCURVE('',#1166,#1171);
#1166 = PLANE('',#1167);
#1167 = AXIS2_PLACEMENT_3D('',#1168,#1169,#1170);
#1168 = CARTESIAN_POINT('',(-660.,-410.,520.));
#1169 = DIRECTION('',(1.,0.,-0.));
#1170 = DIRECTION('',(0.,0.,1.));
#1171 = DEFINITIONAL_REPRESENTATION('',(#1172),#1176);
#1172 = LINE('',#1173,#1174);
#1173 = CARTESIAN_POINT('',(40.,0.));
#1174 = VECTOR('',#1175,1.);
#1175 = DIRECTION('',(0.,-1.));
#1176 = ( GEOMETRIC_REPRESENTATION_CONTEXT(2) 
PARAMETRIC_REPRESENTATION_CONTEXT() REPRESENTATION_CONTEXT('2D SPACE',''
  ) );
#1177 = ORIENTED_EDGE('',*,*,#1178,.T.);
#1178 = EDGE_CURVE('',#1151,#1179,#1181,.T.);
#1179 = VERTEX_POINT('',#1180);
#1180 = CARTESIAN_POINT('',(-450.,10.,560.));
#1181 = SURFACE_CURVE('',#1182,(#1186,#1193),.PCURVE_S1.);
#1182 = LINE('',#1183,#1184);
#1183 = CARTESIAN_POINT('',(-700.,10.,560.));
#1184 = VECTOR('',#1185,1.);
#1185 = DIRECTION('',(1.,0.,-0.));
#1186 = PCURVE('',#128,#1187);
#1187 = DEFINITIONAL_REPRESENTATION('',(#1188),#1192);
#1188 = LINE('',#1189,#1190);
#1189 = CARTESIAN_POINT('',(0.,460.));
#1190 = VECTOR('',#1191,1.);
#1191 = DIRECTION('',(1.,0.));
#1192 = ( GEOMETRIC_REPRESENTATION_CONTEXT(2) 
PARAMETRIC_REPRESENTATION_CONTEXT() REPRESENTATION_CONTEXT('2D SPACE',''
  ) );
#1193 = PCURVE('',#1194,#1199);
#1194 = PLANE('',#1195);
#1195 = AXIS2_PLACEMENT_3D('',#1196,#1197,#1198);
#1196 = CARTESIAN_POINT('',(-700.,10.,520.));
#1197 = DIRECTION('',(-0.,1.,0.));
#1198 = DIRECTION('',(0.,0.,1.));
#1199 = DEFINITIONAL_REPRESENTATION('',(#1200),#1204);
#1200 = LINE('',#1201,#1202);
#1201 = CARTESIAN_POINT('',(40.,0.));
#1202 = VECTOR('',#1203,1.);
#1203 = DIRECTION('',(0.,1.));
#1204 = ( GEOMETRIC_REPRESENTATION_CONTEXT(2) 
PARAMETRIC_REPRESENTATION_CONTEXT() REPRESENTATION_CONTEXT('2D SPACE',''
  ) );
#1205 = ORIENTED_EDGE('',*,*,#1206,.T.);
#1206 = EDGE_CURVE('',#1179,#1207,#1209,.T.);
#1207 = VERTEX_POINT('',#1208);
#1208 = CARTESIAN_POINT('',(-450.,50.,560.));
#1209 = SURFACE_CURVE('',#1210,(#1214,#1221),.PCURVE_S1.);
#1210 = LINE('',#1211,#1212);
#1211 = CARTESIAN_POINT('',(-450.,-450.,560.));
#1212 = VECTOR('',#1213,1.);
#1213 = DIRECTION('',(-0.,1.,0.));
#1214 = PCURVE('',#128,#1215);
#1215 = DEFINITIONAL_REPRESENTATION('',(#1216),#1220);
#1216 = LINE('',#1217,#1218);
#1217 = CARTESIAN_POINT('',(250.,0.));
#1218 = VECTOR('',#1219,1.);
#1219 = DIRECTION('',(0.,1.));
#1220 = ( GEOMETRIC_REPRESENTATION_CONTEXT(2) 
PARAMETRIC_REPRESENTATION_CONTEXT() REPRESENTATION_CONTEXT('2D SPACE',''
  ) );
#1221 = PCURVE('',#1000,#1222);
#1222 = DEFINITIONAL_REPRESENTATION('',(#1223),#1227);
#1223 = LINE('',#1224,#1225);
#1224 = CARTESIAN_POINT('',(0.,0.));
#1225 = VECTOR('',#1226,1.);
#1226 = DIRECTION('',(0.,-1.));
#1227 = ( GEOMETRIC_REPRESENTATION_CONTEXT(2) 
PARAMETRIC_REPRESENTATION_CONTEXT() REPRESENTATION_CONTEXT('2D SPACE',''
  ) );
#1228 = ORIENTED_EDGE('',*,*,#1229,.F.);
#1229 = EDGE_CURVE('',#85,#1207,#1230,.T.);
#1230 = SURFACE_CURVE('',#1231,(#1235,#1242),.PCURVE_S1.);
#1231 = LINE('',#1232,#1233);
#1232 = CARTESIAN_POINT('',(-700.,50.,560.));
#1233 = VECTOR('',#1234,1.);
#1234 = DIRECTION('',(1.,0.,-0.));
#1235 = PCURVE('',#128,#1236);
#1236 = DEFINITIONAL_REPRESENTATION('',(#1237),#1241);
#1237 = LINE('',#1238,#1239);
#1238 = CARTESIAN_POINT('',(0.,500.));
#1239 = VECTOR('',#1240,1.);
#1240 = DIRECTION('',(1.,0.));
#1241 = ( GEOMETRIC_REPRESENTATION_CONTEXT(2) 
PARAMETRIC_REPRESENTATION_CONTEXT() REPRESENTATION_CONTEXT('2D SPACE',''
  ) );
#1242 = PCURVE('',#100,#1243);
#1243 = DEFINITIONAL_REPRESENTATION('',(#1244),#1248);
#1244 = LINE('',#1245,#1246);
#1245 = CARTESIAN_POINT('',(560.,0.));
#1246 = VECTOR('',#1247,1.);
#1247 = DIRECTION('',(0.,1.));
#1248 = ( GEOMETRIC_REPRESENTATION_CONTEXT(2) 
PARAMETRIC_REPRESENTATION_CONTEXT() REPRESENTATION_CONTEXT('2D SPACE',''
  ) );
#1249 = ORIENTED_EDGE('',*,*,#112,.F.);
#1250 = ORIENTED_EDGE('',*,*,#1251,.F.);
#1251 = EDGE_CURVE('',#304,#113,#1252,.T.);
#1252 = SURFACE_CURVE('',#1253,(#1257,#1264),.PCURVE_S1.);
#1253 = LINE('',#1254,#1255);
#1254 = CARTESIAN_POINT('',(-700.,-450.,560.));
#1255 = VECTOR('',#1256,1.);
#1256 = DIRECTION('',(0.,1.,0.));
#1257 = PCURVE('',#128,#1258);
#1258 = DEFINITIONAL_REPRESENTATION('',(#1259),#1263);
#1259 = LINE('',#1260,#1261);
#1260 = CARTESIAN_POINT('',(0.,0.));
#1261 = VECTOR('',#1262,1.);
#1262 = DIRECTION('',(0.,1.));
#1263 = ( GEOMETRIC_REPRESENTATION_CONTEXT(2) 
PARAMETRIC_REPRESENTATION_CONTEXT() REPRESENTATION_CONTEXT('2D SPACE',''
  ) );
#1264 = PCURVE('',#1265,#1270);
#1265 = PLANE('',#1266);
#1266 = AXIS2_PLACEMENT_3D('',#1267,#1268,#1269);
#1267 = CARTESIAN_POINT('',(-700.,-205.,520.));
#1268 = DIRECTION('',(1.,0.,-0.));
#1269 = DIRECTION('',(0.,0.,1.));
#1270 = DEFINITIONAL_REPRESENTATION('',(#1271),#1275);
#1271 = LINE('',#1272,#1273);
#1272 = CARTESIAN_POINT('',(40.,245.));
#1273 = VECTOR('',#1274,1.);
#1274 = DIRECTION('',(0.,-1.));
#1275 = ( GEOMETRIC_REPRESENTATION_CONTEXT(2) 
PARAMETRIC_REPRESENTATION_CONTEXT() REPRESENTATION_CONTEXT('2D SPACE',''
  ) );
#1276 = ADVANCED_FACE('',(#1277,#1380),#319,.F.);
#1277 = FACE_BOUND('',#1278,.F.);
#1278 = EDGE_LOOP('',(#1279,#1302,#1330,#1358,#1379));
#1279 = ORIENTED_EDGE('',*,*,#1280,.F.);
#1280 = EDGE_CURVE('',#1281,#281,#1283,.T.);
#1281 = VERTEX_POINT('',#1282);
#1282 = CARTESIAN_POINT('',(-760.,-205.,520.));
#1283 = SURFACE_CURVE('',#1284,(#1288,#1295),.PCURVE_S1.);
#1284 = LINE('',#1285,#1286);
#1285 = CARTESIAN_POINT('',(-760.,-205.,520.));
#1286 = VECTOR('',#1287,1.);
#1287 = DIRECTION('',(1.,0.,-0.));
#1288 = PCURVE('',#319,#1289);
#1289 = DEFINITIONAL_REPRESENTATION('',(#1290),#1294);
#1290 = LINE('',#1291,#1292);
#1291 = CARTESIAN_POINT('',(0.,0.));
#1292 = VECTOR('',#1293,1.);
#1293 = DIRECTION('',(0.,1.));
#1294 = ( GEOMETRIC_REPRESENTATION_CONTEXT(2) 
PARAMETRIC_REPRESENTATION_CONTEXT() REPRESENTATION_CONTEXT('2D SPACE',''
  ) );
#1295 = PCURVE('',#184,#1296);
#1296 = DEFINITIONAL_REPRESENTATION('',(#1297),#1301);
#1297 = LINE('',#1298,#1299);
#1298 = CARTESIAN_POINT('',(-60.,245.));
#1299 = VECTOR('',#1300,1.);
#1300 = DIRECTION('',(1.,0.));
#1301 = ( GEOMETRIC_REPRESENTATION_CONTEXT(2) 
PARAMETRIC_REPRESENTATION_CONTEXT() REPRESENTATION_CONTEXT('2D SPACE',''
  ) );
#1302 = ORIENTED_EDGE('',*,*,#1303,.T.);
#1303 = EDGE_CURVE('',#1281,#1304,#1306,.T.);
#1304 = VERTEX_POINT('',#1305);
#1305 = CARTESIAN_POINT('',(-760.,-205.,670.));
#1306 = SURFACE_CURVE('',#1307,(#1311,#1318),.PCURVE_S1.);
#1307 = LINE('',#1308,#1309);
#1308 = CARTESIAN_POINT('',(-760.,-205.,520.));
#1309 = VECTOR('',#1310,1.);
#1310 = DIRECTION('',(0.,0.,1.));
#1311 = PCURVE('',#319,#1312);
#1312 = DEFINITIONAL_REPRESENTATION('',(#1313),#1317);
#1313 = LINE('',#1314,#1315);
#1314 = CARTESIAN_POINT('',(0.,0.));
#1315 = VECTOR('',#1316,1.);
#1316 = DIRECTION('',(1.,0.));
#1317 = ( GEOMETRIC_REPRESENTATION_CONTEXT(2) 
PARAMETRIC_REPRESENTATION_CONTEXT() REPRESENTATION_CONTEXT('2D SPACE',''
  ) );
#1318 = PCURVE('',#1319,#1324);
#1319 = PLANE('',#1320);
#1320 = AXIS2_PLACEMENT_3D('',#1321,#1322,#1323);
#1321 = CARTESIAN_POINT('',(-760.,-205.,520.));
#1322 = DIRECTION('',(1.,0.,-0.));
#1323 = DIRECTION('',(0.,0.,1.));
#1324 = DEFINITIONAL_REPRESENTATION('',(#1325),#1329);
#1325 = LINE('',#1326,#1327);
#1326 = CARTESIAN_POINT('',(0.,0.));
#1327 = VECTOR('',#1328,1.);
#1328 = DIRECTION('',(1.,0.));
#1329 = ( GEOMETRIC_REPRESENTATION_CONTEXT(2) 
PARAMETRIC_REPRESENTATION_CONTEXT() REPRESENTATION_CONTEXT('2D SPACE',''
  ) );
#1330 = ORIENTED_EDGE('',*,*,#1331,.T.);
#1331 = EDGE_CURVE('',#1304,#1332,#1334,.T.);
#1332 = VERTEX_POINT('',#1333);
#1333 = CARTESIAN_POINT('',(-700.,-205.,670.));
#1334 = SURFACE_CURVE('',#1335,(#1339,#1346),.PCURVE_S1.);
#1335 = LINE('',#1336,#1337);
#1336 = CARTESIAN_POINT('',(-760.,-205.,670.));
#1337 = VECTOR('',#1338,1.);
#1338 = DIRECTION('',(1.,0.,-0.));
#1339 = PCURVE('',#319,#1340);
#1340 = DEFINITIONAL_REPRESENTATION('',(#1341),#1345);
#1341 = LINE('',#1342,#1343);
#1342 = CARTESIAN_POINT('',(150.,0.));
#1343 = VECTOR('',#1344,1.);
#1344 = DIRECTION('',(0.,1.));
#1345 = ( GEOMETRIC_REPRESENTATION_CONTEXT(2) 
PARAMETRIC_REPRESENTATION_CONTEXT() REPRESENTATION_CONTEXT('2D SPACE',''
  ) );
#1346 = PCURVE('',#1347,#1352);
#1347 = PLANE('',#1348);
#1348 = AXIS2_PLACEMENT_3D('',#1349,#1350,#1351);
#1349 = CARTESIAN_POINT('',(-760.,-205.,670.));
#1350 = DIRECTION('',(0.,0.,1.));
#1351 = DIRECTION('',(1.,0.,-0.));
#1352 = DEFINITIONAL_REPRESENTATION('',(#1353),#1357);
#1353 = LINE('',#1354,#1355);
#1354 = CARTESIAN_POINT('',(0.,0.));
#1355 = VECTOR('',#1356,1.);
#1356 = DIRECTION('',(1.,0.));
#1357 = ( GEOMETRIC_REPRESENTATION_CONTEXT(2) 
PARAMETRIC_REPRESENTATION_CONTEXT() REPRESENTATION_CONTEXT('2D SPACE',''
  ) );
#1358 = ORIENTED_EDGE('',*,*,#1359,.F.);
#1359 = EDGE_CURVE('',#304,#1332,#1360,.T.);
#1360 = SURFACE_CURVE('',#1361,(#1365,#1372),.PCURVE_S1.);
#1361 = LINE('',#1362,#1363);
#1362 = CARTESIAN_POINT('',(-700.,-205.,520.));
#1363 = VECTOR('',#1364,1.);
#1364 = DIRECTION('',(0.,0.,1.));
#1365 = PCURVE('',#319,#1366);
#1366 = DEFINITIONAL_REPRESENTATION('',(#1367),#1371);
#1367 = LINE('',#1368,#1369);
#1368 = CARTESIAN_POINT('',(0.,60.));
#1369 = VECTOR('',#1370,1.);
#1370 = DIRECTION('',(1.,0.));
#1371 = ( GEOMETRIC_REPRESENTATION_CONTEXT(2) 
PARAMETRIC_REPRESENTATION_CONTEXT() REPRESENTATION_CONTEXT('2D SPACE',''
  ) );
#1372 = PCURVE('',#1265,#1373);
#1373 = DEFINITIONAL_REPRESENTATION('',(#1374),#1378);
#1374 = LINE('',#1375,#1376);
#1375 = CARTESIAN_POINT('',(0.,0.));
#1376 = VECTOR('',#1377,1.);
#1377 = DIRECTION('',(1.,0.));
#1378 = ( GEOMETRIC_REPRESENTATION_CONTEXT(2) 
PARAMETRIC_REPRESENTATION_CONTEXT() REPRESENTATION_CONTEXT('2D SPACE',''
  ) );
#1379 = ORIENTED_EDGE('',*,*,#303,.F.);
#1380 = FACE_BOUND('',#1381,.F.);
#1381 = EDGE_LOOP('',(#1382));
#1382 = ORIENTED_EDGE('',*,*,#1383,.T.);
#1383 = EDGE_CURVE('',#1384,#1384,#1386,.T.);
#1384 = VERTEX_POINT('',#1385);
#1385 = CARTESIAN_POINT('',(-721.,-205.,640.));
#1386 = SURFACE_CURVE('',#1387,(#1392,#1403),.PCURVE_S1.);
#1387 = CIRCLE('',#1388,11.);
#1388 = AXIS2_PLACEMENT_3D('',#1389,#1390,#1391);
#1389 = CARTESIAN_POINT('',(-732.,-205.,640.));
#1390 = DIRECTION('',(0.,-1.,2.22044604925E-16));
#1391 = DIRECTION('',(1.,0.,0.));
#1392 = PCURVE('',#319,#1393);
#1393 = DEFINITIONAL_REPRESENTATION('',(#1394),#1402);
#1394 = ( BOUNDED_CURVE() B_SPLINE_CURVE(2,(#1395,#1396,#1397,#1398,
#1399,#1400,#1401),.UNSPECIFIED.,.T.,.F.) B_SPLINE_CURVE_WITH_KNOTS((1,2
    ,2,2,2,1),(-2.094395102393,0.,2.094395102393,4.188790204786,
6.28318530718,8.377580409573),.UNSPECIFIED.) CURVE() 
GEOMETRIC_REPRESENTATION_ITEM() RATIONAL_B_SPLINE_CURVE((1.,0.5,1.,0.5,
1.,0.5,1.)) REPRESENTATION_ITEM('') );
#1395 = CARTESIAN_POINT('',(120.,39.));
#1396 = CARTESIAN_POINT('',(139.05255888325,39.));
#1397 = CARTESIAN_POINT('',(129.52627944162,22.5));
#1398 = CARTESIAN_POINT('',(120.,6.));
#1399 = CARTESIAN_POINT('',(110.47372055837,22.5));
#1400 = CARTESIAN_POINT('',(100.94744111674,39.));
#1401 = CARTESIAN_POINT('',(120.,39.));
#1402 = ( GEOMETRIC_REPRESENTATION_CONTEXT(2) 
PARAMETRIC_REPRESENTATION_CONTEXT() REPRESENTATION_CONTEXT('2D SPACE',''
  ) );
#1403 = PCURVE('',#1404,#1409);
#1404 = CYLINDRICAL_SURFACE('',#1405,11.);
#1405 = AXIS2_PLACEMENT_3D('',#1406,#1407,#1408);
#1406 = CARTESIAN_POINT('',(-732.,-194.,640.));
#1407 = DIRECTION('',(0.,-1.,2.22044604925E-16));
#1408 = DIRECTION('',(1.,0.,0.));
#1409 = DEFINITIONAL_REPRESENTATION('',(#1410),#1414);
#1410 = LINE('',#1411,#1412);
#1411 = CARTESIAN_POINT('',(0.,11.));
#1412 = VECTOR('',#1413,1.);
#1413 = DIRECTION('',(1.,0.));
#1414 = ( GEOMETRIC_REPRESENTATION_CONTEXT(2) 
PARAMETRIC_REPRESENTATION_CONTEXT() REPRESENTATION_CONTEXT('2D SPACE',''
  ) );
#1415 = ADVANCED_FACE('',(#1416),#184,.F.);
#1416 = FACE_BOUND('',#1417,.F.);
#1417 = EDGE_LOOP('',(#1418,#1441,#1464,#1485,#1486,#1509,#1530,#1531));
#1418 = ORIENTED_EDGE('',*,*,#1419,.T.);
#1419 = EDGE_CURVE('',#253,#1420,#1422,.T.);
#1420 = VERTEX_POINT('',#1421);
#1421 = CARTESIAN_POINT('',(-660.,-410.,520.));
#1422 = SURFACE_CURVE('',#1423,(#1427,#1434),.PCURVE_S1.);
#1423 = LINE('',#1424,#1425);
#1424 = CARTESIAN_POINT('',(-700.,-410.,520.));
#1425 = VECTOR('',#1426,1.);
#1426 = DIRECTION('',(1.,0.,-0.));
#1427 = PCURVE('',#184,#1428);
#1428 = DEFINITIONAL_REPRESENTATION('',(#1429),#1433);
#1429 = LINE('',#1430,#1431);
#1430 = CARTESIAN_POINT('',(0.,40.));
#1431 = VECTOR('',#1432,1.);
#1432 = DIRECTION('',(1.,0.));
#1433 = ( GEOMETRIC_REPRESENTATION_CONTEXT(2) 
PARAMETRIC_REPRESENTATION_CONTEXT() REPRESENTATION_CONTEXT('2D SPACE',''
  ) );
#1434 = PCURVE('',#268,#1435);
#1435 = DEFINITIONAL_REPRESENTATION('',(#1436),#1440);
#1436 = LINE('',#1437,#1438);
#1437 = CARTESIAN_POINT('',(480.,0.));
#1438 = VECTOR('',#1439,1.);
#1439 = DIRECTION('',(0.,1.));
#1440 = ( GEOMETRIC_REPRESENTATION_CONTEXT(2) 
PARAMETRIC_REPRESENTATION_CONTEXT() REPRESENTATION_CONTEXT('2D SPACE',''
  ) );
#1441 = ORIENTED_EDGE('',*,*,#1442,.T.);
#1442 = EDGE_CURVE('',#1420,#1443,#1445,.T.);
#1443 = VERTEX_POINT('',#1444);
#1444 = CARTESIAN_POINT('',(-660.,10.,520.));
#1445 = SURFACE_CURVE('',#1446,(#1450,#1457),.PCURVE_S1.);
#1446 = LINE('',#1447,#1448);
#1447 = CARTESIAN_POINT('',(-660.,-410.,520.));
#1448 = VECTOR('',#1449,1.);
#1449 = DIRECTION('',(-0.,1.,0.));
#1450 = PCURVE('',#184,#1451);
#1451 = DEFINITIONAL_REPRESENTATION('',(#1452),#1456);
#1452 = LINE('',#1453,#1454);
#1453 = CARTESIAN_POINT('',(40.,40.));
#1454 = VECTOR('',#1455,1.);
#1455 = DIRECTION('',(0.,1.));
#1456 = ( GEOMETRIC_REPRESENTATION_CONTEXT(2) 
PARAMETRIC_REPRESENTATION_CONTEXT() REPRESENTATION_CONTEXT('2D SPACE',''
  ) );
#1457 = PCURVE('',#1166,#1458);
#1458 = DEFINITIONAL_REPRESENTATION('',(#1459),#1463);
#1459 = LINE('',#1460,#1461);
#1460 = CARTESIAN_POINT('',(0.,0.));
#1461 = VECTOR('',#1462,1.);
#1462 = DIRECTION('',(0.,-1.));
#1463 = ( GEOMETRIC_REPRESENTATION_CONTEXT(2) 
PARAMETRIC_REPRESENTATION_CONTEXT() REPRESENTATION_CONTEXT('2D SPACE',''
  ) );
#1464 = ORIENTED_EDGE('',*,*,#1465,.F.);
#1465 = EDGE_CURVE('',#169,#1443,#1466,.T.);
#1466 = SURFACE_CURVE('',#1467,(#1471,#1478),.PCURVE_S1.);
#1467 = LINE('',#1468,#1469);
#1468 = CARTESIAN_POINT('',(-700.,10.,520.));
#1469 = VECTOR('',#1470,1.);
#1470 = DIRECTION('',(1.,0.,-0.));
#1471 = PCURVE('',#184,#1472);
#1472 = DEFINITIONAL_REPRESENTATION('',(#1473),#1477);
#1473 = LINE('',#1474,#1475);
#1474 = CARTESIAN_POINT('',(0.,460.));
#1475 = VECTOR('',#1476,1.);
#1476 = DIRECTION('',(1.,0.));
#1477 = ( GEOMETRIC_REPRESENTATION_CONTEXT(2) 
PARAMETRIC_REPRESENTATION_CONTEXT() REPRESENTATION_CONTEXT('2D SPACE',''
  ) );
#1478 = PCURVE('',#212,#1479);
#1479 = DEFINITIONAL_REPRESENTATION('',(#1480),#1484);
#1480 = LINE('',#1481,#1482);
#1481 = CARTESIAN_POINT('',(480.,0.));
#1482 = VECTOR('',#1483,1.);
#1483 = DIRECTION('',(0.,1.));
#1484 = ( GEOMETRIC_REPRESENTATION_CONTEXT(2) 
PARAMETRIC_REPRESENTATION_CONTEXT() REPRESENTATION_CONTEXT('2D SPACE',''
  ) );
#1485 = ORIENTED_EDGE('',*,*,#168,.T.);
#1486 = ORIENTED_EDGE('',*,*,#1487,.F.);
#1487 = EDGE_CURVE('',#1488,#141,#1490,.T.);
#1488 = VERTEX_POINT('',#1489);
#1489 = CARTESIAN_POINT('',(-760.,-195.,520.));
#1490 = SURFACE_CURVE('',#1491,(#1495,#1502),.PCURVE_S1.);
#1491 = LINE('',#1492,#1493);
#1492 = CARTESIAN_POINT('',(-760.,-195.,520.));
#1493 = VECTOR('',#1494,1.);
#1494 = DIRECTION('',(1.,0.,-0.));
#1495 = PCURVE('',#184,#1496);
#1496 = DEFINITIONAL_REPRESENTATION('',(#1497),#1501);
#1497 = LINE('',#1498,#1499);
#1498 = CARTESIAN_POINT('',(-60.,255.));
#1499 = VECTOR('',#1500,1.);
#1500 = DIRECTION('',(1.,0.));
#1501 = ( GEOMETRIC_REPRESENTATION_CONTEXT(2) 
PARAMETRIC_REPRESENTATION_CONTEXT() REPRESENTATION_CONTEXT('2D SPACE',''
  ) );
#1502 = PCURVE('',#156,#1503);
#1503 = DEFINITIONAL_REPRESENTATION('',(#1504),#1508);
#1504 = LINE('',#1505,#1506);
#1505 = CARTESIAN_POINT('',(0.,0.));
#1506 = VECTOR('',#1507,1.);
#1507 = DIRECTION('',(0.,1.));
#1508 = ( GEOMETRIC_REPRESENTATION_CONTEXT(2) 
PARAMETRIC_REPRESENTATION_CONTEXT() REPRESENTATION_CONTEXT('2D SPACE',''
  ) );
#1509 = ORIENTED_EDGE('',*,*,#1510,.F.);
#1510 = EDGE_CURVE('',#1281,#1488,#1511,.T.);
#1511 = SURFACE_CURVE('',#1512,(#1516,#1523),.PCURVE_S1.);
#1512 = LINE('',#1513,#1514);
#1513 = CARTESIAN_POINT('',(-760.,-205.,520.));
#1514 = VECTOR('',#1515,1.);
#1515 = DIRECTION('',(-0.,1.,0.));
#1516 = PCURVE('',#184,#1517);
#1517 = DEFINITIONAL_REPRESENTATION('',(#1518),#1522);
#1518 = LINE('',#1519,#1520);
#1519 = CARTESIAN_POINT('',(-60.,245.));
#1520 = VECTOR('',#1521,1.);
#1521 = DIRECTION('',(0.,1.));
#1522 = ( GEOMETRIC_REPRESENTATION_CONTEXT(2) 
PARAMETRIC_REPRESENTATION_CONTEXT() REPRESENTATION_CONTEXT('2D SPACE',''
  ) );
#1523 = PCURVE('',#1319,#1524);
#1524 = DEFINITIONAL_REPRESENTATION('',(#1525),#1529);
#1525 = LINE('',#1526,#1527);
#1526 = CARTESIAN_POINT('',(0.,0.));
#1527 = VECTOR('',#1528,1.);
#1528 = DIRECTION('',(0.,-1.));
#1529 = ( GEOMETRIC_REPRESENTATION_CONTEXT(2) 
PARAMETRIC_REPRESENTATION_CONTEXT() REPRESENTATION_CONTEXT('2D SPACE',''
  ) );
#1530 = ORIENTED_EDGE('',*,*,#1280,.T.);
#1531 = ORIENTED_EDGE('',*,*,#280,.T.);
#1532 = ADVANCED_FACE('',(#1533),#268,.T.);
#1533 = FACE_BOUND('',#1534,.T.);
#1534 = EDGE_LOOP('',(#1535,#1558,#1559,#1560));
#1535 = ORIENTED_EDGE('',*,*,#1536,.F.);
#1536 = EDGE_CURVE('',#225,#1537,#1539,.T.);
#1537 = VERTEX_POINT('',#1538);
#1538 = CARTESIAN_POINT('',(-660.,-410.,40.));
#1539 = SURFACE_CURVE('',#1540,(#1544,#1551),.PCURVE_S1.);
#1540 = LINE('',#1541,#1542);
#1541 = CARTESIAN_POINT('',(-700.,-410.,40.));
#1542 = VECTOR('',#1543,1.);
#1543 = DIRECTION('',(1.,0.,-0.));
#1544 = PCURVE('',#268,#1545);
#1545 = DEFINITIONAL_REPRESENTATION('',(#1546),#1550);
#1546 = LINE('',#1547,#1548);
#1547 = CARTESIAN_POINT('',(0.,0.));
#1548 = VECTOR('',#1549,1.);
#1549 = DIRECTION('',(0.,1.));
#1550 = ( GEOMETRIC_REPRESENTATION_CONTEXT(2) 
PARAMETRIC_REPRESENTATION_CONTEXT() REPRESENTATION_CONTEXT('2D SPACE',''
  ) );
#1551 = PCURVE('',#240,#1552);
#1552 = DEFINITIONAL_REPRESENTATION('',(#1553),#1557);
#1553 = LINE('',#1554,#1555);
#1554 = CARTESIAN_POINT('',(0.,40.));
#1555 = VECTOR('',#1556,1.);
#1556 = DIRECTION('',(1.,0.));
#1557 = ( GEOMETRIC_REPRESENTATION_CONTEXT(2) 
PARAMETRIC_REPRESENTATION_CONTEXT() REPRESENTATION_CONTEXT('2D SPACE',''
  ) );
#1558 = ORIENTED_EDGE('',*,*,#252,.T.);
#1559 = ORIENTED_EDGE('',*,*,#1419,.T.);
#1560 = ORIENTED_EDGE('',*,*,#1561,.F.);
#1561 = EDGE_CURVE('',#1537,#1420,#1562,.T.);
#1562 = SURFACE_CURVE('',#1563,(#1567,#1574),.PCURVE_S1.);
#1563 = LINE('',#1564,#1565);
#1564 = CARTESIAN_POINT('',(-660.,-410.,40.));
#1565 = VECTOR('',#1566,1.);
#1566 = DIRECTION('',(0.,0.,1.));
#1567 = PCURVE('',#268,#1568);
#1568 = DEFINITIONAL_REPRESENTATION('',(#1569),#1573);
#1569 = LINE('',#1570,#1571);
#1570 = CARTESIAN_POINT('',(0.,40.));
#1571 = VECTOR('',#1572,1.);
#1572 = DIRECTION('',(1.,0.));
#1573 = ( GEOMETRIC_REPRESENTATION_CONTEXT(2) 
PARAMETRIC_REPRESENTATION_CONTEXT() REPRESENTATION_CONTEXT('2D SPACE',''
  ) );
#1574 = PCURVE('',#841,#1575);
#1575 = DEFINITIONAL_REPRESENTATION('',(#1576),#1580);
#1576 = LINE('',#1577,#1578);
#1577 = CARTESIAN_POINT('',(0.,-40.));
#1578 = VECTOR('',#1579,1.);
#1579 = DIRECTION('',(1.,0.));
#1580 = ( GEOMETRIC_REPRESENTATION_CONTEXT(2) 
PARAMETRIC_REPRESENTATION_CONTEXT() REPRESENTATION_CONTEXT('2D SPACE',''
  ) );
#1581 = ADVANCED_FACE('',(#1582),#240,.T.);
#1582 = FACE_BOUND('',#1583,.T.);
#1583 = EDGE_LOOP('',(#1584,#1585,#1586,#1614));
#1584 = ORIENTED_EDGE('',*,*,#224,.F.);
#1585 = ORIENTED_EDGE('',*,*,#1536,.T.);
#1586 = ORIENTED_EDGE('',*,*,#1587,.T.);
#1587 = EDGE_CURVE('',#1537,#1588,#1590,.T.);
#1588 = VERTEX_POINT('',#1589);
#1589 = CARTESIAN_POINT('',(-660.,10.,40.));
#1590 = SURFACE_CURVE('',#1591,(#1595,#1602),.PCURVE_S1.);
#1591 = LINE('',#1592,#1593);
#1592 = CARTESIAN_POINT('',(-660.,-410.,40.));
#1593 = VECTOR('',#1594,1.);
#1594 = DIRECTION('',(-0.,1.,0.));
#1595 = PCURVE('',#240,#1596);
#1596 = DEFINITIONAL_REPRESENTATION('',(#1597),#1601);
#1597 = LINE('',#1598,#1599);
#1598 = CARTESIAN_POINT('',(40.,40.));
#1599 = VECTOR('',#1600,1.);
#1600 = DIRECTION('',(0.,1.));
#1601 = ( GEOMETRIC_REPRESENTATION_CONTEXT(2) 
PARAMETRIC_REPRESENTATION_CONTEXT() REPRESENTATION_CONTEXT('2D SPACE',''
  ) );
#1602 = PCURVE('',#1603,#1608);
#1603 = PLANE('',#1604);
#1604 = AXIS2_PLACEMENT_3D('',#1605,#1606,#1607);
#1605 = CARTESIAN_POINT('',(-660.,-410.,0.));
#1606 = DIRECTION('',(1.,0.,-0.));
#1607 = DIRECTION('',(0.,0.,1.));
#1608 = DEFINITIONAL_REPRESENTATION('',(#1609),#1613);
#1609 = LINE('',#1610,#1611);
#1610 = CARTESIAN_POINT('',(40.,0.));
#1611 = VECTOR('',#1612,1.);
#1612 = DIRECTION('',(0.,-1.));
#1613 = ( GEOMETRIC_REPRESENTATION_CONTEXT(2) 
PARAMETRIC_REPRESENTATION_CONTEXT() REPRESENTATION_CONTEXT('2D SPACE',''
  ) );
#1614 = ORIENTED_EDGE('',*,*,#1615,.F.);
#1615 = EDGE_CURVE('',#197,#1588,#1616,.T.);
#1616 = SURFACE_CURVE('',#1617,(#1621,#1628),.PCURVE_S1.);
#1617 = LINE('',#1618,#1619);
#1618 = CARTESIAN_POINT('',(-700.,10.,40.));
#1619 = VECTOR('',#1620,1.);
#1620 = DIRECTION('',(1.,0.,-0.));
#1621 = PCURVE('',#240,#1622);
#1622 = DEFINITIONAL_REPRESENTATION('',(#1623),#1627);
#1623 = LINE('',#1624,#1625);
#1624 = CARTESIAN_POINT('',(0.,460.));
#1625 = VECTOR('',#1626,1.);
#1626 = DIRECTION('',(1.,0.));
#1627 = ( GEOMETRIC_REPRESENTATION_CONTEXT(2) 
PARAMETRIC_REPRESENTATION_CONTEXT() REPRESENTATION_CONTEXT('2D SPACE',''
  ) );
#1628 = PCURVE('',#212,#1629);
#1629 = DEFINITIONAL_REPRESENTATION('',(#1630),#1634);
#1630 = LINE('',#1631,#1632);
#1631 = CARTESIAN_POINT('',(0.,0.));
#1632 = VECTOR('',#1633,1.);
#1633 = DIRECTION('',(0.,1.));
#1634 = ( GEOMETRIC_REPRESENTATION_CONTEXT(2) 
PARAMETRIC_REPRESENTATION_CONTEXT() REPRESENTATION_CONTEXT('2D SPACE',''
  ) );
#1635 = ADVANCED_FACE('',(#1636),#212,.F.);
#1636 = FACE_BOUND('',#1637,.F.);
#1637 = EDGE_LOOP('',(#1638,#1639,#1640,#1641));
#1638 = ORIENTED_EDGE('',*,*,#1615,.F.);
#1639 = ORIENTED_EDGE('',*,*,#196,.T.);
#1640 = ORIENTED_EDGE('',*,*,#1465,.T.);
#1641 = ORIENTED_EDGE('',*,*,#1642,.F.);
#1642 = EDGE_CURVE('',#1588,#1443,#1643,.T.);
#1643 = SURFACE_CURVE('',#1644,(#1648,#1655),.PCURVE_S1.);
#1644 = LINE('',#1645,#1646);
#1645 = CARTESIAN_POINT('',(-660.,10.,40.));
#1646 = VECTOR('',#1647,1.);
#1647 = DIRECTION('',(0.,0.,1.));
#1648 = PCURVE('',#212,#1649);
#1649 = DEFINITIONAL_REPRESENTATION('',(#1650),#1654);
#1650 = LINE('',#1651,#1652);
#1651 = CARTESIAN_POINT('',(0.,40.));
#1652 = VECTOR('',#1653,1.);
#1653 = DIRECTION('',(1.,0.));
#1654 = ( GEOMETRIC_REPRESENTATION_CONTEXT(2) 
PARAMETRIC_REPRESENTATION_CONTEXT() REPRESENTATION_CONTEXT('2D SPACE',''
  ) );
#1655 = PCURVE('',#1656,#1661);
#1656 = PLANE('',#1657);
#1657 = AXIS2_PLACEMENT_3D('',#1658,#1659,#1660);
#1658 = CARTESIAN_POINT('',(-660.,10.,40.));
#1659 = DIRECTION('',(1.,0.,-0.));
#1660 = DIRECTION('',(0.,0.,1.));
#1661 = DEFINITIONAL_REPRESENTATION('',(#1662),#1666);
#1662 = LINE('',#1663,#1664);
#1663 = CARTESIAN_POINT('',(0.,0.));
#1664 = VECTOR('',#1665,1.);
#1665 = DIRECTION('',(1.,0.));
#1666 = ( GEOMETRIC_REPRESENTATION_CONTEXT(2) 
PARAMETRIC_REPRESENTATION_CONTEXT() REPRESENTATION_CONTEXT('2D SPACE',''
  ) );
#1667 = ADVANCED_FACE('',(#1668,#1739),#156,.T.);
#1668 = FACE_BOUND('',#1669,.T.);
#1669 = EDGE_LOOP('',(#1670,#1671,#1694,#1717,#1738));
#1670 = ORIENTED_EDGE('',*,*,#1487,.F.);
#1671 = ORIENTED_EDGE('',*,*,#1672,.T.);
#1672 = EDGE_CURVE('',#1488,#1673,#1675,.T.);
#1673 = VERTEX_POINT('',#1674);
#1674 = CARTESIAN_POINT('',(-760.,-195.,670.));
#1675 = SURFACE_CURVE('',#1676,(#1680,#1687),.PCURVE_S1.);
#1676 = LINE('',#1677,#1678);
#1677 = CARTESIAN_POINT('',(-760.,-195.,520.));
#1678 = VECTOR('',#1679,1.);
#1679 = DIRECTION('',(0.,0.,1.));
#1680 = PCURVE('',#156,#1681);
#1681 = DEFINITIONAL_REPRESENTATION('',(#1682),#1686);
#1682 = LINE('',#1683,#1684);
#1683 = CARTESIAN_POINT('',(0.,0.));
#1684 = VECTOR('',#1685,1.);
#1685 = DIRECTION('',(1.,0.));
#1686 = ( GEOMETRIC_REPRESENTATION_CONTEXT(2) 
PARAMETRIC_REPRESENTATION_CONTEXT() REPRESENTATION_CONTEXT('2D SPACE',''
  ) );
#1687 = PCURVE('',#1319,#1688);
#1688 = DEFINITIONAL_REPRESENTATION('',(#1689),#1693);
#1689 = LINE('',#1690,#1691);
#1690 = CARTESIAN_POINT('',(0.,-10.));
#1691 = VECTOR('',#1692,1.);
#1692 = DIRECTION('',(1.,0.));
#1693 = ( GEOMETRIC_REPRESENTATION_CONTEXT(2) 
PARAMETRIC_REPRESENTATION_CONTEXT() REPRESENTATION_CONTEXT('2D SPACE',''
  ) );
#1694 = ORIENTED_EDGE('',*,*,#1695,.T.);
#1695 = EDGE_CURVE('',#1673,#1696,#1698,.T.);
#1696 = VERTEX_POINT('',#1697);
#1697 = CARTESIAN_POINT('',(-700.,-195.,670.));
#1698 = SURFACE_CURVE('',#1699,(#1703,#1710),.PCURVE_S1.);
#1699 = LINE('',#1700,#1701);
#1700 = CARTESIAN_POINT('',(-760.,-195.,670.));
#1701 = VECTOR('',#1702,1.);
#1702 = DIRECTION('',(1.,0.,-0.));
#1703 = PCURVE('',#156,#1704);
#1704 = DEFINITIONAL_REPRESENTATION('',(#1705),#1709);
#1705 = LINE('',#1706,#1707);
#1706 = CARTESIAN_POINT('',(150.,0.));
#1707 = VECTOR('',#1708,1.);
#1708 = DIRECTION('',(0.,1.));
#1709 = ( GEOMETRIC_REPRESENTATION_CONTEXT(2) 
PARAMETRIC_REPRESENTATION_CONTEXT() REPRESENTATION_CONTEXT('2D SPACE',''
  ) );
#1710 = PCURVE('',#1347,#1711);
#1711 = DEFINITIONAL_REPRESENTATION('',(#1712),#1716);
#1712 = LINE('',#1713,#1714);
#1713 = CARTESIAN_POINT('',(0.,10.));
#1714 = VECTOR('',#1715,1.);
#1715 = DIRECTION('',(1.,0.));
#1716 = ( GEOMETRIC_REPRESENTATION_CONTEXT(2) 
PARAMETRIC_REPRESENTATION_CONTEXT() REPRESENTATION_CONTEXT('2D SPACE',''
  ) );
#1717 = ORIENTED_EDGE('',*,*,#1718,.F.);
#1718 = EDGE_CURVE('',#113,#1696,#1719,.T.);
#1719 = SURFACE_CURVE('',#1720,(#1724,#1731),.PCURVE_S1.);
#1720 = LINE('',#1721,#1722);
#1721 = CARTESIAN_POINT('',(-700.,-195.,520.));
#1722 = VECTOR('',#1723,1.);
#1723 = DIRECTION('',(0.,0.,1.));
#1724 = PCURVE('',#156,#1725);
#1725 = DEFINITIONAL_REPRESENTATION('',(#1726),#1730);
#1726 = LINE('',#1727,#1728);
#1727 = CARTESIAN_POINT('',(0.,60.));
#1728 = VECTOR('',#1729,1.);
#1729 = DIRECTION('',(1.,0.));
#1730 = ( GEOMETRIC_REPRESENTATION_CONTEXT(2) 
PARAMETRIC_REPRESENTATION_CONTEXT() REPRESENTATION_CONTEXT('2D SPACE',''
  ) );
#1731 = PCURVE('',#1265,#1732);
#1732 = DEFINITIONAL_REPRESENTATION('',(#1733),#1737);
#1733 = LINE('',#1734,#1735);
#1734 = CARTESIAN_POINT('',(0.,-10.));
#1735 = VECTOR('',#1736,1.);
#1736 = DIRECTION('',(1.,0.));
#1737 = ( GEOMETRIC_REPRESENTATION_CONTEXT(2) 
PARAMETRIC_REPRESENTATION_CONTEXT() REPRESENTATION_CONTEXT('2D SPACE',''
  ) );
#1738 = ORIENTED_EDGE('',*,*,#140,.F.);
#1739 = FACE_BOUND('',#1740,.T.);
#1740 = EDGE_LOOP('',(#1741));
#1741 = ORIENTED_EDGE('',*,*,#1742,.T.);
#1742 = EDGE_CURVE('',#1743,#1743,#1745,.T.);
#1743 = VERTEX_POINT('',#1744);
#1744 = CARTESIAN_POINT('',(-721.,-195.,640.));
#1745 = SURFACE_CURVE('',#1746,(#1751,#1762),.PCURVE_S1.);
#1746 = CIRCLE('',#1747,11.);
#1747 = AXIS2_PLACEMENT_3D('',#1748,#1749,#1750);
#1748 = CARTESIAN_POINT('',(-732.,-195.,640.));
#1749 = DIRECTION('',(0.,-1.,2.22044604925E-16));
#1750 = DIRECTION('',(1.,0.,0.));
#1751 = PCURVE('',#156,#1752);
#1752 = DEFINITIONAL_REPRESENTATION('',(#1753),#1761);
#1753 = ( BOUNDED_CURVE() B_SPLINE_CURVE(2,(#1754,#1755,#1756,#1757,
#1758,#1759,#1760),.UNSPECIFIED.,.T.,.F.) B_SPLINE_CURVE_WITH_KNOTS((1,2
    ,2,2,2,1),(-2.094395102393,0.,2.094395102393,4.188790204786,
6.28318530718,8.377580409573),.UNSPECIFIED.) CURVE() 
GEOMETRIC_REPRESENTATION_ITEM() RATIONAL_B_SPLINE_CURVE((1.,0.5,1.,0.5,
1.,0.5,1.)) REPRESENTATION_ITEM('') );
#1754 = CARTESIAN_POINT('',(120.,39.));
#1755 = CARTESIAN_POINT('',(139.05255888325,39.));
#1756 = CARTESIAN_POINT('',(129.52627944162,22.5));
#1757 = CARTESIAN_POINT('',(120.,6.));
#1758 = CARTESIAN_POINT('',(110.47372055837,22.5));
#1759 = CARTESIAN_POINT('',(100.94744111674,39.));
#1760 = CARTESIAN_POINT('',(120.,39.));
#1761 = ( GEOMETRIC_REPRESENTATION_CONTEXT(2) 
PARAMETRIC_REPRESENTATION_CONTEXT() REPRESENTATION_CONTEXT('2D SPACE',''
  ) );
#1762 = PCURVE('',#1404,#1763);
#1763 = DEFINITIONAL_REPRESENTATION('',(#1764),#1768);
#1764 = LINE('',#1765,#1766);
#1765 = CARTESIAN_POINT('',(0.,1.));
#1766 = VECTOR('',#1767,1.);
#1767 = DIRECTION('',(1.,0.));
#1768 = ( GEOMETRIC_REPRESENTATION_CONTEXT(2) 
PARAMETRIC_REPRESENTATION_CONTEXT() REPRESENTATION_CONTEXT('2D SPACE',''
  ) );
#1769 = ADVANCED_FACE('',(#1770,#1910),#100,.T.);
#1770 = FACE_BOUND('',#1771,.T.);
#1771 = EDGE_LOOP('',(#1772,#1795,#1796,#1797,#1820,#1843,#1866,#1889));
#1772 = ORIENTED_EDGE('',*,*,#1773,.F.);
#1773 = EDGE_CURVE('',#57,#1774,#1776,.T.);
#1774 = VERTEX_POINT('',#1775);
#1775 = CARTESIAN_POINT('',(0.,50.,0.));
#1776 = SURFACE_CURVE('',#1777,(#1781,#1788),.PCURVE_S1.);
#1777 = LINE('',#1778,#1779);
#1778 = CARTESIAN_POINT('',(-700.,50.,0.));
#1779 = VECTOR('',#1780,1.);
#1780 = DIRECTION('',(1.,0.,-0.));
#1781 = PCURVE('',#100,#1782);
#1782 = DEFINITIONAL_REPRESENTATION('',(#1783),#1787);
#1783 = LINE('',#1784,#1785);
#1784 = CARTESIAN_POINT('',(0.,0.));
#1785 = VECTOR('',#1786,1.);
#1786 = DIRECTION('',(0.,1.));
#1787 = ( GEOMETRIC_REPRESENTATION_CONTEXT(2) 
PARAMETRIC_REPRESENTATION_CONTEXT() REPRESENTATION_CONTEXT('2D SPACE',''
  ) );
#1788 = PCURVE('',#72,#1789);
#1789 = DEFINITIONAL_REPRESENTATION('',(#1790),#1794);
#1790 = LINE('',#1791,#1792);
#1791 = CARTESIAN_POINT('',(0.,500.));
#1792 = VECTOR('',#1793,1.);
#1793 = DIRECTION('',(1.,0.));
#1794 = ( GEOMETRIC_REPRESENTATION_CONTEXT(2) 
PARAMETRIC_REPRESENTATION_CONTEXT() REPRESENTATION_CONTEXT('2D SPACE',''
  ) );
#1795 = ORIENTED_EDGE('',*,*,#84,.F.);
#1796 = ORIENTED_EDGE('',*,*,#1229,.T.);
#1797 = ORIENTED_EDGE('',*,*,#1798,.T.);
#1798 = EDGE_CURVE('',#1207,#1799,#1801,.T.);
#1799 = VERTEX_POINT('',#1800);
#1800 = CARTESIAN_POINT('',(-450.,50.,570.));
#1801 = SURFACE_CURVE('',#1802,(#1806,#1813),.PCURVE_S1.);
#1802 = LINE('',#1803,#1804);
#1803 = CARTESIAN_POINT('',(-450.,50.,560.));
#1804 = VECTOR('',#1805,1.);
#1805 = DIRECTION('',(0.,0.,1.));
#1806 = PCURVE('',#100,#1807);
#1807 = DEFINITIONAL_REPRESENTATION('',(#1808),#1812);
#1808 = LINE('',#1809,#1810);
#1809 = CARTESIAN_POINT('',(560.,250.));
#1810 = VECTOR('',#1811,1.);
#1811 = DIRECTION('',(1.,0.));
#1812 = ( GEOMETRIC_REPRESENTATION_CONTEXT(2) 
PARAMETRIC_REPRESENTATION_CONTEXT() REPRESENTATION_CONTEXT('2D SPACE',''
  ) );
#1813 = PCURVE('',#1000,#1814);
#1814 = DEFINITIONAL_REPRESENTATION('',(#1815),#1819);
#1815 = LINE('',#1816,#1817);
#1816 = CARTESIAN_POINT('',(0.,-500.));
#1817 = VECTOR('',#1818,1.);
#1818 = DIRECTION('',(1.,0.));
#1819 = ( GEOMETRIC_REPRESENTATION_CONTEXT(2) 
PARAMETRIC_REPRESENTATION_CONTEXT() REPRESENTATION_CONTEXT('2D SPACE',''
  ) );
#1820 = ORIENTED_EDGE('',*,*,#1821,.T.);
#1821 = EDGE_CURVE('',#1799,#1822,#1824,.T.);
#1822 = VERTEX_POINT('',#1823);
#1823 = CARTESIAN_POINT('',(-150.,50.,570.));
#1824 = SURFACE_CURVE('',#1825,(#1829,#1836),.PCURVE_S1.);
#1825 = LINE('',#1826,#1827);
#1826 = CARTESIAN_POINT('',(-450.,50.,570.));
#1827 = VECTOR('',#1828,1.);
#1828 = DIRECTION('',(1.,0.,-0.));
#1829 = PCURVE('',#100,#1830);
#1830 = DEFINITIONAL_REPRESENTATION('',(#1831),#1835);
#1831 = LINE('',#1832,#1833);
#1832 = CARTESIAN_POINT('',(570.,250.));
#1833 = VECTOR('',#1834,1.);
#1834 = DIRECTION('',(0.,1.));
#1835 = ( GEOMETRIC_REPRESENTATION_CONTEXT(2) 
PARAMETRIC_REPRESENTATION_CONTEXT() REPRESENTATION_CONTEXT('2D SPACE',''
  ) );
#1836 = PCURVE('',#1028,#1837);
#1837 = DEFINITIONAL_REPRESENTATION('',(#1838),#1842);
#1838 = LINE('',#1839,#1840);
#1839 = CARTESIAN_POINT('',(0.,500.));
#1840 = VECTOR('',#1841,1.);
#1841 = DIRECTION('',(1.,0.));
#1842 = ( GEOMETRIC_REPRESENTATION_CONTEXT(2) 
PARAMETRIC_REPRESENTATION_CONTEXT() REPRESENTATION_CONTEXT('2D SPACE',''
  ) );
#1843 = ORIENTED_EDGE('',*,*,#1844,.F.);
#1844 = EDGE_CURVE('',#1845,#1822,#1847,.T.);
#1845 = VERTEX_POINT('',#1846);
#1846 = CARTESIAN_POINT('',(-150.,50.,560.));
#1847 = SURFACE_CURVE('',#1848,(#1852,#1859),.PCURVE_S1.);
#1848 = LINE('',#1849,#1850);
#1849 = CARTESIAN_POINT('',(-150.,50.,560.));
#1850 = VECTOR('',#1851,1.);
#1851 = DIRECTION('',(0.,0.,1.));
#1852 = PCURVE('',#100,#1853);
#1853 = DEFINITIONAL_REPRESENTATION('',(#1854),#1858);
#1854 = LINE('',#1855,#1856);
#1855 = CARTESIAN_POINT('',(560.,550.));
#1856 = VECTOR('',#1857,1.);
#1857 = DIRECTION('',(1.,0.));
#1858 = ( GEOMETRIC_REPRESENTATION_CONTEXT(2) 
PARAMETRIC_REPRESENTATION_CONTEXT() REPRESENTATION_CONTEXT('2D SPACE',''
  ) );
#1859 = PCURVE('',#1056,#1860);
#1860 = DEFINITIONAL_REPRESENTATION('',(#1861),#1865);
#1861 = LINE('',#1862,#1863);
#1862 = CARTESIAN_POINT('',(0.,-500.));
#1863 = VECTOR('',#1864,1.);
#1864 = DIRECTION('',(1.,0.));
#1865 = ( GEOMETRIC_REPRESENTATION_CONTEXT(2) 
PARAMETRIC_REPRESENTATION_CONTEXT() REPRESENTATION_CONTEXT('2D SPACE',''
  ) );
#1866 = ORIENTED_EDGE('',*,*,#1867,.T.);
#1867 = EDGE_CURVE('',#1845,#1868,#1870,.T.);
#1868 = VERTEX_POINT('',#1869);
#1869 = CARTESIAN_POINT('',(0.,50.,560.));
#1870 = SURFACE_CURVE('',#1871,(#1875,#1882),.PCURVE_S1.);
#1871 = LINE('',#1872,#1873);
#1872 = CARTESIAN_POINT('',(-700.,50.,560.));
#1873 = VECTOR('',#1874,1.);
#1874 = DIRECTION('',(1.,0.,-0.));
#1875 = PCURVE('',#100,#1876);
#1876 = DEFINITIONAL_REPRESENTATION('',(#1877),#1881);
#1877 = LINE('',#1878,#1879);
#1878 = CARTESIAN_POINT('',(560.,0.));
#1879 = VECTOR('',#1880,1.);
#1880 = DIRECTION('',(0.,1.));
#1881 = ( GEOMETRIC_REPRESENTATION_CONTEXT(2) 
PARAMETRIC_REPRESENTATION_CONTEXT() REPRESENTATION_CONTEXT('2D SPACE',''
  ) );
#1882 = PCURVE('',#1082,#1883);
#1883 = DEFINITIONAL_REPRESENTATION('',(#1884),#1888);
#1884 = LINE('',#1885,#1886);
#1885 = CARTESIAN_POINT('',(0.,500.));
#1886 = VECTOR('',#1887,1.);
#1887 = DIRECTION('',(1.,0.));
#1888 = ( GEOMETRIC_REPRESENTATION_CONTEXT(2) 
PARAMETRIC_REPRESENTATION_CONTEXT() REPRESENTATION_CONTEXT('2D SPACE',''
  ) );
#1889 = ORIENTED_EDGE('',*,*,#1890,.T.);
#1890 = EDGE_CURVE('',#1868,#1774,#1891,.T.);
#1891 = SURFACE_CURVE('',#1892,(#1896,#1903),.PCURVE_S1.);
#1892 = LINE('',#1893,#1894);
#1893 = CARTESIAN_POINT('',(0.,50.,560.));
#1894 = VECTOR('',#1895,1.);
#1895 = DIRECTION('',(0.,0.,-1.));
#1896 = PCURVE('',#100,#1897);
#1897 = DEFINITIONAL_REPRESENTATION('',(#1898),#1902);
#1898 = LINE('',#1899,#1900);
#1899 = CARTESIAN_POINT('',(560.,700.));
#1900 = VECTOR('',#1901,1.);
#1901 = DIRECTION('',(-1.,0.));
#1902 = ( GEOMETRIC_REPRESENTATION_CONTEXT(2) 
PARAMETRIC_REPRESENTATION_CONTEXT() REPRESENTATION_CONTEXT('2D SPACE',''
  ) );
#1903 = PCURVE('',#927,#1904);
#1904 = DEFINITIONAL_REPRESENTATION('',(#1905),#1909);
#1905 = LINE('',#1906,#1907);
#1906 = CARTESIAN_POINT('',(560.,-500.));
#1907 = VECTOR('',#1908,1.);
#1908 = DIRECTION('',(-1.,0.));
#1909 = ( GEOMETRIC_REPRESENTATION_CONTEXT(2) 
PARAMETRIC_REPRESENTATION_CONTEXT() REPRESENTATION_CONTEXT('2D SPACE',''
  ) );
#1910 = FACE_BOUND('',#1911,.T.);
#1911 = EDGE_LOOP('',(#1912,#1942,#1965,#1993));
#1912 = ORIENTED_EDGE('',*,*,#1913,.F.);
#1913 = EDGE_CURVE('',#1914,#1916,#1918,.T.);
#1914 = VERTEX_POINT('',#1915);
#1915 = CARTESIAN_POINT('',(-660.,50.,520.));
#1916 = VERTEX_POINT('',#1917);
#1917 = CARTESIAN_POINT('',(-40.,50.,520.));
#1918 = SURFACE_CURVE('',#1919,(#1923,#1930),.PCURVE_S1.);
#1919 = LINE('',#1920,#1921);
#1920 = CARTESIAN_POINT('',(-700.,50.,520.));
#1921 = VECTOR('',#1922,1.);
#1922 = DIRECTION('',(1.,0.,-0.));
#1923 = PCURVE('',#100,#1924);
#1924 = DEFINITIONAL_REPRESENTATION('',(#1925),#1929);
#1925 = LINE('',#1926,#1927);
#1926 = CARTESIAN_POINT('',(520.,0.));
#1927 = VECTOR('',#1928,1.);
#1928 = DIRECTION('',(0.,1.));
#1929 = ( GEOMETRIC_REPRESENTATION_CONTEXT(2) 
PARAMETRIC_REPRESENTATION_CONTEXT() REPRESENTATION_CONTEXT('2D SPACE',''
  ) );
#1930 = PCURVE('',#1931,#1936);
#1931 = PLANE('',#1932);
#1932 = AXIS2_PLACEMENT_3D('',#1933,#1934,#1935);
#1933 = CARTESIAN_POINT('',(-700.,-450.,520.));
#1934 = DIRECTION('',(0.,0.,1.));
#1935 = DIRECTION('',(1.,0.,-0.));
#1936 = DEFINITIONAL_REPRESENTATION('',(#1937),#1941);
#1937 = LINE('',#1938,#1939);
#1938 = CARTESIAN_POINT('',(0.,500.));
#1939 = VECTOR('',#1940,1.);
#1940 = DIRECTION('',(1.,0.));
#1941 = ( GEOMETRIC_REPRESENTATION_CONTEXT(2) 
PARAMETRIC_REPRESENTATION_CONTEXT() REPRESENTATION_CONTEXT('2D SPACE',''
  ) );
#1942 = ORIENTED_EDGE('',*,*,#1943,.F.);
#1943 = EDGE_CURVE('',#1944,#1914,#1946,.T.);
#1944 = VERTEX_POINT('',#1945);
#1945 = CARTESIAN_POINT('',(-660.,50.,40.));
#1946 = SURFACE_CURVE('',#1947,(#1951,#1958),.PCURVE_S1.);
#1947 = LINE('',#1948,#1949);
#1948 = CARTESIAN_POINT('',(-660.,50.,40.));
#1949 = VECTOR('',#1950,1.);
#1950 = DIRECTION('',(0.,0.,1.));
#1951 = PCURVE('',#100,#1952);
#1952 = DEFINITIONAL_REPRESENTATION('',(#1953),#1957);
#1953 = LINE('',#1954,#1955);
#1954 = CARTESIAN_POINT('',(40.,40.));
#1955 = VECTOR('',#1956,1.);
#1956 = DIRECTION('',(1.,0.));
#1957 = ( GEOMETRIC_REPRESENTATION_CONTEXT(2) 
PARAMETRIC_REPRESENTATION_CONTEXT() REPRESENTATION_CONTEXT('2D SPACE',''
  ) );
#1958 = PCURVE('',#1656,#1959);
#1959 = DEFINITIONAL_REPRESENTATION('',(#1960),#1964);
#1960 = LINE('',#1961,#1962);
#1961 = CARTESIAN_POINT('',(0.,-40.));
#1962 = VECTOR('',#1963,1.);
#1963 = DIRECTION('',(1.,0.));
#1964 = ( GEOMETRIC_REPRESENTATION_CONTEXT(2) 
PARAMETRIC_REPRESENTATION_CONTEXT() REPRESENTATION_CONTEXT('2D SPACE',''
  ) );
#1965 = ORIENTED_EDGE('',*,*,#1966,.T.);
#1966 = EDGE_CURVE('',#1944,#1967,#1969,.T.);
#1967 = VERTEX_POINT('',#1968);
#1968 = CARTESIAN_POINT('',(-40.,50.,40.));
#1969 = SURFACE_CURVE('',#1970,(#1974,#1981),.PCURVE_S1.);
#1970 = LINE('',#1971,#1972);
#1971 = CARTESIAN_POINT('',(-700.,50.,40.));
#1972 = VECTOR('',#1973,1.);
#1973 = DIRECTION('',(1.,0.,-0.));
#1974 = PCURVE('',#100,#1975);
#1975 = DEFINITIONAL_REPRESENTATION('',(#1976),#1980);
#1976 = LINE('',#1977,#1978);
#1977 = CARTESIAN_POINT('',(40.,0.));
#1978 = VECTOR('',#1979,1.);
#1979 = DIRECTION('',(0.,1.));
#1980 = ( GEOMETRIC_REPRESENTATION_CONTEXT(2) 
PARAMETRIC_REPRESENTATION_CONTEXT() REPRESENTATION_CONTEXT('2D SPACE',''
  ) );
#1981 = PCURVE('',#1982,#1987);
#1982 = PLANE('',#1983);
#1983 = AXIS2_PLACEMENT_3D('',#1984,#1985,#1986);
#1984 = CARTESIAN_POINT('',(-700.,-450.,40.));
#1985 = DIRECTION('',(0.,0.,1.));
#1986 = DIRECTION('',(1.,0.,-0.));
#1987 = DEFINITIONAL_REPRESENTATION('',(#1988),#1992);
#1988 = LINE('',#1989,#1990);
#1989 = CARTESIAN_POINT('',(0.,500.));
#1990 = VECTOR('',#1991,1.);
#1991 = DIRECTION('',(1.,0.));
#1992 = ( GEOMETRIC_REPRESENTATION_CONTEXT(2) 
PARAMETRIC_REPRESENTATION_CONTEXT() REPRESENTATION_CONTEXT('2D SPACE',''
  ) );
#1993 = ORIENTED_EDGE('',*,*,#1994,.T.);
#1994 = EDGE_CURVE('',#1967,#1916,#1995,.T.);
#1995 = SURFACE_CURVE('',#1996,(#2000,#2007),.PCURVE_S1.);
#1996 = LINE('',#1997,#1998);
#1997 = CARTESIAN_POINT('',(-40.,50.,40.));
#1998 = VECTOR('',#1999,1.);
#1999 = DIRECTION('',(0.,0.,1.));
#2000 = PCURVE('',#100,#2001);
#2001 = DEFINITIONAL_REPRESENTATION('',(#2002),#2006);
#2002 = LINE('',#2003,#2004);
#2003 = CARTESIAN_POINT('',(40.,660.));
#2004 = VECTOR('',#2005,1.);
#2005 = DIRECTION('',(1.,0.));
#2006 = ( GEOMETRIC_REPRESENTATION_CONTEXT(2) 
PARAMETRIC_REPRESENTATION_CONTEXT() REPRESENTATION_CONTEXT('2D SPACE',''
  ) );
#2007 = PCURVE('',#2008,#2013);
#2008 = PLANE('',#2009);
#2009 = AXIS2_PLACEMENT_3D('',#2010,#2011,#2012);
#2010 = CARTESIAN_POINT('',(-40.,10.,40.));
#2011 = DIRECTION('',(1.,0.,-0.));
#2012 = DIRECTION('',(0.,0.,1.));
#2013 = DEFINITIONAL_REPRESENTATION('',(#2014),#2018);
#2014 = LINE('',#2015,#2016);
#2015 = CARTESIAN_POINT('',(0.,-40.));
#2016 = VECTOR('',#2017,1.);
#2017 = DIRECTION('',(1.,0.));
#2018 = ( GEOMETRIC_REPRESENTATION_CONTEXT(2) 
PARAMETRIC_REPRESENTATION_CONTEXT() REPRESENTATION_CONTEXT('2D SPACE',''
  ) );
#2019 = ADVANCED_FACE('',(#2020,#2046),#72,.F.);
#2020 = FACE_BOUND('',#2021,.F.);
#2021 = EDGE_LOOP('',(#2022,#2023,#2044,#2045));
#2022 = ORIENTED_EDGE('',*,*,#939,.T.);
#2023 = ORIENTED_EDGE('',*,*,#2024,.F.);
#2024 = EDGE_CURVE('',#1774,#910,#2025,.T.);
#2025 = SURFACE_CURVE('',#2026,(#2030,#2037),.PCURVE_S1.);
#2026 = LINE('',#2027,#2028);
#2027 = CARTESIAN_POINT('',(0.,50.,0.));
#2028 = VECTOR('',#2029,1.);
#2029 = DIRECTION('',(0.,-1.,0.));
#2030 = PCURVE('',#72,#2031);
#2031 = DEFINITIONAL_REPRESENTATION('',(#2032),#2036);
#2032 = LINE('',#2033,#2034);
#2033 = CARTESIAN_POINT('',(700.,500.));
#2034 = VECTOR('',#2035,1.);
#2035 = DIRECTION('',(0.,-1.));
#2036 = ( GEOMETRIC_REPRESENTATION_CONTEXT(2) 
PARAMETRIC_REPRESENTATION_CONTEXT() REPRESENTATION_CONTEXT('2D SPACE',''
  ) );
#2037 = PCURVE('',#927,#2038);
#2038 = DEFINITIONAL_REPRESENTATION('',(#2039),#2043);
#2039 = LINE('',#2040,#2041);
#2040 = CARTESIAN_POINT('',(0.,-500.));
#2041 = VECTOR('',#2042,1.);
#2042 = DIRECTION('',(0.,1.));
#2043 = ( GEOMETRIC_REPRESENTATION_CONTEXT(2) 
PARAMETRIC_REPRESENTATION_CONTEXT() REPRESENTATION_CONTEXT('2D SPACE',''
  ) );
#2044 = ORIENTED_EDGE('',*,*,#1773,.F.);
#2045 = ORIENTED_EDGE('',*,*,#56,.T.);
#2046 = FACE_BOUND('',#2047,.F.);
#2047 = EDGE_LOOP('',(#2048,#2078,#2101,#2129));
#2048 = ORIENTED_EDGE('',*,*,#2049,.F.);
#2049 = EDGE_CURVE('',#2050,#2052,#2054,.T.);
#2050 = VERTEX_POINT('',#2051);
#2051 = CARTESIAN_POINT('',(-660.,-410.,0.));
#2052 = VERTEX_POINT('',#2053);
#2053 = CARTESIAN_POINT('',(-40.,-410.,0.));
#2054 = SURFACE_CURVE('',#2055,(#2059,#2066),.PCURVE_S1.);
#2055 = LINE('',#2056,#2057);
#2056 = CARTESIAN_POINT('',(-700.,-410.,0.));
#2057 = VECTOR('',#2058,1.);
#2058 = DIRECTION('',(1.,0.,-0.));
#2059 = PCURVE('',#72,#2060);
#2060 = DEFINITIONAL_REPRESENTATION('',(#2061),#2065);
#2061 = LINE('',#2062,#2063);
#2062 = CARTESIAN_POINT('',(0.,40.));
#2063 = VECTOR('',#2064,1.);
#2064 = DIRECTION('',(1.,0.));
#2065 = ( GEOMETRIC_REPRESENTATION_CONTEXT(2) 
PARAMETRIC_REPRESENTATION_CONTEXT() REPRESENTATION_CONTEXT('2D SPACE',''
  ) );
#2066 = PCURVE('',#2067,#2072);
#2067 = PLANE('',#2068);
#2068 = AXIS2_PLACEMENT_3D('',#2069,#2070,#2071);
#2069 = CARTESIAN_POINT('',(-700.,-410.,0.));
#2070 = DIRECTION('',(-0.,1.,0.));
#2071 = DIRECTION('',(0.,0.,1.));
#2072 = DEFINITIONAL_REPRESENTATION('',(#2073),#2077);
#2073 = LINE('',#2074,#2075);
#2074 = CARTESIAN_POINT('',(0.,0.));
#2075 = VECTOR('',#2076,1.);
#2076 = DIRECTION('',(0.,1.));
#2077 = ( GEOMETRIC_REPRESENTATION_CONTEXT(2) 
PARAMETRIC_REPRESENTATION_CONTEXT() REPRESENTATION_CONTEXT('2D SPACE',''
  ) );
#2078 = ORIENTED_EDGE('',*,*,#2079,.T.);
#2079 = EDGE_CURVE('',#2050,#2080,#2082,.T.);
#2080 = VERTEX_POINT('',#2081);
#2081 = CARTESIAN_POINT('',(-660.,10.,0.));
#2082 = SURFACE_CURVE('',#2083,(#2087,#2094),.PCURVE_S1.);
#2083 = LINE('',#2084,#2085);
#2084 = CARTESIAN_POINT('',(-660.,-410.,0.));
#2085 = VECTOR('',#2086,1.);
#2086 = DIRECTION('',(-0.,1.,0.));
#2087 = PCURVE('',#72,#2088);
#2088 = DEFINITIONAL_REPRESENTATION('',(#2089),#2093);
#2089 = LINE('',#2090,#2091);
#2090 = CARTESIAN_POINT('',(40.,40.));
#2091 = VECTOR('',#2092,1.);
#2092 = DIRECTION('',(0.,1.));
#2093 = ( GEOMETRIC_REPRESENTATION_CONTEXT(2) 
PARAMETRIC_REPRESENTATION_CONTEXT() REPRESENTATION_CONTEXT('2D SPACE',''
  ) );
#2094 = PCURVE('',#1603,#2095);
#2095 = DEFINITIONAL_REPRESENTATION('',(#2096),#2100);
#2096 = LINE('',#2097,#2098);
#2097 = CARTESIAN_POINT('',(0.,0.));
#2098 = VECTOR('',#2099,1.);
#2099 = DIRECTION('',(0.,-1.));
#2100 = ( GEOMETRIC_REPRESENTATION_CONTEXT(2) 
PARAMETRIC_REPRESENTATION_CONTEXT() REPRESENTATION_CONTEXT('2D SPACE',''
  ) );
#2101 = ORIENTED_EDGE('',*,*,#2102,.T.);
#2102 = EDGE_CURVE('',#2080,#2103,#2105,.T.);
#2103 = VERTEX_POINT('',#2104);
#2104 = CARTESIAN_POINT('',(-40.,10.,0.));
#2105 = SURFACE_CURVE('',#2106,(#2110,#2117),.PCURVE_S1.);
#2106 = LINE('',#2107,#2108);
#2107 = CARTESIAN_POINT('',(-700.,10.,0.));
#2108 = VECTOR('',#2109,1.);
#2109 = DIRECTION('',(1.,0.,-0.));
#2110 = PCURVE('',#72,#2111);
#2111 = DEFINITIONAL_REPRESENTATION('',(#2112),#2116);
#2112 = LINE('',#2113,#2114);
#2113 = CARTESIAN_POINT('',(0.,460.));
#2114 = VECTOR('',#2115,1.);
#2115 = DIRECTION('',(1.,0.));
#2116 = ( GEOMETRIC_REPRESENTATION_CONTEXT(2) 
PARAMETRIC_REPRESENTATION_CONTEXT() REPRESENTATION_CONTEXT('2D SPACE',''
  ) );
#2117 = PCURVE('',#2118,#2123);
#2118 = PLANE('',#2119);
#2119 = AXIS2_PLACEMENT_3D('',#2120,#2121,#2122);
#2120 = CARTESIAN_POINT('',(-700.,10.,0.));
#2121 = DIRECTION('',(-0.,1.,0.));
#2122 = DIRECTION('',(0.,0.,1.));
#2123 = DEFINITIONAL_REPRESENTATION('',(#2124),#2128);
#2124 = LINE('',#2125,#2126);
#2125 = CARTESIAN_POINT('',(0.,0.));
#2126 = VECTOR('',#2127,1.);
#2127 = DIRECTION('',(0.,1.));
#2128 = ( GEOMETRIC_REPRESENTATION_CONTEXT(2) 
PARAMETRIC_REPRESENTATION_CONTEXT() REPRESENTATION_CONTEXT('2D SPACE',''
  ) );
#2129 = ORIENTED_EDGE('',*,*,#2130,.F.);
#2130 = EDGE_CURVE('',#2052,#2103,#2131,.T.);
#2131 = SURFACE_CURVE('',#2132,(#2136,#2143),.PCURVE_S1.);
#2132 = LINE('',#2133,#2134);
#2133 = CARTESIAN_POINT('',(-40.,-410.,0.));
#2134 = VECTOR('',#2135,1.);
#2135 = DIRECTION('',(-0.,1.,0.));
#2136 = PCURVE('',#72,#2137);
#2137 = DEFINITIONAL_REPRESENTATION('',(#2138),#2142);
#2138 = LINE('',#2139,#2140);
#2139 = CARTESIAN_POINT('',(660.,40.));
#2140 = VECTOR('',#2141,1.);
#2141 = DIRECTION('',(0.,1.));
#2142 = ( GEOMETRIC_REPRESENTATION_CONTEXT(2) 
PARAMETRIC_REPRESENTATION_CONTEXT() REPRESENTATION_CONTEXT('2D SPACE',''
  ) );
#2143 = PCURVE('',#2144,#2149);
#2144 = PLANE('',#2145);
#2145 = AXIS2_PLACEMENT_3D('',#2146,#2147,#2148);
#2146 = CARTESIAN_POINT('',(-40.,-410.,0.));
#2147 = DIRECTION('',(1.,0.,-0.));
#2148 = DIRECTION('',(0.,0.,1.));
#2149 = DEFINITIONAL_REPRESENTATION('',(#2150),#2154);
#2150 = LINE('',#2151,#2152);
#2151 = CARTESIAN_POINT('',(0.,0.));
#2152 = VECTOR('',#2153,1.);
#2153 = DIRECTION('',(0.,-1.));
#2154 = ( GEOMETRIC_REPRESENTATION_CONTEXT(2) 
PARAMETRIC_REPRESENTATION_CONTEXT() REPRESENTATION_CONTEXT('2D SPACE',''
  ) );
#2155 = ADVANCED_FACE('',(#2156),#372,.T.);
#2156 = FACE_BOUND('',#2157,.T.);
#2157 = EDGE_LOOP('',(#2158,#2181,#2182,#2205));
#2158 = ORIENTED_EDGE('',*,*,#2159,.F.);
#2159 = EDGE_CURVE('',#355,#2160,#2162,.T.);
#2160 = VERTEX_POINT('',#2161);
#2161 = CARTESIAN_POINT('',(0.,47.,3.));
#2162 = SURFACE_CURVE('',#2163,(#2167,#2174),.PCURVE_S1.);
#2163 = LINE('',#2164,#2165);
#2164 = CARTESIAN_POINT('',(-701.,47.,3.));
#2165 = VECTOR('',#2166,1.);
#2166 = DIRECTION('',(1.,0.,-0.));
#2167 = PCURVE('',#372,#2168);
#2168 = DEFINITIONAL_REPRESENTATION('',(#2169),#2173);
#2169 = LINE('',#2170,#2171);
#2170 = CARTESIAN_POINT('',(0.,34.));
#2171 = VECTOR('',#2172,1.);
#2172 = DIRECTION('',(1.,0.));
#2173 = ( GEOMETRIC_REPRESENTATION_CONTEXT(2) 
PARAMETRIC_REPRESENTATION_CONTEXT() REPRESENTATION_CONTEXT('2D SPACE',''
  ) );
#2174 = PCURVE('',#451,#2175);
#2175 = DEFINITIONAL_REPRESENTATION('',(#2176),#2180);
#2176 = LINE('',#2177,#2178);
#2177 = CARTESIAN_POINT('',(0.,0.));
#2178 = VECTOR('',#2179,1.);
#2179 = DIRECTION('',(0.,1.));
#2180 = ( GEOMETRIC_REPRESENTATION_CONTEXT(2) 
PARAMETRIC_REPRESENTATION_CONTEXT() REPRESENTATION_CONTEXT('2D SPACE',''
  ) );
#2181 = ORIENTED_EDGE('',*,*,#354,.T.);
#2182 = ORIENTED_EDGE('',*,*,#2183,.T.);
#2183 = EDGE_CURVE('',#357,#2184,#2186,.T.);
#2184 = VERTEX_POINT('',#2185);
#2185 = CARTESIAN_POINT('',(0.,13.,3.));
#2186 = SURFACE_CURVE('',#2187,(#2191,#2198),.PCURVE_S1.);
#2187 = LINE('',#2188,#2189);
#2188 = CARTESIAN_POINT('',(-701.,13.,3.));
#2189 = VECTOR('',#2190,1.);
#2190 = DIRECTION('',(1.,0.,-0.));
#2191 = PCURVE('',#372,#2192);
#2192 = DEFINITIONAL_REPRESENTATION('',(#2193),#2197);
#2193 = LINE('',#2194,#2195);
#2194 = CARTESIAN_POINT('',(0.,0.));
#2195 = VECTOR('',#2196,1.);
#2196 = DIRECTION('',(1.,0.));
#2197 = ( GEOMETRIC_REPRESENTATION_CONTEXT(2) 
PARAMETRIC_REPRESENTATION_CONTEXT() REPRESENTATION_CONTEXT('2D SPACE',''
  ) );
#2198 = PCURVE('',#399,#2199);
#2199 = DEFINITIONAL_REPRESENTATION('',(#2200),#2204);
#2200 = LINE('',#2201,#2202);
#2201 = CARTESIAN_POINT('',(0.,0.));
#2202 = VECTOR('',#2203,1.);
#2203 = DIRECTION('',(0.,1.));
#2204 = ( GEOMETRIC_REPRESENTATION_CONTEXT(2) 
PARAMETRIC_REPRESENTATION_CONTEXT() REPRESENTATION_CONTEXT('2D SPACE',''
  ) );
#2205 = ORIENTED_EDGE('',*,*,#2206,.F.);
#2206 = EDGE_CURVE('',#2160,#2184,#2207,.T.);
#2207 = SURFACE_CURVE('',#2208,(#2212,#2218),.PCURVE_S1.);
#2208 = LINE('',#2209,#2210);
#2209 = CARTESIAN_POINT('',(0.,11.5,3.));
#2210 = VECTOR('',#2211,1.);
#2211 = DIRECTION('',(0.,-1.,0.));
#2212 = PCURVE('',#372,#2213);
#2213 = DEFINITIONAL_REPRESENTATION('',(#2214),#2217);
#2214 = B_SPLINE_CURVE_WITH_KNOTS('',1,(#2215,#2216),.UNSPECIFIED.,.F.,
  .F.,(2,2),(-35.5,-1.5),.PIECEWISE_BEZIER_KNOTS.);
#2215 = CARTESIAN_POINT('',(701.,34.));
#2216 = CARTESIAN_POINT('',(701.,0.));
#2217 = ( GEOMETRIC_REPRESENTATION_CONTEXT(2) 
PARAMETRIC_REPRESENTATION_CONTEXT() REPRESENTATION_CONTEXT('2D SPACE',''
  ) );
#2218 = PCURVE('',#927,#2219);
#2219 = DEFINITIONAL_REPRESENTATION('',(#2220),#2224);
#2220 = LINE('',#2221,#2222);
#2221 = CARTESIAN_POINT('',(3.,-461.5));
#2222 = VECTOR('',#2223,1.);
#2223 = DIRECTION('',(0.,1.));
#2224 = ( GEOMETRIC_REPRESENTATION_CONTEXT(2) 
PARAMETRIC_REPRESENTATION_CONTEXT() REPRESENTATION_CONTEXT('2D SPACE',''
  ) );
#2225 = ADVANCED_FACE('',(#2226),#451,.F.);
#2226 = FACE_BOUND('',#2227,.F.);
#2227 = EDGE_LOOP('',(#2228,#2229,#2230,#2253));
#2228 = ORIENTED_EDGE('',*,*,#2159,.F.);
#2229 = ORIENTED_EDGE('',*,*,#437,.T.);
#2230 = ORIENTED_EDGE('',*,*,#2231,.T.);
#2231 = EDGE_CURVE('',#411,#2232,#2234,.T.);
#2232 = VERTEX_POINT('',#2233);
#2233 = CARTESIAN_POINT('',(0.,47.,37.));
#2234 = SURFACE_CURVE('',#2235,(#2239,#2246),.PCURVE_S1.);
#2235 = LINE('',#2236,#2237);
#2236 = CARTESIAN_POINT('',(-701.,47.,37.));
#2237 = VECTOR('',#2238,1.);
#2238 = DIRECTION('',(1.,0.,-0.));
#2239 = PCURVE('',#451,#2240);
#2240 = DEFINITIONAL_REPRESENTATION('',(#2241),#2245);
#2241 = LINE('',#2242,#2243);
#2242 = CARTESIAN_POINT('',(34.,0.));
#2243 = VECTOR('',#2244,1.);
#2244 = DIRECTION('',(0.,1.));
#2245 = ( GEOMETRIC_REPRESENTATION_CONTEXT(2) 
PARAMETRIC_REPRESENTATION_CONTEXT() REPRESENTATION_CONTEXT('2D SPACE',''
  ) );
#2246 = PCURVE('',#426,#2247);
#2247 = DEFINITIONAL_REPRESENTATION('',(#2248),#2252);
#2248 = LINE('',#2249,#2250);
#2249 = CARTESIAN_POINT('',(0.,34.));
#2250 = VECTOR('',#2251,1.);
#2251 = DIRECTION('',(1.,0.));
#2252 = ( GEOMETRIC_REPRESENTATION_CONTEXT(2) 
PARAMETRIC_REPRESENTATION_CONTEXT() REPRESENTATION_CONTEXT('2D SPACE',''
  ) );
#2253 = ORIENTED_EDGE('',*,*,#2254,.F.);
#2254 = EDGE_CURVE('',#2160,#2232,#2255,.T.);
#2255 = SURFACE_CURVE('',#2256,(#2260,#2266),.PCURVE_S1.);
#2256 = LINE('',#2257,#2258);
#2257 = CARTESIAN_POINT('',(0.,47.,1.5));
#2258 = VECTOR('',#2259,1.);
#2259 = DIRECTION('',(0.,0.,1.));
#2260 = PCURVE('',#451,#2261);
#2261 = DEFINITIONAL_REPRESENTATION('',(#2262),#2265);
#2262 = B_SPLINE_CURVE_WITH_KNOTS('',1,(#2263,#2264),.UNSPECIFIED.,.F.,
  .F.,(2,2),(1.5,35.5),.PIECEWISE_BEZIER_KNOTS.);
#2263 = CARTESIAN_POINT('',(0.,701.));
#2264 = CARTESIAN_POINT('',(34.,701.));
#2265 = ( GEOMETRIC_REPRESENTATION_CONTEXT(2) 
PARAMETRIC_REPRESENTATION_CONTEXT() REPRESENTATION_CONTEXT('2D SPACE',''
  ) );
#2266 = PCURVE('',#927,#2267);
#2267 = DEFINITIONAL_REPRESENTATION('',(#2268),#2272);
#2268 = LINE('',#2269,#2270);
#2269 = CARTESIAN_POINT('',(1.5,-497.));
#2270 = VECTOR('',#2271,1.);
#2271 = DIRECTION('',(1.,0.));
#2272 = ( GEOMETRIC_REPRESENTATION_CONTEXT(2) 
PARAMETRIC_REPRESENTATION_CONTEXT() REPRESENTATION_CONTEXT('2D SPACE',''
  ) );
#2273 = ADVANCED_FACE('',(#2274),#399,.T.);
#2274 = FACE_BOUND('',#2275,.T.);
#2275 = EDGE_LOOP('',(#2276,#2277,#2278,#2301));
#2276 = ORIENTED_EDGE('',*,*,#2183,.F.);
#2277 = ORIENTED_EDGE('',*,*,#383,.T.);
#2278 = ORIENTED_EDGE('',*,*,#2279,.T.);
#2279 = EDGE_CURVE('',#384,#2280,#2282,.T.);
#2280 = VERTEX_POINT('',#2281);
#2281 = CARTESIAN_POINT('',(0.,13.,37.));
#2282 = SURFACE_CURVE('',#2283,(#2287,#2294),.PCURVE_S1.);
#2283 = LINE('',#2284,#2285);
#2284 = CARTESIAN_POINT('',(-701.,13.,37.));
#2285 = VECTOR('',#2286,1.);
#2286 = DIRECTION('',(1.,0.,-0.));
#2287 = PCURVE('',#399,#2288);
#2288 = DEFINITIONAL_REPRESENTATION('',(#2289),#2293);
#2289 = LINE('',#2290,#2291);
#2290 = CARTESIAN_POINT('',(34.,0.));
#2291 = VECTOR('',#2292,1.);
#2292 = DIRECTION('',(0.,1.));
#2293 = ( GEOMETRIC_REPRESENTATION_CONTEXT(2) 
PARAMETRIC_REPRESENTATION_CONTEXT() REPRESENTATION_CONTEXT('2D SPACE',''
  ) );
#2294 = PCURVE('',#426,#2295);
#2295 = DEFINITIONAL_REPRESENTATION('',(#2296),#2300);
#2296 = LINE('',#2297,#2298);
#2297 = CARTESIAN_POINT('',(0.,0.));
#2298 = VECTOR('',#2299,1.);
#2299 = DIRECTION('',(1.,0.));
#2300 = ( GEOMETRIC_REPRESENTATION_CONTEXT(2) 
PARAMETRIC_REPRESENTATION_CONTEXT() REPRESENTATION_CONTEXT('2D SPACE',''
  ) );
#2301 = ORIENTED_EDGE('',*,*,#2302,.F.);
#2302 = EDGE_CURVE('',#2184,#2280,#2303,.T.);
#2303 = SURFACE_CURVE('',#2304,(#2308,#2314),.PCURVE_S1.);
#2304 = LINE('',#2305,#2306);
#2305 = CARTESIAN_POINT('',(0.,13.,1.5));
#2306 = VECTOR('',#2307,1.);
#2307 = DIRECTION('',(0.,0.,1.));
#2308 = PCURVE('',#399,#2309);
#2309 = DEFINITIONAL_REPRESENTATION('',(#2310),#2313);
#2310 = B_SPLINE_CURVE_WITH_KNOTS('',1,(#2311,#2312),.UNSPECIFIED.,.F.,
  .F.,(2,2),(1.5,35.5),.PIECEWISE_BEZIER_KNOTS.);
#2311 = CARTESIAN_POINT('',(0.,701.));
#2312 = CARTESIAN_POINT('',(34.,701.));
#2313 = ( GEOMETRIC_REPRESENTATION_CONTEXT(2) 
PARAMETRIC_REPRESENTATION_CONTEXT() REPRESENTATION_CONTEXT('2D SPACE',''
  ) );
#2314 = PCURVE('',#927,#2315);
#2315 = DEFINITIONAL_REPRESENTATION('',(#2316),#2320);
#2316 = LINE('',#2317,#2318);
#2317 = CARTESIAN_POINT('',(1.5,-463.));
#2318 = VECTOR('',#2319,1.);
#2319 = DIRECTION('',(1.,0.));
#2320 = ( GEOMETRIC_REPRESENTATION_CONTEXT(2) 
PARAMETRIC_REPRESENTATION_CONTEXT() REPRESENTATION_CONTEXT('2D SPACE',''
  ) );
#2321 = ADVANCED_FACE('',(#2322),#426,.F.);
#2322 = FACE_BOUND('',#2323,.F.);
#2323 = EDGE_LOOP('',(#2324,#2325,#2326,#2327));
#2324 = ORIENTED_EDGE('',*,*,#2231,.F.);
#2325 = ORIENTED_EDGE('',*,*,#410,.T.);
#2326 = ORIENTED_EDGE('',*,*,#2279,.T.);
#2327 = ORIENTED_EDGE('',*,*,#2328,.F.);
#2328 = EDGE_CURVE('',#2232,#2280,#2329,.T.);
#2329 = SURFACE_CURVE('',#2330,(#2334,#2340),.PCURVE_S1.);
#2330 = LINE('',#2331,#2332);
#2331 = CARTESIAN_POINT('',(0.,11.5,37.));
#2332 = VECTOR('',#2333,1.);
#2333 = DIRECTION('',(0.,-1.,0.));
#2334 = PCURVE('',#426,#2335);
#2335 = DEFINITIONAL_REPRESENTATION('',(#2336),#2339);
#2336 = B_SPLINE_CURVE_WITH_KNOTS('',1,(#2337,#2338),.UNSPECIFIED.,.F.,
  .F.,(2,2),(-35.5,-1.5),.PIECEWISE_BEZIER_KNOTS.);
#2337 = CARTESIAN_POINT('',(701.,34.));
#2338 = CARTESIAN_POINT('',(701.,0.));
#2339 = ( GEOMETRIC_REPRESENTATION_CONTEXT(2) 
PARAMETRIC_REPRESENTATION_CONTEXT() REPRESENTATION_CONTEXT('2D SPACE',''
  ) );
#2340 = PCURVE('',#927,#2341);
#2341 = DEFINITIONAL_REPRESENTATION('',(#2342),#2346);
#2342 = LINE('',#2343,#2344);
#2343 = CARTESIAN_POINT('',(37.,-461.5));
#2344 = VECTOR('',#2345,1.);
#2345 = DIRECTION('',(0.,1.));
#2346 = ( GEOMETRIC_REPRESENTATION_CONTEXT(2) 
PARAMETRIC_REPRESENTATION_CONTEXT() REPRESENTATION_CONTEXT('2D SPACE',''
  ) );
#2347 = ADVANCED_FACE('',(#2348),#482,.T.);
#2348 = FACE_BOUND('',#2349,.T.);
#2349 = EDGE_LOOP('',(#2350,#2373,#2374,#2397));
#2350 = ORIENTED_EDGE('',*,*,#2351,.F.);
#2351 = EDGE_CURVE('',#465,#2352,#2354,.T.);
#2352 = VERTEX_POINT('',#2353);
#2353 = CARTESIAN_POINT('',(0.,13.,523.));
#2354 = SURFACE_CURVE('',#2355,(#2359,#2366),.PCURVE_S1.);
#2355 = LINE('',#2356,#2357);
#2356 = CARTESIAN_POINT('',(-701.,13.,523.));
#2357 = VECTOR('',#2358,1.);
#2358 = DIRECTION('',(1.,0.,-0.));
#2359 = PCURVE('',#482,#2360);
#2360 = DEFINITIONAL_REPRESENTATION('',(#2361),#2365);
#2361 = LINE('',#2362,#2363);
#2362 = CARTESIAN_POINT('',(0.,0.));
#2363 = VECTOR('',#2364,1.);
#2364 = DIRECTION('',(0.,1.));
#2365 = ( GEOMETRIC_REPRESENTATION_CONTEXT(2) 
PARAMETRIC_REPRESENTATION_CONTEXT() REPRESENTATION_CONTEXT('2D SPACE',''
  ) );
#2366 = PCURVE('',#561,#2367);
#2367 = DEFINITIONAL_REPRESENTATION('',(#2368),#2372);
#2368 = LINE('',#2369,#2370);
#2369 = CARTESIAN_POINT('',(0.,0.));
#2370 = VECTOR('',#2371,1.);
#2371 = DIRECTION('',(1.,0.));
#2372 = ( GEOMETRIC_REPRESENTATION_CONTEXT(2) 
PARAMETRIC_REPRESENTATION_CONTEXT() REPRESENTATION_CONTEXT('2D SPACE',''
  ) );
#2373 = ORIENTED_EDGE('',*,*,#464,.T.);
#2374 = ORIENTED_EDGE('',*,*,#2375,.T.);
#2375 = EDGE_CURVE('',#467,#2376,#2378,.T.);
#2376 = VERTEX_POINT('',#2377);
#2377 = CARTESIAN_POINT('',(0.,13.,557.));
#2378 = SURFACE_CURVE('',#2379,(#2383,#2390),.PCURVE_S1.);
#2379 = LINE('',#2380,#2381);
#2380 = CARTESIAN_POINT('',(-701.,13.,557.));
#2381 = VECTOR('',#2382,1.);
#2382 = DIRECTION('',(1.,0.,-0.));
#2383 = PCURVE('',#482,#2384);
#2384 = DEFINITIONAL_REPRESENTATION('',(#2385),#2389);
#2385 = LINE('',#2386,#2387);
#2386 = CARTESIAN_POINT('',(34.,0.));
#2387 = VECTOR('',#2388,1.);
#2388 = DIRECTION('',(0.,1.));
#2389 = ( GEOMETRIC_REPRESENTATION_CONTEXT(2) 
PARAMETRIC_REPRESENTATION_CONTEXT() REPRESENTATION_CONTEXT('2D SPACE',''
  ) );
#2390 = PCURVE('',#509,#2391);
#2391 = DEFINITIONAL_REPRESENTATION('',(#2392),#2396);
#2392 = LINE('',#2393,#2394);
#2393 = CARTESIAN_POINT('',(0.,0.));
#2394 = VECTOR('',#2395,1.);
#2395 = DIRECTION('',(1.,0.));
#2396 = ( GEOMETRIC_REPRESENTATION_CONTEXT(2) 
PARAMETRIC_REPRESENTATION_CONTEXT() REPRESENTATION_CONTEXT('2D SPACE',''
  ) );
#2397 = ORIENTED_EDGE('',*,*,#2398,.F.);
#2398 = EDGE_CURVE('',#2352,#2376,#2399,.T.);
#2399 = SURFACE_CURVE('',#2400,(#2404,#2410),.PCURVE_S1.);
#2400 = LINE('',#2401,#2402);
#2401 = CARTESIAN_POINT('',(0.,13.,521.5));
#2402 = VECTOR('',#2403,1.);
#2403 = DIRECTION('',(0.,0.,1.));
#2404 = PCURVE('',#482,#2405);
#2405 = DEFINITIONAL_REPRESENTATION('',(#2406),#2409);
#2406 = B_SPLINE_CURVE_WITH_KNOTS('',1,(#2407,#2408),.UNSPECIFIED.,.F.,
  .F.,(2,2),(1.5,35.5),.PIECEWISE_BEZIER_KNOTS.);
#2407 = CARTESIAN_POINT('',(0.,701.));
#2408 = CARTESIAN_POINT('',(34.,701.));
#2409 = ( GEOMETRIC_REPRESENTATION_CONTEXT(2) 
PARAMETRIC_REPRESENTATION_CONTEXT() REPRESENTATION_CONTEXT('2D SPACE',''
  ) );
#2410 = PCURVE('',#927,#2411);
#2411 = DEFINITIONAL_REPRESENTATION('',(#2412),#2416);
#2412 = LINE('',#2413,#2414);
#2413 = CARTESIAN_POINT('',(521.5,-463.));
#2414 = VECTOR('',#2415,1.);
#2415 = DIRECTION('',(1.,0.));
#2416 = ( GEOMETRIC_REPRESENTATION_CONTEXT(2) 
PARAMETRIC_REPRESENTATION_CONTEXT() REPRESENTATION_CONTEXT('2D SPACE',''
  ) );
#2417 = ADVANCED_FACE('',(#2418),#561,.T.);
#2418 = FACE_BOUND('',#2419,.T.);
#2419 = EDGE_LOOP('',(#2420,#2443,#2444,#2445));
#2420 = ORIENTED_EDGE('',*,*,#2421,.F.);
#2421 = EDGE_CURVE('',#521,#2422,#2424,.T.);
#2422 = VERTEX_POINT('',#2423);
#2423 = CARTESIAN_POINT('',(0.,47.,523.));
#2424 = SURFACE_CURVE('',#2425,(#2429,#2436),.PCURVE_S1.);
#2425 = LINE('',#2426,#2427);
#2426 = CARTESIAN_POINT('',(-701.,47.,523.));
#2427 = VECTOR('',#2428,1.);
#2428 = DIRECTION('',(1.,0.,-0.));
#2429 = PCURVE('',#561,#2430);
#2430 = DEFINITIONAL_REPRESENTATION('',(#2431),#2435);
#2431 = LINE('',#2432,#2433);
#2432 = CARTESIAN_POINT('',(0.,34.));
#2433 = VECTOR('',#2434,1.);
#2434 = DIRECTION('',(1.,0.));
#2435 = ( GEOMETRIC_REPRESENTATION_CONTEXT(2) 
PARAMETRIC_REPRESENTATION_CONTEXT() REPRESENTATION_CONTEXT('2D SPACE',''
  ) );
#2436 = PCURVE('',#536,#2437);
#2437 = DEFINITIONAL_REPRESENTATION('',(#2438),#2442);
#2438 = LINE('',#2439,#2440);
#2439 = CARTESIAN_POINT('',(0.,0.));
#2440 = VECTOR('',#2441,1.);
#2441 = DIRECTION('',(0.,1.));
#2442 = ( GEOMETRIC_REPRESENTATION_CONTEXT(2) 
PARAMETRIC_REPRESENTATION_CONTEXT() REPRESENTATION_CONTEXT('2D SPACE',''
  ) );
#2443 = ORIENTED_EDGE('',*,*,#547,.T.);
#2444 = ORIENTED_EDGE('',*,*,#2351,.T.);
#2445 = ORIENTED_EDGE('',*,*,#2446,.F.);
#2446 = EDGE_CURVE('',#2422,#2352,#2447,.T.);
#2447 = SURFACE_CURVE('',#2448,(#2452,#2458),.PCURVE_S1.);
#2448 = LINE('',#2449,#2450);
#2449 = CARTESIAN_POINT('',(0.,11.5,523.));
#2450 = VECTOR('',#2451,1.);
#2451 = DIRECTION('',(0.,-1.,0.));
#2452 = PCURVE('',#561,#2453);
#2453 = DEFINITIONAL_REPRESENTATION('',(#2454),#2457);
#2454 = B_SPLINE_CURVE_WITH_KNOTS('',1,(#2455,#2456),.UNSPECIFIED.,.F.,
  .F.,(2,2),(-35.5,-1.5),.PIECEWISE_BEZIER_KNOTS.);
#2455 = CARTESIAN_POINT('',(701.,34.));
#2456 = CARTESIAN_POINT('',(701.,0.));
#2457 = ( GEOMETRIC_REPRESENTATION_CONTEXT(2) 
PARAMETRIC_REPRESENTATION_CONTEXT() REPRESENTATION_CONTEXT('2D SPACE',''
  ) );
#2458 = PCURVE('',#927,#2459);
#2459 = DEFINITIONAL_REPRESENTATION('',(#2460),#2464);
#2460 = LINE('',#2461,#2462);
#2461 = CARTESIAN_POINT('',(523.,-461.5));
#2462 = VECTOR('',#2463,1.);
#2463 = DIRECTION('',(0.,1.));
#2464 = ( GEOMETRIC_REPRESENTATION_CONTEXT(2) 
PARAMETRIC_REPRESENTATION_CONTEXT() REPRESENTATION_CONTEXT('2D SPACE',''
  ) );
#2465 = ADVANCED_FACE('',(#2466),#509,.F.);
#2466 = FACE_BOUND('',#2467,.F.);
#2467 = EDGE_LOOP('',(#2468,#2491,#2492,#2493));
#2468 = ORIENTED_EDGE('',*,*,#2469,.F.);
#2469 = EDGE_CURVE('',#494,#2470,#2472,.T.);
#2470 = VERTEX_POINT('',#2471);
#2471 = CARTESIAN_POINT('',(0.,47.,557.));
#2472 = SURFACE_CURVE('',#2473,(#2477,#2484),.PCURVE_S1.);
#2473 = LINE('',#2474,#2475);
#2474 = CARTESIAN_POINT('',(-701.,47.,557.));
#2475 = VECTOR('',#2476,1.);
#2476 = DIRECTION('',(1.,0.,-0.));
#2477 = PCURVE('',#509,#2478);
#2478 = DEFINITIONAL_REPRESENTATION('',(#2479),#2483);
#2479 = LINE('',#2480,#2481);
#2480 = CARTESIAN_POINT('',(0.,34.));
#2481 = VECTOR('',#2482,1.);
#2482 = DIRECTION('',(1.,0.));
#2483 = ( GEOMETRIC_REPRESENTATION_CONTEXT(2) 
PARAMETRIC_REPRESENTATION_CONTEXT() REPRESENTATION_CONTEXT('2D SPACE',''
  ) );
#2484 = PCURVE('',#536,#2485);
#2485 = DEFINITIONAL_REPRESENTATION('',(#2486),#2490);
#2486 = LINE('',#2487,#2488);
#2487 = CARTESIAN_POINT('',(34.,0.));
#2488 = VECTOR('',#2489,1.);
#2489 = DIRECTION('',(0.,1.));
#2490 = ( GEOMETRIC_REPRESENTATION_CONTEXT(2) 
PARAMETRIC_REPRESENTATION_CONTEXT() REPRESENTATION_CONTEXT('2D SPACE',''
  ) );
#2491 = ORIENTED_EDGE('',*,*,#493,.T.);
#2492 = ORIENTED_EDGE('',*,*,#2375,.T.);
#2493 = ORIENTED_EDGE('',*,*,#2494,.F.);
#2494 = EDGE_CURVE('',#2470,#2376,#2495,.T.);
#2495 = SURFACE_CURVE('',#2496,(#2500,#2506),.PCURVE_S1.);
#2496 = LINE('',#2497,#2498);
#2497 = CARTESIAN_POINT('',(0.,11.5,557.));
#2498 = VECTOR('',#2499,1.);
#2499 = DIRECTION('',(0.,-1.,0.));
#2500 = PCURVE('',#509,#2501);
#2501 = DEFINITIONAL_REPRESENTATION('',(#2502),#2505);
#2502 = B_SPLINE_CURVE_WITH_KNOTS('',1,(#2503,#2504),.UNSPECIFIED.,.F.,
  .F.,(2,2),(-35.5,-1.5),.PIECEWISE_BEZIER_KNOTS.);
#2503 = CARTESIAN_POINT('',(701.,34.));
#2504 = CARTESIAN_POINT('',(701.,0.));
#2505 = ( GEOMETRIC_REPRESENTATION_CONTEXT(2) 
PARAMETRIC_REPRESENTATION_CONTEXT() REPRESENTATION_CONTEXT('2D SPACE',''
  ) );
#2506 = PCURVE('',#927,#2507);
#2507 = DEFINITIONAL_REPRESENTATION('',(#2508),#2512);
#2508 = LINE('',#2509,#2510);
#2509 = CARTESIAN_POINT('',(557.,-461.5));
#2510 = VECTOR('',#2511,1.);
#2511 = DIRECTION('',(0.,1.));
#2512 = ( GEOMETRIC_REPRESENTATION_CONTEXT(2) 
PARAMETRIC_REPRESENTATION_CONTEXT() REPRESENTATION_CONTEXT('2D SPACE',''
  ) );
#2513 = ADVANCED_FACE('',(#2514),#536,.F.);
#2514 = FACE_BOUND('',#2515,.F.);
#2515 = EDGE_LOOP('',(#2516,#2517,#2518,#2519));
#2516 = ORIENTED_EDGE('',*,*,#2421,.F.);
#2517 = ORIENTED_EDGE('',*,*,#520,.T.);
#2518 = ORIENTED_EDGE('',*,*,#2469,.T.);
#2519 = ORIENTED_EDGE('',*,*,#2520,.F.);
#2520 = EDGE_CURVE('',#2422,#2470,#2521,.T.);
#2521 = SURFACE_CURVE('',#2522,(#2526,#2532),.PCURVE_S1.);
#2522 = LINE('',#2523,#2524);
#2523 = CARTESIAN_POINT('',(0.,47.,521.5));
#2524 = VECTOR('',#2525,1.);
#2525 = DIRECTION('',(0.,0.,1.));
#2526 = PCURVE('',#536,#2527);
#2527 = DEFINITIONAL_REPRESENTATION('',(#2528),#2531);
#2528 = B_SPLINE_CURVE_WITH_KNOTS('',1,(#2529,#2530),.UNSPECIFIED.,.F.,
  .F.,(2,2),(1.5,35.5),.PIECEWISE_BEZIER_KNOTS.);
#2529 = CARTESIAN_POINT('',(0.,701.));
#2530 = CARTESIAN_POINT('',(34.,701.));
#2531 = ( GEOMETRIC_REPRESENTATION_CONTEXT(2) 
PARAMETRIC_REPRESENTATION_CONTEXT() REPRESENTATION_CONTEXT('2D SPACE',''
  ) );
#2532 = PCURVE('',#927,#2533);
#2533 = DEFINITIONAL_REPRESENTATION('',(#2534),#2538);
#2534 = LINE('',#2535,#2536);
#2535 = CARTESIAN_POINT('',(521.5,-497.));
#2536 = VECTOR('',#2537,1.);
#2537 = DIRECTION('',(1.,0.));
#2538 = ( GEOMETRIC_REPRESENTATION_CONTEXT(2) 
PARAMETRIC_REPRESENTATION_CONTEXT() REPRESENTATION_CONTEXT('2D SPACE',''
  ) );
#2539 = ADVANCED_FACE('',(#2540),#592,.T.);
#2540 = FACE_BOUND('',#2541,.T.);
#2541 = EDGE_LOOP('',(#2542,#2565,#2566,#2589));
#2542 = ORIENTED_EDGE('',*,*,#2543,.F.);
#2543 = EDGE_CURVE('',#575,#2544,#2546,.T.);
#2544 = VERTEX_POINT('',#2545);
#2545 = CARTESIAN_POINT('',(0.,-413.,3.));
#2546 = SURFACE_CURVE('',#2547,(#2551,#2558),.PCURVE_S1.);
#2547 = LINE('',#2548,#2549);
#2548 = CARTESIAN_POINT('',(-701.,-413.,3.));
#2549 = VECTOR('',#2550,1.);
#2550 = DIRECTION('',(1.,0.,-0.));
#2551 = PCURVE('',#592,#2552);
#2552 = DEFINITIONAL_REPRESENTATION('',(#2553),#2557);
#2553 = LINE('',#2554,#2555);
#2554 = CARTESIAN_POINT('',(0.,34.));
#2555 = VECTOR('',#2556,1.);
#2556 = DIRECTION('',(1.,0.));
#2557 = ( GEOMETRIC_REPRESENTATION_CONTEXT(2) 
PARAMETRIC_REPRESENTATION_CONTEXT() REPRESENTATION_CONTEXT('2D SPACE',''
  ) );
#2558 = PCURVE('',#671,#2559);
#2559 = DEFINITIONAL_REPRESENTATION('',(#2560),#2564);
#2560 = LINE('',#2561,#2562);
#2561 = CARTESIAN_POINT('',(0.,0.));
#2562 = VECTOR('',#2563,1.);
#2563 = DIRECTION('',(0.,1.));
#2564 = ( GEOMETRIC_REPRESENTATION_CONTEXT(2) 
PARAMETRIC_REPRESENTATION_CONTEXT() REPRESENTATION_CONTEXT('2D SPACE',''
  ) );
#2565 = ORIENTED_EDGE('',*,*,#574,.T.);
#2566 = ORIENTED_EDGE('',*,*,#2567,.T.);
#2567 = EDGE_CURVE('',#577,#2568,#2570,.T.);
#2568 = VERTEX_POINT('',#2569);
#2569 = CARTESIAN_POINT('',(0.,-447.,3.));
#2570 = SURFACE_CURVE('',#2571,(#2575,#2582),.PCURVE_S1.);
#2571 = LINE('',#2572,#2573);
#2572 = CARTESIAN_POINT('',(-701.,-447.,3.));
#2573 = VECTOR('',#2574,1.);
#2574 = DIRECTION('',(1.,0.,-0.));
#2575 = PCURVE('',#592,#2576);
#2576 = DEFINITIONAL_REPRESENTATION('',(#2577),#2581);
#2577 = LINE('',#2578,#2579);
#2578 = CARTESIAN_POINT('',(0.,0.));
#2579 = VECTOR('',#2580,1.);
#2580 = DIRECTION('',(1.,0.));
#2581 = ( GEOMETRIC_REPRESENTATION_CONTEXT(2) 
PARAMETRIC_REPRESENTATION_CONTEXT() REPRESENTATION_CONTEXT('2D SPACE',''
  ) );
#2582 = PCURVE('',#619,#2583);
#2583 = DEFINITIONAL_REPRESENTATION('',(#2584),#2588);
#2584 = LINE('',#2585,#2586);
#2585 = CARTESIAN_POINT('',(0.,0.));
#2586 = VECTOR('',#2587,1.);
#2587 = DIRECTION('',(0.,1.));
#2588 = ( GEOMETRIC_REPRESENTATION_CONTEXT(2) 
PARAMETRIC_REPRESENTATION_CONTEXT() REPRESENTATION_CONTEXT('2D SPACE',''
  ) );
#2589 = ORIENTED_EDGE('',*,*,#2590,.F.);
#2590 = EDGE_CURVE('',#2544,#2568,#2591,.T.);
#2591 = SURFACE_CURVE('',#2592,(#2596,#2602),.PCURVE_S1.);
#2592 = LINE('',#2593,#2594);
#2593 = CARTESIAN_POINT('',(0.,-448.5,3.));
#2594 = VECTOR('',#2595,1.);
#2595 = DIRECTION('',(0.,-1.,0.));
#2596 = PCURVE('',#592,#2597);
#2597 = DEFINITIONAL_REPRESENTATION('',(#2598),#2601);
#2598 = B_SPLINE_CURVE_WITH_KNOTS('',1,(#2599,#2600),.UNSPECIFIED.,.F.,
  .F.,(2,2),(-35.5,-1.5),.PIECEWISE_BEZIER_KNOTS.);
#2599 = CARTESIAN_POINT('',(701.,34.));
#2600 = CARTESIAN_POINT('',(701.,0.));
#2601 = ( GEOMETRIC_REPRESENTATION_CONTEXT(2) 
PARAMETRIC_REPRESENTATION_CONTEXT() REPRESENTATION_CONTEXT('2D SPACE',''
  ) );
#2602 = PCURVE('',#927,#2603);
#2603 = DEFINITIONAL_REPRESENTATION('',(#2604),#2608);
#2604 = LINE('',#2605,#2606);
#2605 = CARTESIAN_POINT('',(3.,-1.5));
#2606 = VECTOR('',#2607,1.);
#2607 = DIRECTION('',(0.,1.));
#2608 = ( GEOMETRIC_REPRESENTATION_CONTEXT(2) 
PARAMETRIC_REPRESENTATION_CONTEXT() REPRESENTATION_CONTEXT('2D SPACE',''
  ) );
#2609 = ADVANCED_FACE('',(#2610),#671,.F.);
#2610 = FACE_BOUND('',#2611,.F.);
#2611 = EDGE_LOOP('',(#2612,#2613,#2614,#2637));
#2612 = ORIENTED_EDGE('',*,*,#2543,.F.);
#2613 = ORIENTED_EDGE('',*,*,#657,.T.);
#2614 = ORIENTED_EDGE('',*,*,#2615,.T.);
#2615 = EDGE_CURVE('',#631,#2616,#2618,.T.);
#2616 = VERTEX_POINT('',#2617);
#2617 = CARTESIAN_POINT('',(0.,-413.,37.));
#2618 = SURFACE_CURVE('',#2619,(#2623,#2630),.PCURVE_S1.);
#2619 = LINE('',#2620,#2621);
#2620 = CARTESIAN_POINT('',(-701.,-413.,37.));
#2621 = VECTOR('',#2622,1.);
#2622 = DIRECTION('',(1.,0.,-0.));
#2623 = PCURVE('',#671,#2624);
#2624 = DEFINITIONAL_REPRESENTATION('',(#2625),#2629);
#2625 = LINE('',#2626,#2627);
#2626 = CARTESIAN_POINT('',(34.,0.));
#2627 = VECTOR('',#2628,1.);
#2628 = DIRECTION('',(0.,1.));
#2629 = ( GEOMETRIC_REPRESENTATION_CONTEXT(2) 
PARAMETRIC_REPRESENTATION_CONTEXT() REPRESENTATION_CONTEXT('2D SPACE',''
  ) );
#2630 = PCURVE('',#646,#2631);
#2631 = DEFINITIONAL_REPRESENTATION('',(#2632),#2636);
#2632 = LINE('',#2633,#2634);
#2633 = CARTESIAN_POINT('',(0.,34.));
#2634 = VECTOR('',#2635,1.);
#2635 = DIRECTION('',(1.,0.));
#2636 = ( GEOMETRIC_REPRESENTATION_CONTEXT(2) 
PARAMETRIC_REPRESENTATION_CONTEXT() REPRESENTATION_CONTEXT('2D SPACE',''
  ) );
#2637 = ORIENTED_EDGE('',*,*,#2638,.F.);
#2638 = EDGE_CURVE('',#2544,#2616,#2639,.T.);
#2639 = SURFACE_CURVE('',#2640,(#2644,#2650),.PCURVE_S1.);
#2640 = LINE('',#2641,#2642);
#2641 = CARTESIAN_POINT('',(0.,-413.,1.5));
#2642 = VECTOR('',#2643,1.);
#2643 = DIRECTION('',(0.,0.,1.));
#2644 = PCURVE('',#671,#2645);
#2645 = DEFINITIONAL_REPRESENTATION('',(#2646),#2649);
#2646 = B_SPLINE_CURVE_WITH_KNOTS('',1,(#2647,#2648),.UNSPECIFIED.,.F.,
  .F.,(2,2),(1.5,35.5),.PIECEWISE_BEZIER_KNOTS.);
#2647 = CARTESIAN_POINT('',(0.,701.));
#2648 = CARTESIAN_POINT('',(34.,701.));
#2649 = ( GEOMETRIC_REPRESENTATION_CONTEXT(2) 
PARAMETRIC_REPRESENTATION_CONTEXT() REPRESENTATION_CONTEXT('2D SPACE',''
  ) );
#2650 = PCURVE('',#927,#2651);
#2651 = DEFINITIONAL_REPRESENTATION('',(#2652),#2656);
#2652 = LINE('',#2653,#2654);
#2653 = CARTESIAN_POINT('',(1.5,-37.));
#2654 = VECTOR('',#2655,1.);
#2655 = DIRECTION('',(1.,0.));
#2656 = ( GEOMETRIC_REPRESENTATION_CONTEXT(2) 
PARAMETRIC_REPRESENTATION_CONTEXT() REPRESENTATION_CONTEXT('2D SPACE',''
  ) );
#2657 = ADVANCED_FACE('',(#2658),#619,.T.);
#2658 = FACE_BOUND('',#2659,.T.);
#2659 = EDGE_LOOP('',(#2660,#2661,#2662,#2685));
#2660 = ORIENTED_EDGE('',*,*,#2567,.F.);
#2661 = ORIENTED_EDGE('',*,*,#603,.T.);
#2662 = ORIENTED_EDGE('',*,*,#2663,.T.);
#2663 = EDGE_CURVE('',#604,#2664,#2666,.T.);
#2664 = VERTEX_POINT('',#2665);
#2665 = CARTESIAN_POINT('',(0.,-447.,37.));
#2666 = SURFACE_CURVE('',#2667,(#2671,#2678),.PCURVE_S1.);
#2667 = LINE('',#2668,#2669);
#2668 = CARTESIAN_POINT('',(-701.,-447.,37.));
#2669 = VECTOR('',#2670,1.);
#2670 = DIRECTION('',(1.,0.,-0.));
#2671 = PCURVE('',#619,#2672);
#2672 = DEFINITIONAL_REPRESENTATION('',(#2673),#2677);
#2673 = LINE('',#2674,#2675);
#2674 = CARTESIAN_POINT('',(34.,0.));
#2675 = VECTOR('',#2676,1.);
#2676 = DIRECTION('',(0.,1.));
#2677 = ( GEOMETRIC_REPRESENTATION_CONTEXT(2) 
PARAMETRIC_REPRESENTATION_CONTEXT() REPRESENTATION_CONTEXT('2D SPACE',''
  ) );
#2678 = PCURVE('',#646,#2679);
#2679 = DEFINITIONAL_REPRESENTATION('',(#2680),#2684);
#2680 = LINE('',#2681,#2682);
#2681 = CARTESIAN_POINT('',(0.,0.));
#2682 = VECTOR('',#2683,1.);
#2683 = DIRECTION('',(1.,0.));
#2684 = ( GEOMETRIC_REPRESENTATION_CONTEXT(2) 
PARAMETRIC_REPRESENTATION_CONTEXT() REPRESENTATION_CONTEXT('2D SPACE',''
  ) );
#2685 = ORIENTED_EDGE('',*,*,#2686,.F.);
#2686 = EDGE_CURVE('',#2568,#2664,#2687,.T.);
#2687 = SURFACE_CURVE('',#2688,(#2692,#2698),.PCURVE_S1.);
#2688 = LINE('',#2689,#2690);
#2689 = CARTESIAN_POINT('',(0.,-447.,1.5));
#2690 = VECTOR('',#2691,1.);
#2691 = DIRECTION('',(0.,0.,1.));
#2692 = PCURVE('',#619,#2693);
#2693 = DEFINITIONAL_REPRESENTATION('',(#2694),#2697);
#2694 = B_SPLINE_CURVE_WITH_KNOTS('',1,(#2695,#2696),.UNSPECIFIED.,.F.,
  .F.,(2,2),(1.5,35.5),.PIECEWISE_BEZIER_KNOTS.);
#2695 = CARTESIAN_POINT('',(0.,701.));
#2696 = CARTESIAN_POINT('',(34.,701.));
#2697 = ( GEOMETRIC_REPRESENTATION_CONTEXT(2) 
PARAMETRIC_REPRESENTATION_CONTEXT() REPRESENTATION_CONTEXT('2D SPACE',''
  ) );
#2698 = PCURVE('',#927,#2699);
#2699 = DEFINITIONAL_REPRESENTATION('',(#2700),#2704);
#2700 = LINE('',#2701,#2702);
#2701 = CARTESIAN_POINT('',(1.5,-3.));
#2702 = VECTOR('',#2703,1.);
#2703 = DIRECTION('',(1.,0.));
#2704 = ( GEOMETRIC_REPRESENTATION_CONTEXT(2) 
PARAMETRIC_REPRESENTATION_CONTEXT() REPRESENTATION_CONTEXT('2D SPACE',''
  ) );
#2705 = ADVANCED_FACE('',(#2706),#646,.F.);
#2706 = FACE_BOUND('',#2707,.F.);
#2707 = EDGE_LOOP('',(#2708,#2709,#2710,#2711));
#2708 = ORIENTED_EDGE('',*,*,#2615,.F.);
#2709 = ORIENTED_EDGE('',*,*,#630,.T.);
#2710 = ORIENTED_EDGE('',*,*,#2663,.T.);
#2711 = ORIENTED_EDGE('',*,*,#2712,.F.);
#2712 = EDGE_CURVE('',#2616,#2664,#2713,.T.);
#2713 = SURFACE_CURVE('',#2714,(#2718,#2724),.PCURVE_S1.);
#2714 = LINE('',#2715,#2716);
#2715 = CARTESIAN_POINT('',(0.,-448.5,37.));
#2716 = VECTOR('',#2717,1.);
#2717 = DIRECTION('',(0.,-1.,0.));
#2718 = PCURVE('',#646,#2719);
#2719 = DEFINITIONAL_REPRESENTATION('',(#2720),#2723);
#2720 = B_SPLINE_CURVE_WITH_KNOTS('',1,(#2721,#2722),.UNSPECIFIED.,.F.,
  .F.,(2,2),(-35.5,-1.5),.PIECEWISE_BEZIER_KNOTS.);
#2721 = CARTESIAN_POINT('',(701.,34.));
#2722 = CARTESIAN_POINT('',(701.,0.));
#2723 = ( GEOMETRIC_REPRESENTATION_CONTEXT(2) 
PARAMETRIC_REPRESENTATION_CONTEXT() REPRESENTATION_CONTEXT('2D SPACE',''
  ) );
#2724 = PCURVE('',#927,#2725);
#2725 = DEFINITIONAL_REPRESENTATION('',(#2726),#2730);
#2726 = LINE('',#2727,#2728);
#2727 = CARTESIAN_POINT('',(37.,-1.5));
#2728 = VECTOR('',#2729,1.);
#2729 = DIRECTION('',(0.,1.));
#2730 = ( GEOMETRIC_REPRESENTATION_CONTEXT(2) 
PARAMETRIC_REPRESENTATION_CONTEXT() REPRESENTATION_CONTEXT('2D SPACE',''
  ) );
#2731 = ADVANCED_FACE('',(#2732),#702,.T.);
#2732 = FACE_BOUND('',#2733,.T.);
#2733 = EDGE_LOOP('',(#2734,#2757,#2758,#2781));
#2734 = ORIENTED_EDGE('',*,*,#2735,.F.);
#2735 = EDGE_CURVE('',#685,#2736,#2738,.T.);
#2736 = VERTEX_POINT('',#2737);
#2737 = CARTESIAN_POINT('',(0.,-413.,523.));
#2738 = SURFACE_CURVE('',#2739,(#2743,#2750),.PCURVE_S1.);
#2739 = LINE('',#2740,#2741);
#2740 = CARTESIAN_POINT('',(-701.,-413.,523.));
#2741 = VECTOR('',#2742,1.);
#2742 = DIRECTION('',(1.,0.,-0.));
#2743 = PCURVE('',#702,#2744);
#2744 = DEFINITIONAL_REPRESENTATION('',(#2745),#2749);
#2745 = LINE('',#2746,#2747);
#2746 = CARTESIAN_POINT('',(0.,34.));
#2747 = VECTOR('',#2748,1.);
#2748 = DIRECTION('',(1.,0.));
#2749 = ( GEOMETRIC_REPRESENTATION_CONTEXT(2) 
PARAMETRIC_REPRESENTATION_CONTEXT() REPRESENTATION_CONTEXT('2D SPACE',''
  ) );
#2750 = PCURVE('',#781,#2751);
#2751 = DEFINITIONAL_REPRESENTATION('',(#2752),#2756);
#2752 = LINE('',#2753,#2754);
#2753 = CARTESIAN_POINT('',(0.,0.));
#2754 = VECTOR('',#2755,1.);
#2755 = DIRECTION('',(0.,1.));
#2756 = ( GEOMETRIC_REPRESENTATION_CONTEXT(2) 
PARAMETRIC_REPRESENTATION_CONTEXT() REPRESENTATION_CONTEXT('2D SPACE',''
  ) );
#2757 = ORIENTED_EDGE('',*,*,#684,.T.);
#2758 = ORIENTED_EDGE('',*,*,#2759,.T.);
#2759 = EDGE_CURVE('',#687,#2760,#2762,.T.);
#2760 = VERTEX_POINT('',#2761);
#2761 = CARTESIAN_POINT('',(0.,-447.,523.));
#2762 = SURFACE_CURVE('',#2763,(#2767,#2774),.PCURVE_S1.);
#2763 = LINE('',#2764,#2765);
#2764 = CARTESIAN_POINT('',(-701.,-447.,523.));
#2765 = VECTOR('',#2766,1.);
#2766 = DIRECTION('',(1.,0.,-0.));
#2767 = PCURVE('',#702,#2768);
#2768 = DEFINITIONAL_REPRESENTATION('',(#2769),#2773);
#2769 = LINE('',#2770,#2771);
#2770 = CARTESIAN_POINT('',(0.,0.));
#2771 = VECTOR('',#2772,1.);
#2772 = DIRECTION('',(1.,0.));
#2773 = ( GEOMETRIC_REPRESENTATION_CONTEXT(2) 
PARAMETRIC_REPRESENTATION_CONTEXT() REPRESENTATION_CONTEXT('2D SPACE',''
  ) );
#2774 = PCURVE('',#729,#2775);
#2775 = DEFINITIONAL_REPRESENTATION('',(#2776),#2780);
#2776 = LINE('',#2777,#2778);
#2777 = CARTESIAN_POINT('',(0.,0.));
#2778 = VECTOR('',#2779,1.);
#2779 = DIRECTION('',(0.,1.));
#2780 = ( GEOMETRIC_REPRESENTATION_CONTEXT(2) 
PARAMETRIC_REPRESENTATION_CONTEXT() REPRESENTATION_CONTEXT('2D SPACE',''
  ) );
#2781 = ORIENTED_EDGE('',*,*,#2782,.F.);
#2782 = EDGE_CURVE('',#2736,#2760,#2783,.T.);
#2783 = SURFACE_CURVE('',#2784,(#2788,#2794),.PCURVE_S1.);
#2784 = LINE('',#2785,#2786);
#2785 = CARTESIAN_POINT('',(0.,-448.5,523.));
#2786 = VECTOR('',#2787,1.);
#2787 = DIRECTION('',(0.,-1.,0.));
#2788 = PCURVE('',#702,#2789);
#2789 = DEFINITIONAL_REPRESENTATION('',(#2790),#2793);
#2790 = B_SPLINE_CURVE_WITH_KNOTS('',1,(#2791,#2792),.UNSPECIFIED.,.F.,
  .F.,(2,2),(-35.5,-1.5),.PIECEWISE_BEZIER_KNOTS.);
#2791 = CARTESIAN_POINT('',(701.,34.));
#2792 = CARTESIAN_POINT('',(701.,0.));
#2793 = ( GEOMETRIC_REPRESENTATION_CONTEXT(2) 
PARAMETRIC_REPRESENTATION_CONTEXT() REPRESENTATION_CONTEXT('2D SPACE',''
  ) );
#2794 = PCURVE('',#927,#2795);
#2795 = DEFINITIONAL_REPRESENTATION('',(#2796),#2800);
#2796 = LINE('',#2797,#2798);
#2797 = CARTESIAN_POINT('',(523.,-1.5));
#2798 = VECTOR('',#2799,1.);
#2799 = DIRECTION('',(0.,1.));
#2800 = ( GEOMETRIC_REPRESENTATION_CONTEXT(2) 
PARAMETRIC_REPRESENTATION_CONTEXT() REPRESENTATION_CONTEXT('2D SPACE',''
  ) );
#2801 = ADVANCED_FACE('',(#2802),#781,.F.);
#2802 = FACE_BOUND('',#2803,.F.);
#2803 = EDGE_LOOP('',(#2804,#2805,#2806,#2829));
#2804 = ORIENTED_EDGE('',*,*,#2735,.F.);
#2805 = ORIENTED_EDGE('',*,*,#767,.T.);
#2806 = ORIENTED_EDGE('',*,*,#2807,.T.);
#2807 = EDGE_CURVE('',#741,#2808,#2810,.T.);
#2808 = VERTEX_POINT('',#2809);
#2809 = CARTESIAN_POINT('',(0.,-413.,557.));
#2810 = SURFACE_CURVE('',#2811,(#2815,#2822),.PCURVE_S1.);
#2811 = LINE('',#2812,#2813);
#2812 = CARTESIAN_POINT('',(-701.,-413.,557.));
#2813 = VECTOR('',#2814,1.);
#2814 = DIRECTION('',(1.,0.,-0.));
#2815 = PCURVE('',#781,#2816);
#2816 = DEFINITIONAL_REPRESENTATION('',(#2817),#2821);
#2817 = LINE('',#2818,#2819);
#2818 = CARTESIAN_POINT('',(34.,0.));
#2819 = VECTOR('',#2820,1.);
#2820 = DIRECTION('',(0.,1.));
#2821 = ( GEOMETRIC_REPRESENTATION_CONTEXT(2) 
PARAMETRIC_REPRESENTATION_CONTEXT() REPRESENTATION_CONTEXT('2D SPACE',''
  ) );
#2822 = PCURVE('',#756,#2823);
#2823 = DEFINITIONAL_REPRESENTATION('',(#2824),#2828);
#2824 = LINE('',#2825,#2826);
#2825 = CARTESIAN_POINT('',(0.,34.));
#2826 = VECTOR('',#2827,1.);
#2827 = DIRECTION('',(1.,0.));
#2828 = ( GEOMETRIC_REPRESENTATION_CONTEXT(2) 
PARAMETRIC_REPRESENTATION_CONTEXT() REPRESENTATION_CONTEXT('2D SPACE',''
  ) );
#2829 = ORIENTED_EDGE('',*,*,#2830,.F.);
#2830 = EDGE_CURVE('',#2736,#2808,#2831,.T.);
#2831 = SURFACE_CURVE('',#2832,(#2836,#2842),.PCURVE_S1.);
#2832 = LINE('',#2833,#2834);
#2833 = CARTESIAN_POINT('',(0.,-413.,521.5));
#2834 = VECTOR('',#2835,1.);
#2835 = DIRECTION('',(0.,0.,1.));
#2836 = PCURVE('',#781,#2837);
#2837 = DEFINITIONAL_REPRESENTATION('',(#2838),#2841);
#2838 = B_SPLINE_CURVE_WITH_KNOTS('',1,(#2839,#2840),.UNSPECIFIED.,.F.,
  .F.,(2,2),(1.5,35.5),.PIECEWISE_BEZIER_KNOTS.);
#2839 = CARTESIAN_POINT('',(0.,701.));
#2840 = CARTESIAN_POINT('',(34.,701.));
#2841 = ( GEOMETRIC_REPRESENTATION_CONTEXT(2) 
PARAMETRIC_REPRESENTATION_CONTEXT() REPRESENTATION_CONTEXT('2D SPACE',''
  ) );
#2842 = PCURVE('',#927,#2843);
#2843 = DEFINITIONAL_REPRESENTATION('',(#2844),#2848);
#2844 = LINE('',#2845,#2846);
#2845 = CARTESIAN_POINT('',(521.5,-37.));
#2846 = VECTOR('',#2847,1.);
#2847 = DIRECTION('',(1.,0.));
#2848 = ( GEOMETRIC_REPRESENTATION_CONTEXT(2) 
PARAMETRIC_REPRESENTATION_CONTEXT() REPRESENTATION_CONTEXT('2D SPACE',''
  ) );
#2849 = ADVANCED_FACE('',(#2850),#729,.T.);
#2850 = FACE_BOUND('',#2851,.T.);
#2851 = EDGE_LOOP('',(#2852,#2853,#2854,#2877));
#2852 = ORIENTED_EDGE('',*,*,#2759,.F.);
#2853 = ORIENTED_EDGE('',*,*,#713,.T.);
#2854 = ORIENTED_EDGE('',*,*,#2855,.T.);
#2855 = EDGE_CURVE('',#714,#2856,#2858,.T.);
#2856 = VERTEX_POINT('',#2857);
#2857 = CARTESIAN_POINT('',(0.,-447.,557.));
#2858 = SURFACE_CURVE('',#2859,(#2863,#2870),.PCURVE_S1.);
#2859 = LINE('',#2860,#2861);
#2860 = CARTESIAN_POINT('',(-701.,-447.,557.));
#2861 = VECTOR('',#2862,1.);
#2862 = DIRECTION('',(1.,0.,-0.));
#2863 = PCURVE('',#729,#2864);
#2864 = DEFINITIONAL_REPRESENTATION('',(#2865),#2869);
#2865 = LINE('',#2866,#2867);
#2866 = CARTESIAN_POINT('',(34.,0.));
#2867 = VECTOR('',#2868,1.);
#2868 = DIRECTION('',(0.,1.));
#2869 = ( GEOMETRIC_REPRESENTATION_CONTEXT(2) 
PARAMETRIC_REPRESENTATION_CONTEXT() REPRESENTATION_CONTEXT('2D SPACE',''
  ) );
#2870 = PCURVE('',#756,#2871);
#2871 = DEFINITIONAL_REPRESENTATION('',(#2872),#2876);
#2872 = LINE('',#2873,#2874);
#2873 = CARTESIAN_POINT('',(0.,0.));
#2874 = VECTOR('',#2875,1.);
#2875 = DIRECTION('',(1.,0.));
#2876 = ( GEOMETRIC_REPRESENTATION_CONTEXT(2) 
PARAMETRIC_REPRESENTATION_CONTEXT() REPRESENTATION_CONTEXT('2D SPACE',''
  ) );
#2877 = ORIENTED_EDGE('',*,*,#2878,.F.);
#2878 = EDGE_CURVE('',#2760,#2856,#2879,.T.);
#2879 = SURFACE_CURVE('',#2880,(#2884,#2890),.PCURVE_S1.);
#2880 = LINE('',#2881,#2882);
#2881 = CARTESIAN_POINT('',(0.,-447.,521.5));
#2882 = VECTOR('',#2883,1.);
#2883 = DIRECTION('',(0.,0.,1.));
#2884 = PCURVE('',#729,#2885);
#2885 = DEFINITIONAL_REPRESENTATION('',(#2886),#2889);
#2886 = B_SPLINE_CURVE_WITH_KNOTS('',1,(#2887,#2888),.UNSPECIFIED.,.F.,
  .F.,(2,2),(1.5,35.5),.PIECEWISE_BEZIER_KNOTS.);
#2887 = CARTESIAN_POINT('',(0.,701.));
#2888 = CARTESIAN_POINT('',(34.,701.));
#2889 = ( GEOMETRIC_REPRESENTATION_CONTEXT(2) 
PARAMETRIC_REPRESENTATION_CONTEXT() REPRESENTATION_CONTEXT('2D SPACE',''
  ) );
#2890 = PCURVE('',#927,#2891);
#2891 = DEFINITIONAL_REPRESENTATION('',(#2892),#2896);
#2892 = LINE('',#2893,#2894);
#2893 = CARTESIAN_POINT('',(521.5,-3.));
#2894 = VECTOR('',#2895,1.);
#2895 = DIRECTION('',(1.,0.));
#2896 = ( GEOMETRIC_REPRESENTATION_CONTEXT(2) 
PARAMETRIC_REPRESENTATION_CONTEXT() REPRESENTATION_CONTEXT('2D SPACE',''
  ) );
#2897 = ADVANCED_FACE('',(#2898),#756,.F.);
#2898 = FACE_BOUND('',#2899,.F.);
#2899 = EDGE_LOOP('',(#2900,#2901,#2902,#2903));
#2900 = ORIENTED_EDGE('',*,*,#2807,.F.);
#2901 = ORIENTED_EDGE('',*,*,#740,.T.);
#2902 = ORIENTED_EDGE('',*,*,#2855,.T.);
#2903 = ORIENTED_EDGE('',*,*,#2904,.F.);
#2904 = EDGE_CURVE('',#2808,#2856,#2905,.T.);
#2905 = SURFACE_CURVE('',#2906,(#2910,#2916),.PCURVE_S1.);
#2906 = LINE('',#2907,#2908);
#2907 = CARTESIAN_POINT('',(0.,-448.5,557.));
#2908 = VECTOR('',#2909,1.);
#2909 = DIRECTION('',(0.,-1.,0.));
#2910 = PCURVE('',#756,#2911);
#2911 = DEFINITIONAL_REPRESENTATION('',(#2912),#2915);
#2912 = B_SPLINE_CURVE_WITH_KNOTS('',1,(#2913,#2914),.UNSPECIFIED.,.F.,
  .F.,(2,2),(-35.5,-1.5),.PIECEWISE_BEZIER_KNOTS.);
#2913 = CARTESIAN_POINT('',(701.,34.));
#2914 = CARTESIAN_POINT('',(701.,0.));
#2915 = ( GEOMETRIC_REPRESENTATION_CONTEXT(2) 
PARAMETRIC_REPRESENTATION_CONTEXT() REPRESENTATION_CONTEXT('2D SPACE',''
  ) );
#2916 = PCURVE('',#927,#2917);
#2917 = DEFINITIONAL_REPRESENTATION('',(#2918),#2922);
#2918 = LINE('',#2919,#2920);
#2919 = CARTESIAN_POINT('',(557.,-1.5));
#2920 = VECTOR('',#2921,1.);
#2921 = DIRECTION('',(0.,1.));
#2922 = ( GEOMETRIC_REPRESENTATION_CONTEXT(2) 
PARAMETRIC_REPRESENTATION_CONTEXT() REPRESENTATION_CONTEXT('2D SPACE',''
  ) );
#2923 = ADVANCED_FACE('',(#2924),#813,.F.);
#2924 = FACE_BOUND('',#2925,.F.);
#2925 = EDGE_LOOP('',(#2926,#2947,#2948,#2971));
#2926 = ORIENTED_EDGE('',*,*,#2927,.F.);
#2927 = EDGE_CURVE('',#796,#1420,#2928,.T.);
#2928 = SURFACE_CURVE('',#2929,(#2933,#2940),.PCURVE_S1.);
#2929 = LINE('',#2930,#2931);
#2930 = CARTESIAN_POINT('',(-660.,-450.,520.));
#2931 = VECTOR('',#2932,1.);
#2932 = DIRECTION('',(-0.,1.,0.));
#2933 = PCURVE('',#813,#2934);
#2934 = DEFINITIONAL_REPRESENTATION('',(#2935),#2939);
#2935 = LINE('',#2936,#2937);
#2936 = CARTESIAN_POINT('',(40.,0.));
#2937 = VECTOR('',#2938,1.);
#2938 = DIRECTION('',(0.,1.));
#2939 = ( GEOMETRIC_REPRESENTATION_CONTEXT(2) 
PARAMETRIC_REPRESENTATION_CONTEXT() REPRESENTATION_CONTEXT('2D SPACE',''
  ) );
#2940 = PCURVE('',#841,#2941);
#2941 = DEFINITIONAL_REPRESENTATION('',(#2942),#2946);
#2942 = LINE('',#2943,#2944);
#2943 = CARTESIAN_POINT('',(480.,0.));
#2944 = VECTOR('',#2945,1.);
#2945 = DIRECTION('',(0.,-1.));
#2946 = ( GEOMETRIC_REPRESENTATION_CONTEXT(2) 
PARAMETRIC_REPRESENTATION_CONTEXT() REPRESENTATION_CONTEXT('2D SPACE',''
  ) );
#2947 = ORIENTED_EDGE('',*,*,#795,.T.);
#2948 = ORIENTED_EDGE('',*,*,#2949,.T.);
#2949 = EDGE_CURVE('',#798,#2950,#2952,.T.);
#2950 = VERTEX_POINT('',#2951);
#2951 = CARTESIAN_POINT('',(-40.,-410.,520.));
#2952 = SURFACE_CURVE('',#2953,(#2957,#2964),.PCURVE_S1.);
#2953 = LINE('',#2954,#2955);
#2954 = CARTESIAN_POINT('',(-40.,-450.,520.));
#2955 = VECTOR('',#2956,1.);
#2956 = DIRECTION('',(-0.,1.,0.));
#2957 = PCURVE('',#813,#2958);
#2958 = DEFINITIONAL_REPRESENTATION('',(#2959),#2963);
#2959 = LINE('',#2960,#2961);
#2960 = CARTESIAN_POINT('',(660.,0.));
#2961 = VECTOR('',#2962,1.);
#2962 = DIRECTION('',(0.,1.));
#2963 = ( GEOMETRIC_REPRESENTATION_CONTEXT(2) 
PARAMETRIC_REPRESENTATION_CONTEXT() REPRESENTATION_CONTEXT('2D SPACE',''
  ) );
#2964 = PCURVE('',#895,#2965);
#2965 = DEFINITIONAL_REPRESENTATION('',(#2966),#2970);
#2966 = LINE('',#2967,#2968);
#2967 = CARTESIAN_POINT('',(480.,0.));
#2968 = VECTOR('',#2969,1.);
#2969 = DIRECTION('',(0.,-1.));
#2970 = ( GEOMETRIC_REPRESENTATION_CONTEXT(2) 
PARAMETRIC_REPRESENTATION_CONTEXT() REPRESENTATION_CONTEXT('2D SPACE',''
  ) );
#2971 = ORIENTED_EDGE('',*,*,#2972,.F.);
#2972 = EDGE_CURVE('',#1420,#2950,#2973,.T.);
#2973 = SURFACE_CURVE('',#2974,(#2978,#2985),.PCURVE_S1.);
#2974 = LINE('',#2975,#2976);
#2975 = CARTESIAN_POINT('',(-700.,-410.,520.));
#2976 = VECTOR('',#2977,1.);
#2977 = DIRECTION('',(1.,0.,-0.));
#2978 = PCURVE('',#813,#2979);
#2979 = DEFINITIONAL_REPRESENTATION('',(#2980),#2984);
#2980 = LINE('',#2981,#2982);
#2981 = CARTESIAN_POINT('',(0.,40.));
#2982 = VECTOR('',#2983,1.);
#2983 = DIRECTION('',(1.,0.));
#2984 = ( GEOMETRIC_REPRESENTATION_CONTEXT(2) 
PARAMETRIC_REPRESENTATION_CONTEXT() REPRESENTATION_CONTEXT('2D SPACE',''
  ) );
#2985 = PCURVE('',#1138,#2986);
#2986 = DEFINITIONAL_REPRESENTATION('',(#2987),#2991);
#2987 = LINE('',#2988,#2989);
#2988 = CARTESIAN_POINT('',(0.,0.));
#2989 = VECTOR('',#2990,1.);
#2990 = DIRECTION('',(0.,1.));
#2991 = ( GEOMETRIC_REPRESENTATION_CONTEXT(2) 
PARAMETRIC_REPRESENTATION_CONTEXT() REPRESENTATION_CONTEXT('2D SPACE',''
  ) );
#2992 = ADVANCED_FACE('',(#2993),#841,.T.);
#2993 = FACE_BOUND('',#2994,.T.);
#2994 = EDGE_LOOP('',(#2995,#2996,#3017,#3018));
#2995 = ORIENTED_EDGE('',*,*,#825,.F.);
#2996 = ORIENTED_EDGE('',*,*,#2997,.T.);
#2997 = EDGE_CURVE('',#826,#1537,#2998,.T.);
#2998 = SURFACE_CURVE('',#2999,(#3003,#3010),.PCURVE_S1.);
#2999 = LINE('',#3000,#3001);
#3000 = CARTESIAN_POINT('',(-660.,-450.,40.));
#3001 = VECTOR('',#3002,1.);
#3002 = DIRECTION('',(-0.,1.,0.));
#3003 = PCURVE('',#841,#3004);
#3004 = DEFINITIONAL_REPRESENTATION('',(#3005),#3009);
#3005 = LINE('',#3006,#3007);
#3006 = CARTESIAN_POINT('',(0.,0.));
#3007 = VECTOR('',#3008,1.);
#3008 = DIRECTION('',(0.,-1.));
#3009 = ( GEOMETRIC_REPRESENTATION_CONTEXT(2) 
PARAMETRIC_REPRESENTATION_CONTEXT() REPRESENTATION_CONTEXT('2D SPACE',''
  ) );
#3010 = PCURVE('',#869,#3011);
#3011 = DEFINITIONAL_REPRESENTATION('',(#3012),#3016);
#3012 = LINE('',#3013,#3014);
#3013 = CARTESIAN_POINT('',(40.,0.));
#3014 = VECTOR('',#3015,1.);
#3015 = DIRECTION('',(0.,1.));
#3016 = ( GEOMETRIC_REPRESENTATION_CONTEXT(2) 
PARAMETRIC_REPRESENTATION_CONTEXT() REPRESENTATION_CONTEXT('2D SPACE',''
  ) );
#3017 = ORIENTED_EDGE('',*,*,#1561,.T.);
#3018 = ORIENTED_EDGE('',*,*,#2927,.F.);
#3019 = ADVANCED_FACE('',(#3020),#869,.T.);
#3020 = FACE_BOUND('',#3021,.T.);
#3021 = EDGE_LOOP('',(#3022,#3045,#3046,#3047));
#3022 = ORIENTED_EDGE('',*,*,#3023,.F.);
#3023 = EDGE_CURVE('',#1537,#3024,#3026,.T.);
#3024 = VERTEX_POINT('',#3025);
#3025 = CARTESIAN_POINT('',(-40.,-410.,40.));
#3026 = SURFACE_CURVE('',#3027,(#3031,#3038),.PCURVE_S1.);
#3027 = LINE('',#3028,#3029);
#3028 = CARTESIAN_POINT('',(-700.,-410.,40.));
#3029 = VECTOR('',#3030,1.);
#3030 = DIRECTION('',(1.,0.,-0.));
#3031 = PCURVE('',#869,#3032);
#3032 = DEFINITIONAL_REPRESENTATION('',(#3033),#3037);
#3033 = LINE('',#3034,#3035);
#3034 = CARTESIAN_POINT('',(0.,40.));
#3035 = VECTOR('',#3036,1.);
#3036 = DIRECTION('',(1.,0.));
#3037 = ( GEOMETRIC_REPRESENTATION_CONTEXT(2) 
PARAMETRIC_REPRESENTATION_CONTEXT() REPRESENTATION_CONTEXT('2D SPACE',''
  ) );
#3038 = PCURVE('',#2067,#3039);
#3039 = DEFINITIONAL_REPRESENTATION('',(#3040),#3044);
#3040 = LINE('',#3041,#3042);
#3041 = CARTESIAN_POINT('',(40.,0.));
#3042 = VECTOR('',#3043,1.);
#3043 = DIRECTION('',(0.,1.));
#3044 = ( GEOMETRIC_REPRESENTATION_CONTEXT(2) 
PARAMETRIC_REPRESENTATION_CONTEXT() REPRESENTATION_CONTEXT('2D SPACE',''
  ) );
#3045 = ORIENTED_EDGE('',*,*,#2997,.F.);
#3046 = ORIENTED_EDGE('',*,*,#853,.T.);
#3047 = ORIENTED_EDGE('',*,*,#3048,.T.);
#3048 = EDGE_CURVE('',#854,#3024,#3049,.T.);
#3049 = SURFACE_CURVE('',#3050,(#3054,#3061),.PCURVE_S1.);
#3050 = LINE('',#3051,#3052);
#3051 = CARTESIAN_POINT('',(-40.,-450.,40.));
#3052 = VECTOR('',#3053,1.);
#3053 = DIRECTION('',(-0.,1.,0.));
#3054 = PCURVE('',#869,#3055);
#3055 = DEFINITIONAL_REPRESENTATION('',(#3056),#3060);
#3056 = LINE('',#3057,#3058);
#3057 = CARTESIAN_POINT('',(660.,0.));
#3058 = VECTOR('',#3059,1.);
#3059 = DIRECTION('',(0.,1.));
#3060 = ( GEOMETRIC_REPRESENTATION_CONTEXT(2) 
PARAMETRIC_REPRESENTATION_CONTEXT() REPRESENTATION_CONTEXT('2D SPACE',''
  ) );
#3061 = PCURVE('',#895,#3062);
#3062 = DEFINITIONAL_REPRESENTATION('',(#3063),#3067);
#3063 = LINE('',#3064,#3065);
#3064 = CARTESIAN_POINT('',(0.,0.));
#3065 = VECTOR('',#3066,1.);
#3066 = DIRECTION('',(0.,-1.));
#3067 = ( GEOMETRIC_REPRESENTATION_CONTEXT(2) 
PARAMETRIC_REPRESENTATION_CONTEXT() REPRESENTATION_CONTEXT('2D SPACE',''
  ) );
#3068 = ADVANCED_FACE('',(#3069),#895,.F.);
#3069 = FACE_BOUND('',#3070,.F.);
#3070 = EDGE_LOOP('',(#3071,#3072,#3073,#3099));
#3071 = ORIENTED_EDGE('',*,*,#881,.F.);
#3072 = ORIENTED_EDGE('',*,*,#3048,.T.);
#3073 = ORIENTED_EDGE('',*,*,#3074,.T.);
#3074 = EDGE_CURVE('',#3024,#2950,#3075,.T.);
#3075 = SURFACE_CURVE('',#3076,(#3080,#3087),.PCURVE_S1.);
#3076 = LINE('',#3077,#3078);
#3077 = CARTESIAN_POINT('',(-40.,-410.,40.));
#3078 = VECTOR('',#3079,1.);
#3079 = DIRECTION('',(0.,0.,1.));
#3080 = PCURVE('',#895,#3081);
#3081 = DEFINITIONAL_REPRESENTATION('',(#3082),#3086);
#3082 = LINE('',#3083,#3084);
#3083 = CARTESIAN_POINT('',(0.,-40.));
#3084 = VECTOR('',#3085,1.);
#3085 = DIRECTION('',(1.,0.));
#3086 = ( GEOMETRIC_REPRESENTATION_CONTEXT(2) 
PARAMETRIC_REPRESENTATION_CONTEXT() REPRESENTATION_CONTEXT('2D SPACE',''
  ) );
#3087 = PCURVE('',#3088,#3093);
#3088 = PLANE('',#3089);
#3089 = AXIS2_PLACEMENT_3D('',#3090,#3091,#3092);
#3090 = CARTESIAN_POINT('',(-40.,-410.,40.));
#3091 = DIRECTION('',(-0.,1.,0.));
#3092 = DIRECTION('',(0.,0.,1.));
#3093 = DEFINITIONAL_REPRESENTATION('',(#3094),#3098);
#3094 = LINE('',#3095,#3096);
#3095 = CARTESIAN_POINT('',(0.,0.));
#3096 = VECTOR('',#3097,1.);
#3097 = DIRECTION('',(1.,0.));
#3098 = ( GEOMETRIC_REPRESENTATION_CONTEXT(2) 
PARAMETRIC_REPRESENTATION_CONTEXT() REPRESENTATION_CONTEXT('2D SPACE',''
  ) );
#3099 = ORIENTED_EDGE('',*,*,#2949,.F.);
#3100 = ADVANCED_FACE('',(#3101,#3127,#3236,#3242,#3248,#3254),#927,.T.
  );
#3101 = FACE_BOUND('',#3102,.T.);
#3102 = EDGE_LOOP('',(#3103,#3104,#3105,#3106));
#3103 = ORIENTED_EDGE('',*,*,#909,.F.);
#3104 = ORIENTED_EDGE('',*,*,#2024,.F.);
#3105 = ORIENTED_EDGE('',*,*,#1890,.F.);
#3106 = ORIENTED_EDGE('',*,*,#3107,.F.);
#3107 = EDGE_CURVE('',#912,#1868,#3108,.T.);
#3108 = SURFACE_CURVE('',#3109,(#3113,#3120),.PCURVE_S1.);
#3109 = LINE('',#3110,#3111);
#3110 = CARTESIAN_POINT('',(0.,-450.,560.));
#3111 = VECTOR('',#3112,1.);
#3112 = DIRECTION('',(0.,1.,0.));
#3113 = PCURVE('',#927,#3114);
#3114 = DEFINITIONAL_REPRESENTATION('',(#3115),#3119);
#3115 = LINE('',#3116,#3117);
#3116 = CARTESIAN_POINT('',(560.,0.));
#3117 = VECTOR('',#3118,1.);
#3118 = DIRECTION('',(0.,-1.));
#3119 = ( GEOMETRIC_REPRESENTATION_CONTEXT(2) 
PARAMETRIC_REPRESENTATION_CONTEXT() REPRESENTATION_CONTEXT('2D SPACE',''
  ) );
#3120 = PCURVE('',#1082,#3121);
#3121 = DEFINITIONAL_REPRESENTATION('',(#3122),#3126);
#3122 = LINE('',#3123,#3124);
#3123 = CARTESIAN_POINT('',(700.,0.));
#3124 = VECTOR('',#3125,1.);
#3125 = DIRECTION('',(0.,1.));
#3126 = ( GEOMETRIC_REPRESENTATION_CONTEXT(2) 
PARAMETRIC_REPRESENTATION_CONTEXT() REPRESENTATION_CONTEXT('2D SPACE',''
  ) );
#3127 = FACE_BOUND('',#3128,.T.);
#3128 = EDGE_LOOP('',(#3129,#3159,#3182,#3210));
#3129 = ORIENTED_EDGE('',*,*,#3130,.F.);
#3130 = EDGE_CURVE('',#3131,#3133,#3135,.T.);
#3131 = VERTEX_POINT('',#3132);
#3132 = CARTESIAN_POINT('',(0.,-410.,40.));
#3133 = VERTEX_POINT('',#3134);
#3134 = CARTESIAN_POINT('',(0.,10.,40.));
#3135 = SURFACE_CURVE('',#3136,(#3140,#3147),.PCURVE_S1.);
#3136 = LINE('',#3137,#3138);
#3137 = CARTESIAN_POINT('',(0.,-450.,40.));
#3138 = VECTOR('',#3139,1.);
#3139 = DIRECTION('',(0.,1.,0.));
#3140 = PCURVE('',#927,#3141);
#3141 = DEFINITIONAL_REPRESENTATION('',(#3142),#3146);
#3142 = LINE('',#3143,#3144);
#3143 = CARTESIAN_POINT('',(40.,0.));
#3144 = VECTOR('',#3145,1.);
#3145 = DIRECTION('',(0.,-1.));
#3146 = ( GEOMETRIC_REPRESENTATION_CONTEXT(2) 
PARAMETRIC_REPRESENTATION_CONTEXT() REPRESENTATION_CONTEXT('2D SPACE',''
  ) );
#3147 = PCURVE('',#3148,#3153);
#3148 = PLANE('',#3149);
#3149 = AXIS2_PLACEMENT_3D('',#3150,#3151,#3152);
#3150 = CARTESIAN_POINT('',(-700.,-450.,40.));
#3151 = DIRECTION('',(0.,0.,1.));
#3152 = DIRECTION('',(1.,0.,-0.));
#3153 = DEFINITIONAL_REPRESENTATION('',(#3154),#3158);
#3154 = LINE('',#3155,#3156);
#3155 = CARTESIAN_POINT('',(700.,0.));
#3156 = VECTOR('',#3157,1.);
#3157 = DIRECTION('',(0.,1.));
#3158 = ( GEOMETRIC_REPRESENTATION_CONTEXT(2) 
PARAMETRIC_REPRESENTATION_CONTEXT() REPRESENTATION_CONTEXT('2D SPACE',''
  ) );
#3159 = ORIENTED_EDGE('',*,*,#3160,.T.);
#3160 = EDGE_CURVE('',#3131,#3161,#3163,.T.);
#3161 = VERTEX_POINT('',#3162);
#3162 = CARTESIAN_POINT('',(0.,-410.,520.));
#3163 = SURFACE_CURVE('',#3164,(#3168,#3175),.PCURVE_S1.);
#3164 = LINE('',#3165,#3166);
#3165 = CARTESIAN_POINT('',(0.,-410.,40.));
#3166 = VECTOR('',#3167,1.);
#3167 = DIRECTION('',(0.,0.,1.));
#3168 = PCURVE('',#927,#3169);
#3169 = DEFINITIONAL_REPRESENTATION('',(#3170),#3174);
#3170 = LINE('',#3171,#3172);
#3171 = CARTESIAN_POINT('',(40.,-40.));
#3172 = VECTOR('',#3173,1.);
#3173 = DIRECTION('',(1.,0.));
#3174 = ( GEOMETRIC_REPRESENTATION_CONTEXT(2) 
PARAMETRIC_REPRESENTATION_CONTEXT() REPRESENTATION_CONTEXT('2D SPACE',''
  ) );
#3175 = PCURVE('',#3088,#3176);
#3176 = DEFINITIONAL_REPRESENTATION('',(#3177),#3181);
#3177 = LINE('',#3178,#3179);
#3178 = CARTESIAN_POINT('',(0.,40.));
#3179 = VECTOR('',#3180,1.);
#3180 = DIRECTION('',(1.,0.));
#3181 = ( GEOMETRIC_REPRESENTATION_CONTEXT(2) 
PARAMETRIC_REPRESENTATION_CONTEXT() REPRESENTATION_CONTEXT('2D SPACE',''
  ) );
#3182 = ORIENTED_EDGE('',*,*,#3183,.F.);
#3183 = EDGE_CURVE('',#3184,#3161,#3186,.T.);
#3184 = VERTEX_POINT('',#3185);
#3185 = CARTESIAN_POINT('',(0.,10.,520.));
#3186 = SURFACE_CURVE('',#3187,(#3191,#3198),.PCURVE_S1.);
#3187 = LINE('',#3188,#3189);
#3188 = CARTESIAN_POINT('',(0.,50.,520.));
#3189 = VECTOR('',#3190,1.);
#3190 = DIRECTION('',(0.,-1.,0.));
#3191 = PCURVE('',#927,#3192);
#3192 = DEFINITIONAL_REPRESENTATION('',(#3193),#3197);
#3193 = LINE('',#3194,#3195);
#3194 = CARTESIAN_POINT('',(520.,-500.));
#3195 = VECTOR('',#3196,1.);
#3196 = DIRECTION('',(0.,1.));
#3197 = ( GEOMETRIC_REPRESENTATION_CONTEXT(2) 
PARAMETRIC_REPRESENTATION_CONTEXT() REPRESENTATION_CONTEXT('2D SPACE',''
  ) );
#3198 = PCURVE('',#3199,#3204);
#3199 = PLANE('',#3200);
#3200 = AXIS2_PLACEMENT_3D('',#3201,#3202,#3203);
#3201 = CARTESIAN_POINT('',(-700.,-450.,520.));
#3202 = DIRECTION('',(0.,0.,1.));
#3203 = DIRECTION('',(1.,0.,-0.));
#3204 = DEFINITIONAL_REPRESENTATION('',(#3205),#3209);
#3205 = LINE('',#3206,#3207);
#3206 = CARTESIAN_POINT('',(700.,500.));
#3207 = VECTOR('',#3208,1.);
#3208 = DIRECTION('',(0.,-1.));
#3209 = ( GEOMETRIC_REPRESENTATION_CONTEXT(2) 
PARAMETRIC_REPRESENTATION_CONTEXT() REPRESENTATION_CONTEXT('2D SPACE',''
  ) );
#3210 = ORIENTED_EDGE('',*,*,#3211,.F.);
#3211 = EDGE_CURVE('',#3133,#3184,#3212,.T.);
#3212 = SURFACE_CURVE('',#3213,(#3217,#3224),.PCURVE_S1.);
#3213 = LINE('',#3214,#3215);
#3214 = CARTESIAN_POINT('',(0.,10.,40.));
#3215 = VECTOR('',#3216,1.);
#3216 = DIRECTION('',(0.,0.,1.));
#3217 = PCURVE('',#927,#3218);
#3218 = DEFINITIONAL_REPRESENTATION('',(#3219),#3223);
#3219 = LINE('',#3220,#3221);
#3220 = CARTESIAN_POINT('',(40.,-460.));
#3221 = VECTOR('',#3222,1.);
#3222 = DIRECTION('',(1.,0.));
#3223 = ( GEOMETRIC_REPRESENTATION_CONTEXT(2) 
PARAMETRIC_REPRESENTATION_CONTEXT() REPRESENTATION_CONTEXT('2D SPACE',''
  ) );
#3224 = PCURVE('',#3225,#3230);
#3225 = PLANE('',#3226);
#3226 = AXIS2_PLACEMENT_3D('',#3227,#3228,#3229);
#3227 = CARTESIAN_POINT('',(-40.,10.,40.));
#3228 = DIRECTION('',(-0.,1.,0.));
#3229 = DIRECTION('',(0.,0.,1.));
#3230 = DEFINITIONAL_REPRESENTATION('',(#3231),#3235);
#3231 = LINE('',#3232,#3233);
#3232 = CARTESIAN_POINT('',(0.,40.));
#3233 = VECTOR('',#3234,1.);
#3234 = DIRECTION('',(1.,0.));
#3235 = ( GEOMETRIC_REPRESENTATION_CONTEXT(2) 
PARAMETRIC_REPRESENTATION_CONTEXT() REPRESENTATION_CONTEXT('2D SPACE',''
  ) );
#3236 = FACE_BOUND('',#3237,.T.);
#3237 = EDGE_LOOP('',(#3238,#3239,#3240,#3241));
#3238 = ORIENTED_EDGE('',*,*,#2590,.T.);
#3239 = ORIENTED_EDGE('',*,*,#2686,.T.);
#3240 = ORIENTED_EDGE('',*,*,#2712,.F.);
#3241 = ORIENTED_EDGE('',*,*,#2638,.F.);
#3242 = FACE_BOUND('',#3243,.T.);
#3243 = EDGE_LOOP('',(#3244,#3245,#3246,#3247));
#3244 = ORIENTED_EDGE('',*,*,#2302,.T.);
#3245 = ORIENTED_EDGE('',*,*,#2328,.F.);
#3246 = ORIENTED_EDGE('',*,*,#2254,.F.);
#3247 = ORIENTED_EDGE('',*,*,#2206,.T.);
#3248 = FACE_BOUND('',#3249,.T.);
#3249 = EDGE_LOOP('',(#3250,#3251,#3252,#3253));
#3250 = ORIENTED_EDGE('',*,*,#2446,.T.);
#3251 = ORIENTED_EDGE('',*,*,#2398,.T.);
#3252 = ORIENTED_EDGE('',*,*,#2494,.F.);
#3253 = ORIENTED_EDGE('',*,*,#2520,.F.);
#3254 = FACE_BOUND('',#3255,.T.);
#3255 = EDGE_LOOP('',(#3256,#3257,#3258,#3259));
#3256 = ORIENTED_EDGE('',*,*,#2782,.T.);
#3257 = ORIENTED_EDGE('',*,*,#2878,.T.);
#3258 = ORIENTED_EDGE('',*,*,#2904,.F.);
#3259 = ORIENTED_EDGE('',*,*,#2830,.F.);
#3260 = ADVANCED_FACE('',(#3261),#1000,.F.);
#3261 = FACE_BOUND('',#3262,.F.);
#3262 = EDGE_LOOP('',(#3263,#3264,#3265,#3291,#3292,#3293));
#3263 = ORIENTED_EDGE('',*,*,#984,.F.);
#3264 = ORIENTED_EDGE('',*,*,#1099,.T.);
#3265 = ORIENTED_EDGE('',*,*,#3266,.T.);
#3266 = EDGE_CURVE('',#1100,#1179,#3267,.T.);
#3267 = SURFACE_CURVE('',#3268,(#3272,#3279),.PCURVE_S1.);
#3268 = LINE('',#3269,#3270);
#3269 = CARTESIAN_POINT('',(-450.,-450.,560.));
#3270 = VECTOR('',#3271,1.);
#3271 = DIRECTION('',(-0.,1.,0.));
#3272 = PCURVE('',#1000,#3273);
#3273 = DEFINITIONAL_REPRESENTATION('',(#3274),#3278);
#3274 = LINE('',#3275,#3276);
#3275 = CARTESIAN_POINT('',(0.,0.));
#3276 = VECTOR('',#3277,1.);
#3277 = DIRECTION('',(0.,-1.));
#3278 = ( GEOMETRIC_REPRESENTATION_CONTEXT(2) 
PARAMETRIC_REPRESENTATION_CONTEXT() REPRESENTATION_CONTEXT('2D SPACE',''
  ) );
#3279 = PCURVE('',#3280,#3285);
#3280 = PLANE('',#3281);
#3281 = AXIS2_PLACEMENT_3D('',#3282,#3283,#3284);
#3282 = CARTESIAN_POINT('',(-450.,-450.,560.));
#3283 = DIRECTION('',(0.,0.,1.));
#3284 = DIRECTION('',(1.,0.,-0.));
#3285 = DEFINITIONAL_REPRESENTATION('',(#3286),#3290);
#3286 = LINE('',#3287,#3288);
#3287 = CARTESIAN_POINT('',(0.,0.));
#3288 = VECTOR('',#3289,1.);
#3289 = DIRECTION('',(0.,1.));
#3290 = ( GEOMETRIC_REPRESENTATION_CONTEXT(2) 
PARAMETRIC_REPRESENTATION_CONTEXT() REPRESENTATION_CONTEXT('2D SPACE',''
  ) );
#3291 = ORIENTED_EDGE('',*,*,#1206,.T.);
#3292 = ORIENTED_EDGE('',*,*,#1798,.T.);
#3293 = ORIENTED_EDGE('',*,*,#3294,.F.);
#3294 = EDGE_CURVE('',#985,#1799,#3295,.T.);
#3295 = SURFACE_CURVE('',#3296,(#3300,#3307),.PCURVE_S1.);
#3296 = LINE('',#3297,#3298);
#3297 = CARTESIAN_POINT('',(-450.,-450.,570.));
#3298 = VECTOR('',#3299,1.);
#3299 = DIRECTION('',(-0.,1.,0.));
#3300 = PCURVE('',#1000,#3301);
#3301 = DEFINITIONAL_REPRESENTATION('',(#3302),#3306);
#3302 = LINE('',#3303,#3304);
#3303 = CARTESIAN_POINT('',(10.,0.));
#3304 = VECTOR('',#3305,1.);
#3305 = DIRECTION('',(0.,-1.));
#3306 = ( GEOMETRIC_REPRESENTATION_CONTEXT(2) 
PARAMETRIC_REPRESENTATION_CONTEXT() REPRESENTATION_CONTEXT('2D SPACE',''
  ) );
#3307 = PCURVE('',#1028,#3308);
#3308 = DEFINITIONAL_REPRESENTATION('',(#3309),#3313);
#3309 = LINE('',#3310,#3311);
#3310 = CARTESIAN_POINT('',(0.,0.));
#3311 = VECTOR('',#3312,1.);
#3312 = DIRECTION('',(0.,1.));
#3313 = ( GEOMETRIC_REPRESENTATION_CONTEXT(2) 
PARAMETRIC_REPRESENTATION_CONTEXT() REPRESENTATION_CONTEXT('2D SPACE',''
  ) );
#3314 = ADVANCED_FACE('',(#3315),#1028,.T.);
#3315 = FACE_BOUND('',#3316,.T.);
#3316 = EDGE_LOOP('',(#3317,#3318,#3319,#3340));
#3317 = ORIENTED_EDGE('',*,*,#3294,.F.);
#3318 = ORIENTED_EDGE('',*,*,#1012,.T.);
#3319 = ORIENTED_EDGE('',*,*,#3320,.T.);
#3320 = EDGE_CURVE('',#1013,#1822,#3321,.T.);
#3321 = SURFACE_CURVE('',#3322,(#3326,#3333),.PCURVE_S1.);
#3322 = LINE('',#3323,#3324);
#3323 = CARTESIAN_POINT('',(-150.,-450.,570.));
#3324 = VECTOR('',#3325,1.);
#3325 = DIRECTION('',(-0.,1.,0.));
#3326 = PCURVE('',#1028,#3327);
#3327 = DEFINITIONAL_REPRESENTATION('',(#3328),#3332);
#3328 = LINE('',#3329,#3330);
#3329 = CARTESIAN_POINT('',(300.,0.));
#3330 = VECTOR('',#3331,1.);
#3331 = DIRECTION('',(0.,1.));
#3332 = ( GEOMETRIC_REPRESENTATION_CONTEXT(2) 
PARAMETRIC_REPRESENTATION_CONTEXT() REPRESENTATION_CONTEXT('2D SPACE',''
  ) );
#3333 = PCURVE('',#1056,#3334);
#3334 = DEFINITIONAL_REPRESENTATION('',(#3335),#3339);
#3335 = LINE('',#3336,#3337);
#3336 = CARTESIAN_POINT('',(10.,0.));
#3337 = VECTOR('',#3338,1.);
#3338 = DIRECTION('',(0.,-1.));
#3339 = ( GEOMETRIC_REPRESENTATION_CONTEXT(2) 
PARAMETRIC_REPRESENTATION_CONTEXT() REPRESENTATION_CONTEXT('2D SPACE',''
  ) );
#3340 = ORIENTED_EDGE('',*,*,#1821,.F.);
#3341 = ADVANCED_FACE('',(#3342),#1056,.T.);
#3342 = FACE_BOUND('',#3343,.T.);
#3343 = EDGE_LOOP('',(#3344,#3345,#3368,#3391,#3412,#3413));
#3344 = ORIENTED_EDGE('',*,*,#1040,.F.);
#3345 = ORIENTED_EDGE('',*,*,#3346,.T.);
#3346 = EDGE_CURVE('',#1041,#3347,#3349,.T.);
#3347 = VERTEX_POINT('',#3348);
#3348 = CARTESIAN_POINT('',(-150.,-410.,560.));
#3349 = SURFACE_CURVE('',#3350,(#3354,#3361),.PCURVE_S1.);
#3350 = LINE('',#3351,#3352);
#3351 = CARTESIAN_POINT('',(-150.,-450.,560.));
#3352 = VECTOR('',#3353,1.);
#3353 = DIRECTION('',(-0.,1.,0.));
#3354 = PCURVE('',#1056,#3355);
#3355 = DEFINITIONAL_REPRESENTATION('',(#3356),#3360);
#3356 = LINE('',#3357,#3358);
#3357 = CARTESIAN_POINT('',(0.,0.));
#3358 = VECTOR('',#3359,1.);
#3359 = DIRECTION('',(0.,-1.));
#3360 = ( GEOMETRIC_REPRESENTATION_CONTEXT(2) 
PARAMETRIC_REPRESENTATION_CONTEXT() REPRESENTATION_CONTEXT('2D SPACE',''
  ) );
#3361 = PCURVE('',#1082,#3362);
#3362 = DEFINITIONAL_REPRESENTATION('',(#3363),#3367);
#3363 = LINE('',#3364,#3365);
#3364 = CARTESIAN_POINT('',(550.,0.));
#3365 = VECTOR('',#3366,1.);
#3366 = DIRECTION('',(0.,1.));
#3367 = ( GEOMETRIC_REPRESENTATION_CONTEXT(2) 
PARAMETRIC_REPRESENTATION_CONTEXT() REPRESENTATION_CONTEXT('2D SPACE',''
  ) );
#3368 = ORIENTED_EDGE('',*,*,#3369,.T.);
#3369 = EDGE_CURVE('',#3347,#3370,#3372,.T.);
#3370 = VERTEX_POINT('',#3371);
#3371 = CARTESIAN_POINT('',(-150.,10.,560.));
#3372 = SURFACE_CURVE('',#3373,(#3377,#3384),.PCURVE_S1.);
#3373 = LINE('',#3374,#3375);
#3374 = CARTESIAN_POINT('',(-150.,-450.,560.));
#3375 = VECTOR('',#3376,1.);
#3376 = DIRECTION('',(-0.,1.,0.));
#3377 = PCURVE('',#1056,#3378);
#3378 = DEFINITIONAL_REPRESENTATION('',(#3379),#3383);
#3379 = LINE('',#3380,#3381);
#3380 = CARTESIAN_POINT('',(0.,0.));
#3381 = VECTOR('',#3382,1.);
#3382 = DIRECTION('',(0.,-1.));
#3383 = ( GEOMETRIC_REPRESENTATION_CONTEXT(2) 
PARAMETRIC_REPRESENTATION_CONTEXT() REPRESENTATION_CONTEXT('2D SPACE',''
  ) );
#3384 = PCURVE('',#3280,#3385);
#3385 = DEFINITIONAL_REPRESENTATION('',(#3386),#3390);
#3386 = LINE('',#3387,#3388);
#3387 = CARTESIAN_POINT('',(300.,0.));
#3388 = VECTOR('',#3389,1.);
#3389 = DIRECTION('',(0.,1.));
#3390 = ( GEOMETRIC_REPRESENTATION_CONTEXT(2) 
PARAMETRIC_REPRESENTATION_CONTEXT() REPRESENTATION_CONTEXT('2D SPACE',''
  ) );
#3391 = ORIENTED_EDGE('',*,*,#3392,.T.);
#3392 = EDGE_CURVE('',#3370,#1845,#3393,.T.);
#3393 = SURFACE_CURVE('',#3394,(#3398,#3405),.PCURVE_S1.);
#3394 = LINE('',#3395,#3396);
#3395 = CARTESIAN_POINT('',(-150.,-450.,560.));
#3396 = VECTOR('',#3397,1.);
#3397 = DIRECTION('',(-0.,1.,0.));
#3398 = PCURVE('',#1056,#3399);
#3399 = DEFINITIONAL_REPRESENTATION('',(#3400),#3404);
#3400 = LINE('',#3401,#3402);
#3401 = CARTESIAN_POINT('',(0.,0.));
#3402 = VECTOR('',#3403,1.);
#3403 = DIRECTION('',(0.,-1.));
#3404 = ( GEOMETRIC_REPRESENTATION_CONTEXT(2) 
PARAMETRIC_REPRESENTATION_CONTEXT() REPRESENTATION_CONTEXT('2D SPACE',''
  ) );
#3405 = PCURVE('',#1082,#3406);
#3406 = DEFINITIONAL_REPRESENTATION('',(#3407),#3411);
#3407 = LINE('',#3408,#3409);
#3408 = CARTESIAN_POINT('',(550.,0.));
#3409 = VECTOR('',#3410,1.);
#3410 = DIRECTION('',(0.,1.));
#3411 = ( GEOMETRIC_REPRESENTATION_CONTEXT(2) 
PARAMETRIC_REPRESENTATION_CONTEXT() REPRESENTATION_CONTEXT('2D SPACE',''
  ) );
#3412 = ORIENTED_EDGE('',*,*,#1844,.T.);
#3413 = ORIENTED_EDGE('',*,*,#3320,.F.);
#3414 = ADVANCED_FACE('',(#3415),#1082,.T.);
#3415 = FACE_BOUND('',#3416,.T.);
#3416 = EDGE_LOOP('',(#3417,#3418,#3419,#3420,#3421,#3422,#3445,#3473));
#3417 = ORIENTED_EDGE('',*,*,#3346,.F.);
#3418 = ORIENTED_EDGE('',*,*,#1068,.T.);
#3419 = ORIENTED_EDGE('',*,*,#3107,.T.);
#3420 = ORIENTED_EDGE('',*,*,#1867,.F.);
#3421 = ORIENTED_EDGE('',*,*,#3392,.F.);
#3422 = ORIENTED_EDGE('',*,*,#3423,.T.);
#3423 = EDGE_CURVE('',#3370,#3424,#3426,.T.);
#3424 = VERTEX_POINT('',#3425);
#3425 = CARTESIAN_POINT('',(-40.,10.,560.));
#3426 = SURFACE_CURVE('',#3427,(#3431,#3438),.PCURVE_S1.);
#3427 = LINE('',#3428,#3429);
#3428 = CARTESIAN_POINT('',(-700.,10.,560.));
#3429 = VECTOR('',#3430,1.);
#3430 = DIRECTION('',(1.,0.,-0.));
#3431 = PCURVE('',#1082,#3432);
#3432 = DEFINITIONAL_REPRESENTATION('',(#3433),#3437);
#3433 = LINE('',#3434,#3435);
#3434 = CARTESIAN_POINT('',(0.,460.));
#3435 = VECTOR('',#3436,1.);
#3436 = DIRECTION('',(1.,0.));
#3437 = ( GEOMETRIC_REPRESENTATION_CONTEXT(2) 
PARAMETRIC_REPRESENTATION_CONTEXT() REPRESENTATION_CONTEXT('2D SPACE',''
  ) );
#3438 = PCURVE('',#1194,#3439);
#3439 = DEFINITIONAL_REPRESENTATION('',(#3440),#3444);
#3440 = LINE('',#3441,#3442);
#3441 = CARTESIAN_POINT('',(40.,0.));
#3442 = VECTOR('',#3443,1.);
#3443 = DIRECTION('',(0.,1.));
#3444 = ( GEOMETRIC_REPRESENTATION_CONTEXT(2) 
PARAMETRIC_REPRESENTATION_CONTEXT() REPRESENTATION_CONTEXT('2D SPACE',''
  ) );
#3445 = ORIENTED_EDGE('',*,*,#3446,.F.);
#3446 = EDGE_CURVE('',#3447,#3424,#3449,.T.);
#3447 = VERTEX_POINT('',#3448);
#3448 = CARTESIAN_POINT('',(-40.,-410.,560.));
#3449 = SURFACE_CURVE('',#3450,(#3454,#3461),.PCURVE_S1.);
#3450 = LINE('',#3451,#3452);
#3451 = CARTESIAN_POINT('',(-40.,-410.,560.));
#3452 = VECTOR('',#3453,1.);
#3453 = DIRECTION('',(-0.,1.,0.));
#3454 = PCURVE('',#1082,#3455);
#3455 = DEFINITIONAL_REPRESENTATION('',(#3456),#3460);
#3456 = LINE('',#3457,#3458);
#3457 = CARTESIAN_POINT('',(660.,40.));
#3458 = VECTOR('',#3459,1.);
#3459 = DIRECTION('',(0.,1.));
#3460 = ( GEOMETRIC_REPRESENTATION_CONTEXT(2) 
PARAMETRIC_REPRESENTATION_CONTEXT() REPRESENTATION_CONTEXT('2D SPACE',''
  ) );
#3461 = PCURVE('',#3462,#3467);
#3462 = PLANE('',#3463);
#3463 = AXIS2_PLACEMENT_3D('',#3464,#3465,#3466);
#3464 = CARTESIAN_POINT('',(-40.,-410.,520.));
#3465 = DIRECTION('',(1.,0.,-0.));
#3466 = DIRECTION('',(0.,0.,1.));
#3467 = DEFINITIONAL_REPRESENTATION('',(#3468),#3472);
#3468 = LINE('',#3469,#3470);
#3469 = CARTESIAN_POINT('',(40.,0.));
#3470 = VECTOR('',#3471,1.);
#3471 = DIRECTION('',(0.,-1.));
#3472 = ( GEOMETRIC_REPRESENTATION_CONTEXT(2) 
PARAMETRIC_REPRESENTATION_CONTEXT() REPRESENTATION_CONTEXT('2D SPACE',''
  ) );
#3473 = ORIENTED_EDGE('',*,*,#3474,.F.);
#3474 = EDGE_CURVE('',#3347,#3447,#3475,.T.);
#3475 = SURFACE_CURVE('',#3476,(#3480,#3487),.PCURVE_S1.);
#3476 = LINE('',#3477,#3478);
#3477 = CARTESIAN_POINT('',(-700.,-410.,560.));
#3478 = VECTOR('',#3479,1.);
#3479 = DIRECTION('',(1.,0.,-0.));
#3480 = PCURVE('',#1082,#3481);
#3481 = DEFINITIONAL_REPRESENTATION('',(#3482),#3486);
#3482 = LINE('',#3483,#3484);
#3483 = CARTESIAN_POINT('',(0.,40.));
#3484 = VECTOR('',#3485,1.);
#3485 = DIRECTION('',(1.,0.));
#3486 = ( GEOMETRIC_REPRESENTATION_CONTEXT(2) 
PARAMETRIC_REPRESENTATION_CONTEXT() REPRESENTATION_CONTEXT('2D SPACE',''
  ) );
#3487 = PCURVE('',#1138,#3488);
#3488 = DEFINITIONAL_REPRESENTATION('',(#3489),#3493);
#3489 = LINE('',#3490,#3491);
#3490 = CARTESIAN_POINT('',(40.,0.));
#3491 = VECTOR('',#3492,1.);
#3492 = DIRECTION('',(0.,1.));
#3493 = ( GEOMETRIC_REPRESENTATION_CONTEXT(2) 
PARAMETRIC_REPRESENTATION_CONTEXT() REPRESENTATION_CONTEXT('2D SPACE',''
  ) );
#3494 = ADVANCED_FACE('',(#3495),#1265,.T.);
#3495 = FACE_BOUND('',#3496,.T.);
#3496 = EDGE_LOOP('',(#3497,#3498,#3499,#3500));
#3497 = ORIENTED_EDGE('',*,*,#1359,.F.);
#3498 = ORIENTED_EDGE('',*,*,#1251,.T.);
#3499 = ORIENTED_EDGE('',*,*,#1718,.T.);
#3500 = ORIENTED_EDGE('',*,*,#3501,.F.);
#3501 = EDGE_CURVE('',#1332,#1696,#3502,.T.);
#3502 = SURFACE_CURVE('',#3503,(#3507,#3514),.PCURVE_S1.);
#3503 = LINE('',#3504,#3505);
#3504 = CARTESIAN_POINT('',(-700.,-205.,670.));
#3505 = VECTOR('',#3506,1.);
#3506 = DIRECTION('',(-0.,1.,0.));
#3507 = PCURVE('',#1265,#3508);
#3508 = DEFINITIONAL_REPRESENTATION('',(#3509),#3513);
#3509 = LINE('',#3510,#3511);
#3510 = CARTESIAN_POINT('',(150.,0.));
#3511 = VECTOR('',#3512,1.);
#3512 = DIRECTION('',(0.,-1.));
#3513 = ( GEOMETRIC_REPRESENTATION_CONTEXT(2) 
PARAMETRIC_REPRESENTATION_CONTEXT() REPRESENTATION_CONTEXT('2D SPACE',''
  ) );
#3514 = PCURVE('',#1347,#3515);
#3515 = DEFINITIONAL_REPRESENTATION('',(#3516),#3520);
#3516 = LINE('',#3517,#3518);
#3517 = CARTESIAN_POINT('',(60.,0.));
#3518 = VECTOR('',#3519,1.);
#3519 = DIRECTION('',(0.,1.));
#3520 = ( GEOMETRIC_REPRESENTATION_CONTEXT(2) 
PARAMETRIC_REPRESENTATION_CONTEXT() REPRESENTATION_CONTEXT('2D SPACE',''
  ) );
#3521 = ADVANCED_FACE('',(#3522),#1194,.F.);
#3522 = FACE_BOUND('',#3523,.F.);
#3523 = EDGE_LOOP('',(#3524,#3547,#3568,#3569,#3590,#3591));
#3524 = ORIENTED_EDGE('',*,*,#3525,.F.);
#3525 = EDGE_CURVE('',#1443,#3526,#3528,.T.);
#3526 = VERTEX_POINT('',#3527);
#3527 = CARTESIAN_POINT('',(-40.,10.,520.));
#3528 = SURFACE_CURVE('',#3529,(#3533,#3540),.PCURVE_S1.);
#3529 = LINE('',#3530,#3531);
#3530 = CARTESIAN_POINT('',(-700.,10.,520.));
#3531 = VECTOR('',#3532,1.);
#3532 = DIRECTION('',(1.,0.,-0.));
#3533 = PCURVE('',#1194,#3534);
#3534 = DEFINITIONAL_REPRESENTATION('',(#3535),#3539);
#3535 = LINE('',#3536,#3537);
#3536 = CARTESIAN_POINT('',(0.,0.));
#3537 = VECTOR('',#3538,1.);
#3538 = DIRECTION('',(0.,1.));
#3539 = ( GEOMETRIC_REPRESENTATION_CONTEXT(2) 
PARAMETRIC_REPRESENTATION_CONTEXT() REPRESENTATION_CONTEXT('2D SPACE',''
  ) );
#3540 = PCURVE('',#1931,#3541);
#3541 = DEFINITIONAL_REPRESENTATION('',(#3542),#3546);
#3542 = LINE('',#3543,#3544);
#3543 = CARTESIAN_POINT('',(0.,460.));
#3544 = VECTOR('',#3545,1.);
#3545 = DIRECTION('',(1.,0.));
#3546 = ( GEOMETRIC_REPRESENTATION_CONTEXT(2) 
PARAMETRIC_REPRESENTATION_CONTEXT() REPRESENTATION_CONTEXT('2D SPACE',''
  ) );
#3547 = ORIENTED_EDGE('',*,*,#3548,.T.);
#3548 = EDGE_CURVE('',#1443,#1151,#3549,.T.);
#3549 = SURFACE_CURVE('',#3550,(#3554,#3561),.PCURVE_S1.);
#3550 = LINE('',#3551,#3552);
#3551 = CARTESIAN_POINT('',(-660.,10.,520.));
#3552 = VECTOR('',#3553,1.);
#3553 = DIRECTION('',(0.,0.,1.));
#3554 = PCURVE('',#1194,#3555);
#3555 = DEFINITIONAL_REPRESENTATION('',(#3556),#3560);
#3556 = LINE('',#3557,#3558);
#3557 = CARTESIAN_POINT('',(0.,40.));
#3558 = VECTOR('',#3559,1.);
#3559 = DIRECTION('',(1.,0.));
#3560 = ( GEOMETRIC_REPRESENTATION_CONTEXT(2) 
PARAMETRIC_REPRESENTATION_CONTEXT() REPRESENTATION_CONTEXT('2D SPACE',''
  ) );
#3561 = PCURVE('',#1166,#3562);
#3562 = DEFINITIONAL_REPRESENTATION('',(#3563),#3567);
#3563 = LINE('',#3564,#3565);
#3564 = CARTESIAN_POINT('',(0.,-420.));
#3565 = VECTOR('',#3566,1.);
#3566 = DIRECTION('',(1.,0.));
#3567 = ( GEOMETRIC_REPRESENTATION_CONTEXT(2) 
PARAMETRIC_REPRESENTATION_CONTEXT() REPRESENTATION_CONTEXT('2D SPACE',''
  ) );
#3568 = ORIENTED_EDGE('',*,*,#1178,.T.);
#3569 = ORIENTED_EDGE('',*,*,#3570,.T.);
#3570 = EDGE_CURVE('',#1179,#3370,#3571,.T.);
#3571 = SURFACE_CURVE('',#3572,(#3576,#3583),.PCURVE_S1.);
#3572 = LINE('',#3573,#3574);
#3573 = CARTESIAN_POINT('',(-700.,10.,560.));
#3574 = VECTOR('',#3575,1.);
#3575 = DIRECTION('',(1.,0.,-0.));
#3576 = PCURVE('',#1194,#3577);
#3577 = DEFINITIONAL_REPRESENTATION('',(#3578),#3582);
#3578 = LINE('',#3579,#3580);
#3579 = CARTESIAN_POINT('',(40.,0.));
#3580 = VECTOR('',#3581,1.);
#3581 = DIRECTION('',(0.,1.));
#3582 = ( GEOMETRIC_REPRESENTATION_CONTEXT(2) 
PARAMETRIC_REPRESENTATION_CONTEXT() REPRESENTATION_CONTEXT('2D SPACE',''
  ) );
#3583 = PCURVE('',#3280,#3584);
#3584 = DEFINITIONAL_REPRESENTATION('',(#3585),#3589);
#3585 = LINE('',#3586,#3587);
#3586 = CARTESIAN_POINT('',(-250.,460.));
#3587 = VECTOR('',#3588,1.);
#3588 = DIRECTION('',(1.,0.));
#3589 = ( GEOMETRIC_REPRESENTATION_CONTEXT(2) 
PARAMETRIC_REPRESENTATION_CONTEXT() REPRESENTATION_CONTEXT('2D SPACE',''
  ) );
#3590 = ORIENTED_EDGE('',*,*,#3423,.T.);
#3591 = ORIENTED_EDGE('',*,*,#3592,.F.);
#3592 = EDGE_CURVE('',#3526,#3424,#3593,.T.);
#3593 = SURFACE_CURVE('',#3594,(#3598,#3605),.PCURVE_S1.);
#3594 = LINE('',#3595,#3596);
#3595 = CARTESIAN_POINT('',(-40.,10.,520.));
#3596 = VECTOR('',#3597,1.);
#3597 = DIRECTION('',(0.,0.,1.));
#3598 = PCURVE('',#1194,#3599);
#3599 = DEFINITIONAL_REPRESENTATION('',(#3600),#3604);
#3600 = LINE('',#3601,#3602);
#3601 = CARTESIAN_POINT('',(0.,660.));
#3602 = VECTOR('',#3603,1.);
#3603 = DIRECTION('',(1.,0.));
#3604 = ( GEOMETRIC_REPRESENTATION_CONTEXT(2) 
PARAMETRIC_REPRESENTATION_CONTEXT() REPRESENTATION_CONTEXT('2D SPACE',''
  ) );
#3605 = PCURVE('',#3462,#3606);
#3606 = DEFINITIONAL_REPRESENTATION('',(#3607),#3611);
#3607 = LINE('',#3608,#3609);
#3608 = CARTESIAN_POINT('',(0.,-420.));
#3609 = VECTOR('',#3610,1.);
#3610 = DIRECTION('',(1.,0.));
#3611 = ( GEOMETRIC_REPRESENTATION_CONTEXT(2) 
PARAMETRIC_REPRESENTATION_CONTEXT() REPRESENTATION_CONTEXT('2D SPACE',''
  ) );
#3612 = ADVANCED_FACE('',(#3613),#1166,.T.);
#3613 = FACE_BOUND('',#3614,.T.);
#3614 = EDGE_LOOP('',(#3615,#3636,#3637,#3638));
#3615 = ORIENTED_EDGE('',*,*,#3616,.F.);
#3616 = EDGE_CURVE('',#1420,#1123,#3617,.T.);
#3617 = SURFACE_CURVE('',#3618,(#3622,#3629),.PCURVE_S1.);
#3618 = LINE('',#3619,#3620);
#3619 = CARTESIAN_POINT('',(-660.,-410.,520.));
#3620 = VECTOR('',#3621,1.);
#3621 = DIRECTION('',(0.,0.,1.));
#3622 = PCURVE('',#1166,#3623);
#3623 = DEFINITIONAL_REPRESENTATION('',(#3624),#3628);
#3624 = LINE('',#3625,#3626);
#3625 = CARTESIAN_POINT('',(0.,0.));
#3626 = VECTOR('',#3627,1.);
#3627 = DIRECTION('',(1.,0.));
#3628 = ( GEOMETRIC_REPRESENTATION_CONTEXT(2) 
PARAMETRIC_REPRESENTATION_CONTEXT() REPRESENTATION_CONTEXT('2D SPACE',''
  ) );
#3629 = PCURVE('',#1138,#3630);
#3630 = DEFINITIONAL_REPRESENTATION('',(#3631),#3635);
#3631 = LINE('',#3632,#3633);
#3632 = CARTESIAN_POINT('',(0.,40.));
#3633 = VECTOR('',#3634,1.);
#3634 = DIRECTION('',(1.,0.));
#3635 = ( GEOMETRIC_REPRESENTATION_CONTEXT(2) 
PARAMETRIC_REPRESENTATION_CONTEXT() REPRESENTATION_CONTEXT('2D SPACE',''
  ) );
#3636 = ORIENTED_EDGE('',*,*,#1442,.T.);
#3637 = ORIENTED_EDGE('',*,*,#3548,.T.);
#3638 = ORIENTED_EDGE('',*,*,#1150,.F.);
#3639 = ADVANCED_FACE('',(#3640),#1138,.T.);
#3640 = FACE_BOUND('',#3641,.T.);
#3641 = EDGE_LOOP('',(#3642,#3643,#3644,#3645,#3666,#3667));
#3642 = ORIENTED_EDGE('',*,*,#2972,.F.);
#3643 = ORIENTED_EDGE('',*,*,#3616,.T.);
#3644 = ORIENTED_EDGE('',*,*,#1122,.T.);
#3645 = ORIENTED_EDGE('',*,*,#3646,.T.);
#3646 = EDGE_CURVE('',#1100,#3347,#3647,.T.);
#3647 = SURFACE_CURVE('',#3648,(#3652,#3659),.PCURVE_S1.);
#3648 = LINE('',#3649,#3650);
#3649 = CARTESIAN_POINT('',(-700.,-410.,560.));
#3650 = VECTOR('',#3651,1.);
#3651 = DIRECTION('',(1.,0.,-0.));
#3652 = PCURVE('',#1138,#3653);
#3653 = DEFINITIONAL_REPRESENTATION('',(#3654),#3658);
#3654 = LINE('',#3655,#3656);
#3655 = CARTESIAN_POINT('',(40.,0.));
#3656 = VECTOR('',#3657,1.);
#3657 = DIRECTION('',(0.,1.));
#3658 = ( GEOMETRIC_REPRESENTATION_CONTEXT(2) 
PARAMETRIC_REPRESENTATION_CONTEXT() REPRESENTATION_CONTEXT('2D SPACE',''
  ) );
#3659 = PCURVE('',#3280,#3660);
#3660 = DEFINITIONAL_REPRESENTATION('',(#3661),#3665);
#3661 = LINE('',#3662,#3663);
#3662 = CARTESIAN_POINT('',(-250.,40.));
#3663 = VECTOR('',#3664,1.);
#3664 = DIRECTION('',(1.,0.));
#3665 = ( GEOMETRIC_REPRESENTATION_CONTEXT(2) 
PARAMETRIC_REPRESENTATION_CONTEXT() REPRESENTATION_CONTEXT('2D SPACE',''
  ) );
#3666 = ORIENTED_EDGE('',*,*,#3474,.T.);
#3667 = ORIENTED_EDGE('',*,*,#3668,.F.);
#3668 = EDGE_CURVE('',#2950,#3447,#3669,.T.);
#3669 = SURFACE_CURVE('',#3670,(#3674,#3681),.PCURVE_S1.);
#3670 = LINE('',#3671,#3672);
#3671 = CARTESIAN_POINT('',(-40.,-410.,520.));
#3672 = VECTOR('',#3673,1.);
#3673 = DIRECTION('',(0.,0.,1.));
#3674 = PCURVE('',#1138,#3675);
#3675 = DEFINITIONAL_REPRESENTATION('',(#3676),#3680);
#3676 = LINE('',#3677,#3678);
#3677 = CARTESIAN_POINT('',(0.,660.));
#3678 = VECTOR('',#3679,1.);
#3679 = DIRECTION('',(1.,0.));
#3680 = ( GEOMETRIC_REPRESENTATION_CONTEXT(2) 
PARAMETRIC_REPRESENTATION_CONTEXT() REPRESENTATION_CONTEXT('2D SPACE',''
  ) );
#3681 = PCURVE('',#3462,#3682);
#3682 = DEFINITIONAL_REPRESENTATION('',(#3683),#3687);
#3683 = LINE('',#3684,#3685);
#3684 = CARTESIAN_POINT('',(0.,0.));
#3685 = VECTOR('',#3686,1.);
#3686 = DIRECTION('',(1.,0.));
#3687 = ( GEOMETRIC_REPRESENTATION_CONTEXT(2) 
PARAMETRIC_REPRESENTATION_CONTEXT() REPRESENTATION_CONTEXT('2D SPACE',''
  ) );
#3688 = ADVANCED_FACE('',(#3689),#1319,.F.);
#3689 = FACE_BOUND('',#3690,.F.);
#3690 = EDGE_LOOP('',(#3691,#3692,#3693,#3694));
#3691 = ORIENTED_EDGE('',*,*,#1303,.F.);
#3692 = ORIENTED_EDGE('',*,*,#1510,.T.);
#3693 = ORIENTED_EDGE('',*,*,#1672,.T.);
#3694 = ORIENTED_EDGE('',*,*,#3695,.F.);
#3695 = EDGE_CURVE('',#1304,#1673,#3696,.T.);
#3696 = SURFACE_CURVE('',#3697,(#3701,#3708),.PCURVE_S1.);
#3697 = LINE('',#3698,#3699);
#3698 = CARTESIAN_POINT('',(-760.,-205.,670.));
#3699 = VECTOR('',#3700,1.);
#3700 = DIRECTION('',(-0.,1.,0.));
#3701 = PCURVE('',#1319,#3702);
#3702 = DEFINITIONAL_REPRESENTATION('',(#3703),#3707);
#3703 = LINE('',#3704,#3705);
#3704 = CARTESIAN_POINT('',(150.,0.));
#3705 = VECTOR('',#3706,1.);
#3706 = DIRECTION('',(0.,-1.));
#3707 = ( GEOMETRIC_REPRESENTATION_CONTEXT(2) 
PARAMETRIC_REPRESENTATION_CONTEXT() REPRESENTATION_CONTEXT('2D SPACE',''
  ) );
#3708 = PCURVE('',#1347,#3709);
#3709 = DEFINITIONAL_REPRESENTATION('',(#3710),#3714);
#3710 = LINE('',#3711,#3712);
#3711 = CARTESIAN_POINT('',(0.,0.));
#3712 = VECTOR('',#3713,1.);
#3713 = DIRECTION('',(0.,1.));
#3714 = ( GEOMETRIC_REPRESENTATION_CONTEXT(2) 
PARAMETRIC_REPRESENTATION_CONTEXT() REPRESENTATION_CONTEXT('2D SPACE',''
  ) );
#3715 = ADVANCED_FACE('',(#3716),#1347,.T.);
#3716 = FACE_BOUND('',#3717,.T.);
#3717 = EDGE_LOOP('',(#3718,#3719,#3720,#3721));
#3718 = ORIENTED_EDGE('',*,*,#3695,.F.);
#3719 = ORIENTED_EDGE('',*,*,#1331,.T.);
#3720 = ORIENTED_EDGE('',*,*,#3501,.T.);
#3721 = ORIENTED_EDGE('',*,*,#1695,.F.);
#3722 = ADVANCED_FACE('',(#3723),#1404,.F.);
#3723 = FACE_BOUND('',#3724,.F.);
#3724 = EDGE_LOOP('',(#3725,#3726,#3747,#3748));
#3725 = ORIENTED_EDGE('',*,*,#1383,.F.);
#3726 = ORIENTED_EDGE('',*,*,#3727,.F.);
#3727 = EDGE_CURVE('',#1743,#1384,#3728,.T.);
#3728 = SEAM_CURVE('',#3729,(#3733,#3740),.PCURVE_S1.);
#3729 = LINE('',#3730,#3731);
#3730 = CARTESIAN_POINT('',(-721.,-194.,640.));
#3731 = VECTOR('',#3732,1.);
#3732 = DIRECTION('',(0.,-1.,2.22044604925E-16));
#3733 = PCURVE('',#1404,#3734);
#3734 = DEFINITIONAL_REPRESENTATION('',(#3735),#3739);
#3735 = LINE('',#3736,#3737);
#3736 = CARTESIAN_POINT('',(6.28318530718,-0.));
#3737 = VECTOR('',#3738,1.);
#3738 = DIRECTION('',(0.,1.));
#3739 = ( GEOMETRIC_REPRESENTATION_CONTEXT(2) 
PARAMETRIC_REPRESENTATION_CONTEXT() REPRESENTATION_CONTEXT('2D SPACE',''
  ) );
#3740 = PCURVE('',#1404,#3741);
#3741 = DEFINITIONAL_REPRESENTATION('',(#3742),#3746);
#3742 = LINE('',#3743,#3744);
#3743 = CARTESIAN_POINT('',(0.,-0.));
#3744 = VECTOR('',#3745,1.);
#3745 = DIRECTION('',(0.,1.));
#3746 = ( GEOMETRIC_REPRESENTATION_CONTEXT(2) 
PARAMETRIC_REPRESENTATION_CONTEXT() REPRESENTATION_CONTEXT('2D SPACE',''
  ) );
#3747 = ORIENTED_EDGE('',*,*,#1742,.T.);
#3748 = ORIENTED_EDGE('',*,*,#3727,.T.);
#3749 = ADVANCED_FACE('',(#3750),#1603,.T.);
#3750 = FACE_BOUND('',#3751,.T.);
#3751 = EDGE_LOOP('',(#3752,#3773,#3774,#3795));
#3752 = ORIENTED_EDGE('',*,*,#3753,.F.);
#3753 = EDGE_CURVE('',#2050,#1537,#3754,.T.);
#3754 = SURFACE_CURVE('',#3755,(#3759,#3766),.PCURVE_S1.);
#3755 = LINE('',#3756,#3757);
#3756 = CARTESIAN_POINT('',(-660.,-410.,0.));
#3757 = VECTOR('',#3758,1.);
#3758 = DIRECTION('',(0.,0.,1.));
#3759 = PCURVE('',#1603,#3760);
#3760 = DEFINITIONAL_REPRESENTATION('',(#3761),#3765);
#3761 = LINE('',#3762,#3763);
#3762 = CARTESIAN_POINT('',(0.,0.));
#3763 = VECTOR('',#3764,1.);
#3764 = DIRECTION('',(1.,0.));
#3765 = ( GEOMETRIC_REPRESENTATION_CONTEXT(2) 
PARAMETRIC_REPRESENTATION_CONTEXT() REPRESENTATION_CONTEXT('2D SPACE',''
  ) );
#3766 = PCURVE('',#2067,#3767);
#3767 = DEFINITIONAL_REPRESENTATION('',(#3768),#3772);
#3768 = LINE('',#3769,#3770);
#3769 = CARTESIAN_POINT('',(0.,40.));
#3770 = VECTOR('',#3771,1.);
#3771 = DIRECTION('',(1.,0.));
#3772 = ( GEOMETRIC_REPRESENTATION_CONTEXT(2) 
PARAMETRIC_REPRESENTATION_CONTEXT() REPRESENTATION_CONTEXT('2D SPACE',''
  ) );
#3773 = ORIENTED_EDGE('',*,*,#2079,.T.);
#3774 = ORIENTED_EDGE('',*,*,#3775,.T.);
#3775 = EDGE_CURVE('',#2080,#1588,#3776,.T.);
#3776 = SURFACE_CURVE('',#3777,(#3781,#3788),.PCURVE_S1.);
#3777 = LINE('',#3778,#3779);
#3778 = CARTESIAN_POINT('',(-660.,10.,0.));
#3779 = VECTOR('',#3780,1.);
#3780 = DIRECTION('',(0.,0.,1.));
#3781 = PCURVE('',#1603,#3782);
#3782 = DEFINITIONAL_REPRESENTATION('',(#3783),#3787);
#3783 = LINE('',#3784,#3785);
#3784 = CARTESIAN_POINT('',(0.,-420.));
#3785 = VECTOR('',#3786,1.);
#3786 = DIRECTION('',(1.,0.));
#3787 = ( GEOMETRIC_REPRESENTATION_CONTEXT(2) 
PARAMETRIC_REPRESENTATION_CONTEXT() REPRESENTATION_CONTEXT('2D SPACE',''
  ) );
#3788 = PCURVE('',#2118,#3789);
#3789 = DEFINITIONAL_REPRESENTATION('',(#3790),#3794);
#3790 = LINE('',#3791,#3792);
#3791 = CARTESIAN_POINT('',(0.,40.));
#3792 = VECTOR('',#3793,1.);
#3793 = DIRECTION('',(1.,0.));
#3794 = ( GEOMETRIC_REPRESENTATION_CONTEXT(2) 
PARAMETRIC_REPRESENTATION_CONTEXT() REPRESENTATION_CONTEXT('2D SPACE',''
  ) );
#3795 = ORIENTED_EDGE('',*,*,#1587,.F.);
#3796 = ADVANCED_FACE('',(#3797),#1656,.T.);
#3797 = FACE_BOUND('',#3798,.T.);
#3798 = EDGE_LOOP('',(#3799,#3800,#3821,#3822));
#3799 = ORIENTED_EDGE('',*,*,#1642,.F.);
#3800 = ORIENTED_EDGE('',*,*,#3801,.T.);
#3801 = EDGE_CURVE('',#1588,#1944,#3802,.T.);
#3802 = SURFACE_CURVE('',#3803,(#3807,#3814),.PCURVE_S1.);
#3803 = LINE('',#3804,#3805);
#3804 = CARTESIAN_POINT('',(-660.,10.,40.));
#3805 = VECTOR('',#3806,1.);
#3806 = DIRECTION('',(-0.,1.,0.));
#3807 = PCURVE('',#1656,#3808);
#3808 = DEFINITIONAL_REPRESENTATION('',(#3809),#3813);
#3809 = LINE('',#3810,#3811);
#3810 = CARTESIAN_POINT('',(0.,0.));
#3811 = VECTOR('',#3812,1.);
#3812 = DIRECTION('',(0.,-1.));
#3813 = ( GEOMETRIC_REPRESENTATION_CONTEXT(2) 
PARAMETRIC_REPRESENTATION_CONTEXT() REPRESENTATION_CONTEXT('2D SPACE',''
  ) );
#3814 = PCURVE('',#1982,#3815);
#3815 = DEFINITIONAL_REPRESENTATION('',(#3816),#3820);
#3816 = LINE('',#3817,#3818);
#3817 = CARTESIAN_POINT('',(40.,460.));
#3818 = VECTOR('',#3819,1.);
#3819 = DIRECTION('',(0.,1.));
#3820 = ( GEOMETRIC_REPRESENTATION_CONTEXT(2) 
PARAMETRIC_REPRESENTATION_CONTEXT() REPRESENTATION_CONTEXT('2D SPACE',''
  ) );
#3821 = ORIENTED_EDGE('',*,*,#1943,.T.);
#3822 = ORIENTED_EDGE('',*,*,#3823,.F.);
#3823 = EDGE_CURVE('',#1443,#1914,#3824,.T.);
#3824 = SURFACE_CURVE('',#3825,(#3829,#3836),.PCURVE_S1.);
#3825 = LINE('',#3826,#3827);
#3826 = CARTESIAN_POINT('',(-660.,10.,520.));
#3827 = VECTOR('',#3828,1.);
#3828 = DIRECTION('',(-0.,1.,0.));
#3829 = PCURVE('',#1656,#3830);
#3830 = DEFINITIONAL_REPRESENTATION('',(#3831),#3835);
#3831 = LINE('',#3832,#3833);
#3832 = CARTESIAN_POINT('',(480.,0.));
#3833 = VECTOR('',#3834,1.);
#3834 = DIRECTION('',(0.,-1.));
#3835 = ( GEOMETRIC_REPRESENTATION_CONTEXT(2) 
PARAMETRIC_REPRESENTATION_CONTEXT() REPRESENTATION_CONTEXT('2D SPACE',''
  ) );
#3836 = PCURVE('',#1931,#3837);
#3837 = DEFINITIONAL_REPRESENTATION('',(#3838),#3842);
#3838 = LINE('',#3839,#3840);
#3839 = CARTESIAN_POINT('',(40.,460.));
#3840 = VECTOR('',#3841,1.);
#3841 = DIRECTION('',(0.,1.));
#3842 = ( GEOMETRIC_REPRESENTATION_CONTEXT(2) 
PARAMETRIC_REPRESENTATION_CONTEXT() REPRESENTATION_CONTEXT('2D SPACE',''
  ) );
#3843 = ADVANCED_FACE('',(#3844),#1931,.F.);
#3844 = FACE_BOUND('',#3845,.F.);
#3845 = EDGE_LOOP('',(#3846,#3847,#3868,#3869));
#3846 = ORIENTED_EDGE('',*,*,#3525,.T.);
#3847 = ORIENTED_EDGE('',*,*,#3848,.T.);
#3848 = EDGE_CURVE('',#3526,#1916,#3849,.T.);
#3849 = SURFACE_CURVE('',#3850,(#3854,#3861),.PCURVE_S1.);
#3850 = LINE('',#3851,#3852);
#3851 = CARTESIAN_POINT('',(-40.,10.,520.));
#3852 = VECTOR('',#3853,1.);
#3853 = DIRECTION('',(-0.,1.,0.));
#3854 = PCURVE('',#1931,#3855);
#3855 = DEFINITIONAL_REPRESENTATION('',(#3856),#3860);
#3856 = LINE('',#3857,#3858);
#3857 = CARTESIAN_POINT('',(660.,460.));
#3858 = VECTOR('',#3859,1.);
#3859 = DIRECTION('',(0.,1.));
#3860 = ( GEOMETRIC_REPRESENTATION_CONTEXT(2) 
PARAMETRIC_REPRESENTATION_CONTEXT() REPRESENTATION_CONTEXT('2D SPACE',''
  ) );
#3861 = PCURVE('',#2008,#3862);
#3862 = DEFINITIONAL_REPRESENTATION('',(#3863),#3867);
#3863 = LINE('',#3864,#3865);
#3864 = CARTESIAN_POINT('',(480.,0.));
#3865 = VECTOR('',#3866,1.);
#3866 = DIRECTION('',(0.,-1.));
#3867 = ( GEOMETRIC_REPRESENTATION_CONTEXT(2) 
PARAMETRIC_REPRESENTATION_CONTEXT() REPRESENTATION_CONTEXT('2D SPACE',''
  ) );
#3868 = ORIENTED_EDGE('',*,*,#1913,.F.);
#3869 = ORIENTED_EDGE('',*,*,#3823,.F.);
#3870 = ADVANCED_FACE('',(#3871),#1982,.T.);
#3871 = FACE_BOUND('',#3872,.T.);
#3872 = EDGE_LOOP('',(#3873,#3896,#3917,#3918));
#3873 = ORIENTED_EDGE('',*,*,#3874,.T.);
#3874 = EDGE_CURVE('',#1588,#3875,#3877,.T.);
#3875 = VERTEX_POINT('',#3876);
#3876 = CARTESIAN_POINT('',(-40.,10.,40.));
#3877 = SURFACE_CURVE('',#3878,(#3882,#3889),.PCURVE_S1.);
#3878 = LINE('',#3879,#3880);
#3879 = CARTESIAN_POINT('',(-700.,10.,40.));
#3880 = VECTOR('',#3881,1.);
#3881 = DIRECTION('',(1.,0.,-0.));
#3882 = PCURVE('',#1982,#3883);
#3883 = DEFINITIONAL_REPRESENTATION('',(#3884),#3888);
#3884 = LINE('',#3885,#3886);
#3885 = CARTESIAN_POINT('',(0.,460.));
#3886 = VECTOR('',#3887,1.);
#3887 = DIRECTION('',(1.,0.));
#3888 = ( GEOMETRIC_REPRESENTATION_CONTEXT(2) 
PARAMETRIC_REPRESENTATION_CONTEXT() REPRESENTATION_CONTEXT('2D SPACE',''
  ) );
#3889 = PCURVE('',#2118,#3890);
#3890 = DEFINITIONAL_REPRESENTATION('',(#3891),#3895);
#3891 = LINE('',#3892,#3893);
#3892 = CARTESIAN_POINT('',(40.,0.));
#3893 = VECTOR('',#3894,1.);
#3894 = DIRECTION('',(0.,1.));
#3895 = ( GEOMETRIC_REPRESENTATION_CONTEXT(2) 
PARAMETRIC_REPRESENTATION_CONTEXT() REPRESENTATION_CONTEXT('2D SPACE',''
  ) );
#3896 = ORIENTED_EDGE('',*,*,#3897,.T.);
#3897 = EDGE_CURVE('',#3875,#1967,#3898,.T.);
#3898 = SURFACE_CURVE('',#3899,(#3903,#3910),.PCURVE_S1.);
#3899 = LINE('',#3900,#3901);
#3900 = CARTESIAN_POINT('',(-40.,10.,40.));
#3901 = VECTOR('',#3902,1.);
#3902 = DIRECTION('',(-0.,1.,0.));
#3903 = PCURVE('',#1982,#3904);
#3904 = DEFINITIONAL_REPRESENTATION('',(#3905),#3909);
#3905 = LINE('',#3906,#3907);
#3906 = CARTESIAN_POINT('',(660.,460.));
#3907 = VECTOR('',#3908,1.);
#3908 = DIRECTION('',(0.,1.));
#3909 = ( GEOMETRIC_REPRESENTATION_CONTEXT(2) 
PARAMETRIC_REPRESENTATION_CONTEXT() REPRESENTATION_CONTEXT('2D SPACE',''
  ) );
#3910 = PCURVE('',#2008,#3911);
#3911 = DEFINITIONAL_REPRESENTATION('',(#3912),#3916);
#3912 = LINE('',#3913,#3914);
#3913 = CARTESIAN_POINT('',(0.,0.));
#3914 = VECTOR('',#3915,1.);
#3915 = DIRECTION('',(0.,-1.));
#3916 = ( GEOMETRIC_REPRESENTATION_CONTEXT(2) 
PARAMETRIC_REPRESENTATION_CONTEXT() REPRESENTATION_CONTEXT('2D SPACE',''
  ) );
#3917 = ORIENTED_EDGE('',*,*,#1966,.F.);
#3918 = ORIENTED_EDGE('',*,*,#3801,.F.);
#3919 = ADVANCED_FACE('',(#3920),#2008,.F.);
#3920 = FACE_BOUND('',#3921,.F.);
#3921 = EDGE_LOOP('',(#3922,#3943,#3944,#3945));
#3922 = ORIENTED_EDGE('',*,*,#3923,.F.);
#3923 = EDGE_CURVE('',#3875,#3526,#3924,.T.);
#3924 = SURFACE_CURVE('',#3925,(#3929,#3936),.PCURVE_S1.);
#3925 = LINE('',#3926,#3927);
#3926 = CARTESIAN_POINT('',(-40.,10.,40.));
#3927 = VECTOR('',#3928,1.);
#3928 = DIRECTION('',(0.,0.,1.));
#3929 = PCURVE('',#2008,#3930);
#3930 = DEFINITIONAL_REPRESENTATION('',(#3931),#3935);
#3931 = LINE('',#3932,#3933);
#3932 = CARTESIAN_POINT('',(0.,0.));
#3933 = VECTOR('',#3934,1.);
#3934 = DIRECTION('',(1.,0.));
#3935 = ( GEOMETRIC_REPRESENTATION_CONTEXT(2) 
PARAMETRIC_REPRESENTATION_CONTEXT() REPRESENTATION_CONTEXT('2D SPACE',''
  ) );
#3936 = PCURVE('',#3225,#3937);
#3937 = DEFINITIONAL_REPRESENTATION('',(#3938),#3942);
#3938 = LINE('',#3939,#3940);
#3939 = CARTESIAN_POINT('',(0.,0.));
#3940 = VECTOR('',#3941,1.);
#3941 = DIRECTION('',(1.,0.));
#3942 = ( GEOMETRIC_REPRESENTATION_CONTEXT(2) 
PARAMETRIC_REPRESENTATION_CONTEXT() REPRESENTATION_CONTEXT('2D SPACE',''
  ) );
#3943 = ORIENTED_EDGE('',*,*,#3897,.T.);
#3944 = ORIENTED_EDGE('',*,*,#1994,.T.);
#3945 = ORIENTED_EDGE('',*,*,#3848,.F.);
#3946 = ADVANCED_FACE('',(#3947),#2067,.T.);
#3947 = FACE_BOUND('',#3948,.T.);
#3948 = EDGE_LOOP('',(#3949,#3950,#3951,#3952));
#3949 = ORIENTED_EDGE('',*,*,#2049,.F.);
#3950 = ORIENTED_EDGE('',*,*,#3753,.T.);
#3951 = ORIENTED_EDGE('',*,*,#3023,.T.);
#3952 = ORIENTED_EDGE('',*,*,#3953,.F.);
#3953 = EDGE_CURVE('',#2052,#3024,#3954,.T.);
#3954 = SURFACE_CURVE('',#3955,(#3959,#3966),.PCURVE_S1.);
#3955 = LINE('',#3956,#3957);
#3956 = CARTESIAN_POINT('',(-40.,-410.,0.));
#3957 = VECTOR('',#3958,1.);
#3958 = DIRECTION('',(0.,0.,1.));
#3959 = PCURVE('',#2067,#3960);
#3960 = DEFINITIONAL_REPRESENTATION('',(#3961),#3965);
#3961 = LINE('',#3962,#3963);
#3962 = CARTESIAN_POINT('',(0.,660.));
#3963 = VECTOR('',#3964,1.);
#3964 = DIRECTION('',(1.,0.));
#3965 = ( GEOMETRIC_REPRESENTATION_CONTEXT(2) 
PARAMETRIC_REPRESENTATION_CONTEXT() REPRESENTATION_CONTEXT('2D SPACE',''
  ) );
#3966 = PCURVE('',#2144,#3967);
#3967 = DEFINITIONAL_REPRESENTATION('',(#3968),#3972);
#3968 = LINE('',#3969,#3970);
#3969 = CARTESIAN_POINT('',(0.,0.));
#3970 = VECTOR('',#3971,1.);
#3971 = DIRECTION('',(1.,0.));
#3972 = ( GEOMETRIC_REPRESENTATION_CONTEXT(2) 
PARAMETRIC_REPRESENTATION_CONTEXT() REPRESENTATION_CONTEXT('2D SPACE',''
  ) );
#3973 = ADVANCED_FACE('',(#3974),#2118,.F.);
#3974 = FACE_BOUND('',#3975,.F.);
#3975 = EDGE_LOOP('',(#3976,#3977,#3978,#3979));
#3976 = ORIENTED_EDGE('',*,*,#2102,.F.);
#3977 = ORIENTED_EDGE('',*,*,#3775,.T.);
#3978 = ORIENTED_EDGE('',*,*,#3874,.T.);
#3979 = ORIENTED_EDGE('',*,*,#3980,.F.);
#3980 = EDGE_CURVE('',#2103,#3875,#3981,.T.);
#3981 = SURFACE_CURVE('',#3982,(#3986,#3993),.PCURVE_S1.);
#3982 = LINE('',#3983,#3984);
#3983 = CARTESIAN_POINT('',(-40.,10.,0.));
#3984 = VECTOR('',#3985,1.);
#3985 = DIRECTION('',(0.,0.,1.));
#3986 = PCURVE('',#2118,#3987);
#3987 = DEFINITIONAL_REPRESENTATION('',(#3988),#3992);
#3988 = LINE('',#3989,#3990);
#3989 = CARTESIAN_POINT('',(0.,660.));
#3990 = VECTOR('',#3991,1.);
#3991 = DIRECTION('',(1.,0.));
#3992 = ( GEOMETRIC_REPRESENTATION_CONTEXT(2) 
PARAMETRIC_REPRESENTATION_CONTEXT() REPRESENTATION_CONTEXT('2D SPACE',''
  ) );
#3993 = PCURVE('',#2144,#3994);
#3994 = DEFINITIONAL_REPRESENTATION('',(#3995),#3999);
#3995 = LINE('',#3996,#3997);
#3996 = CARTESIAN_POINT('',(0.,-420.));
#3997 = VECTOR('',#3998,1.);
#3998 = DIRECTION('',(1.,0.));
#3999 = ( GEOMETRIC_REPRESENTATION_CONTEXT(2) 
PARAMETRIC_REPRESENTATION_CONTEXT() REPRESENTATION_CONTEXT('2D SPACE',''
  ) );
#4000 = ADVANCED_FACE('',(#4001),#2144,.F.);
#4001 = FACE_BOUND('',#4002,.F.);
#4002 = EDGE_LOOP('',(#4003,#4004,#4005,#4006));
#4003 = ORIENTED_EDGE('',*,*,#3953,.F.);
#4004 = ORIENTED_EDGE('',*,*,#2130,.T.);
#4005 = ORIENTED_EDGE('',*,*,#3980,.T.);
#4006 = ORIENTED_EDGE('',*,*,#4007,.F.);
#4007 = EDGE_CURVE('',#3024,#3875,#4008,.T.);
#4008 = SURFACE_CURVE('',#4009,(#4013,#4020),.PCURVE_S1.);
#4009 = LINE('',#4010,#4011);
#4010 = CARTESIAN_POINT('',(-40.,-410.,40.));
#4011 = VECTOR('',#4012,1.);
#4012 = DIRECTION('',(-0.,1.,0.));
#4013 = PCURVE('',#2144,#4014);
#4014 = DEFINITIONAL_REPRESENTATION('',(#4015),#4019);
#4015 = LINE('',#4016,#4017);
#4016 = CARTESIAN_POINT('',(40.,0.));
#4017 = VECTOR('',#4018,1.);
#4018 = DIRECTION('',(0.,-1.));
#4019 = ( GEOMETRIC_REPRESENTATION_CONTEXT(2) 
PARAMETRIC_REPRESENTATION_CONTEXT() REPRESENTATION_CONTEXT('2D SPACE',''
  ) );
#4020 = PCURVE('',#3148,#4021);
#4021 = DEFINITIONAL_REPRESENTATION('',(#4022),#4026);
#4022 = LINE('',#4023,#4024);
#4023 = CARTESIAN_POINT('',(660.,40.));
#4024 = VECTOR('',#4025,1.);
#4025 = DIRECTION('',(0.,1.));
#4026 = ( GEOMETRIC_REPRESENTATION_CONTEXT(2) 
PARAMETRIC_REPRESENTATION_CONTEXT() REPRESENTATION_CONTEXT('2D SPACE',''
  ) );
#4027 = ADVANCED_FACE('',(#4028),#3088,.T.);
#4028 = FACE_BOUND('',#4029,.T.);
#4029 = EDGE_LOOP('',(#4030,#4051,#4052,#4073));
#4030 = ORIENTED_EDGE('',*,*,#4031,.F.);
#4031 = EDGE_CURVE('',#3024,#3131,#4032,.T.);
#4032 = SURFACE_CURVE('',#4033,(#4037,#4044),.PCURVE_S1.);
#4033 = LINE('',#4034,#4035);
#4034 = CARTESIAN_POINT('',(-40.,-410.,40.));
#4035 = VECTOR('',#4036,1.);
#4036 = DIRECTION('',(1.,0.,-0.));
#4037 = PCURVE('',#3088,#4038);
#4038 = DEFINITIONAL_REPRESENTATION('',(#4039),#4043);
#4039 = LINE('',#4040,#4041);
#4040 = CARTESIAN_POINT('',(0.,0.));
#4041 = VECTOR('',#4042,1.);
#4042 = DIRECTION('',(0.,1.));
#4043 = ( GEOMETRIC_REPRESENTATION_CONTEXT(2) 
PARAMETRIC_REPRESENTATION_CONTEXT() REPRESENTATION_CONTEXT('2D SPACE',''
  ) );
#4044 = PCURVE('',#3148,#4045);
#4045 = DEFINITIONAL_REPRESENTATION('',(#4046),#4050);
#4046 = LINE('',#4047,#4048);
#4047 = CARTESIAN_POINT('',(660.,40.));
#4048 = VECTOR('',#4049,1.);
#4049 = DIRECTION('',(1.,0.));
#4050 = ( GEOMETRIC_REPRESENTATION_CONTEXT(2) 
PARAMETRIC_REPRESENTATION_CONTEXT() REPRESENTATION_CONTEXT('2D SPACE',''
  ) );
#4051 = ORIENTED_EDGE('',*,*,#3074,.T.);
#4052 = ORIENTED_EDGE('',*,*,#4053,.T.);
#4053 = EDGE_CURVE('',#2950,#3161,#4054,.T.);
#4054 = SURFACE_CURVE('',#4055,(#4059,#4066),.PCURVE_S1.);
#4055 = LINE('',#4056,#4057);
#4056 = CARTESIAN_POINT('',(-40.,-410.,520.));
#4057 = VECTOR('',#4058,1.);
#4058 = DIRECTION('',(1.,0.,-0.));
#4059 = PCURVE('',#3088,#4060);
#4060 = DEFINITIONAL_REPRESENTATION('',(#4061),#4065);
#4061 = LINE('',#4062,#4063);
#4062 = CARTESIAN_POINT('',(480.,0.));
#4063 = VECTOR('',#4064,1.);
#4064 = DIRECTION('',(0.,1.));
#4065 = ( GEOMETRIC_REPRESENTATION_CONTEXT(2) 
PARAMETRIC_REPRESENTATION_CONTEXT() REPRESENTATION_CONTEXT('2D SPACE',''
  ) );
#4066 = PCURVE('',#3199,#4067);
#4067 = DEFINITIONAL_REPRESENTATION('',(#4068),#4072);
#4068 = LINE('',#4069,#4070);
#4069 = CARTESIAN_POINT('',(660.,40.));
#4070 = VECTOR('',#4071,1.);
#4071 = DIRECTION('',(1.,0.));
#4072 = ( GEOMETRIC_REPRESENTATION_CONTEXT(2) 
PARAMETRIC_REPRESENTATION_CONTEXT() REPRESENTATION_CONTEXT('2D SPACE',''
  ) );
#4073 = ORIENTED_EDGE('',*,*,#3160,.F.);
#4074 = ADVANCED_FACE('',(#4075),#3148,.T.);
#4075 = FACE_BOUND('',#4076,.T.);
#4076 = EDGE_LOOP('',(#4077,#4078,#4079,#4080));
#4077 = ORIENTED_EDGE('',*,*,#4007,.F.);
#4078 = ORIENTED_EDGE('',*,*,#4031,.T.);
#4079 = ORIENTED_EDGE('',*,*,#3130,.T.);
#4080 = ORIENTED_EDGE('',*,*,#4081,.F.);
#4081 = EDGE_CURVE('',#3875,#3133,#4082,.T.);
#4082 = SURFACE_CURVE('',#4083,(#4087,#4094),.PCURVE_S1.);
#4083 = LINE('',#4084,#4085);
#4084 = CARTESIAN_POINT('',(-40.,10.,40.));
#4085 = VECTOR('',#4086,1.);
#4086 = DIRECTION('',(1.,0.,-0.));
#4087 = PCURVE('',#3148,#4088);
#4088 = DEFINITIONAL_REPRESENTATION('',(#4089),#4093);
#4089 = LINE('',#4090,#4091);
#4090 = CARTESIAN_POINT('',(660.,460.));
#4091 = VECTOR('',#4092,1.);
#4092 = DIRECTION('',(1.,0.));
#4093 = ( GEOMETRIC_REPRESENTATION_CONTEXT(2) 
PARAMETRIC_REPRESENTATION_CONTEXT() REPRESENTATION_CONTEXT('2D SPACE',''
  ) );
#4094 = PCURVE('',#3225,#4095);
#4095 = DEFINITIONAL_REPRESENTATION('',(#4096),#4100);
#4096 = LINE('',#4097,#4098);
#4097 = CARTESIAN_POINT('',(0.,0.));
#4098 = VECTOR('',#4099,1.);
#4099 = DIRECTION('',(0.,1.));
#4100 = ( GEOMETRIC_REPRESENTATION_CONTEXT(2) 
PARAMETRIC_REPRESENTATION_CONTEXT() REPRESENTATION_CONTEXT('2D SPACE',''
  ) );
#4101 = ADVANCED_FACE('',(#4102),#3199,.F.);
#4102 = FACE_BOUND('',#4103,.F.);
#4103 = EDGE_LOOP('',(#4104,#4125,#4126,#4127));
#4104 = ORIENTED_EDGE('',*,*,#4105,.F.);
#4105 = EDGE_CURVE('',#2950,#3526,#4106,.T.);
#4106 = SURFACE_CURVE('',#4107,(#4111,#4118),.PCURVE_S1.);
#4107 = LINE('',#4108,#4109);
#4108 = CARTESIAN_POINT('',(-40.,-410.,520.));
#4109 = VECTOR('',#4110,1.);
#4110 = DIRECTION('',(-0.,1.,0.));
#4111 = PCURVE('',#3199,#4112);
#4112 = DEFINITIONAL_REPRESENTATION('',(#4113),#4117);
#4113 = LINE('',#4114,#4115);
#4114 = CARTESIAN_POINT('',(660.,40.));
#4115 = VECTOR('',#4116,1.);
#4116 = DIRECTION('',(0.,1.));
#4117 = ( GEOMETRIC_REPRESENTATION_CONTEXT(2) 
PARAMETRIC_REPRESENTATION_CONTEXT() REPRESENTATION_CONTEXT('2D SPACE',''
  ) );
#4118 = PCURVE('',#3462,#4119);
#4119 = DEFINITIONAL_REPRESENTATION('',(#4120),#4124);
#4120 = LINE('',#4121,#4122);
#4121 = CARTESIAN_POINT('',(0.,0.));
#4122 = VECTOR('',#4123,1.);
#4123 = DIRECTION('',(0.,-1.));
#4124 = ( GEOMETRIC_REPRESENTATION_CONTEXT(2) 
PARAMETRIC_REPRESENTATION_CONTEXT() REPRESENTATION_CONTEXT('2D SPACE',''
  ) );
#4125 = ORIENTED_EDGE('',*,*,#4053,.T.);
#4126 = ORIENTED_EDGE('',*,*,#3183,.F.);
#4127 = ORIENTED_EDGE('',*,*,#4128,.F.);
#4128 = EDGE_CURVE('',#3526,#3184,#4129,.T.);
#4129 = SURFACE_CURVE('',#4130,(#4134,#4141),.PCURVE_S1.);
#4130 = LINE('',#4131,#4132);
#4131 = CARTESIAN_POINT('',(-40.,10.,520.));
#4132 = VECTOR('',#4133,1.);
#4133 = DIRECTION('',(1.,0.,-0.));
#4134 = PCURVE('',#3199,#4135);
#4135 = DEFINITIONAL_REPRESENTATION('',(#4136),#4140);
#4136 = LINE('',#4137,#4138);
#4137 = CARTESIAN_POINT('',(660.,460.));
#4138 = VECTOR('',#4139,1.);
#4139 = DIRECTION('',(1.,0.));
#4140 = ( GEOMETRIC_REPRESENTATION_CONTEXT(2) 
PARAMETRIC_REPRESENTATION_CONTEXT() REPRESENTATION_CONTEXT('2D SPACE',''
  ) );
#4141 = PCURVE('',#3225,#4142);
#4142 = DEFINITIONAL_REPRESENTATION('',(#4143),#4147);
#4143 = LINE('',#4144,#4145);
#4144 = CARTESIAN_POINT('',(480.,0.));
#4145 = VECTOR('',#4146,1.);
#4146 = DIRECTION('',(0.,1.));
#4147 = ( GEOMETRIC_REPRESENTATION_CONTEXT(2) 
PARAMETRIC_REPRESENTATION_CONTEXT() REPRESENTATION_CONTEXT('2D SPACE',''
  ) );
#4148 = ADVANCED_FACE('',(#4149),#3225,.F.);
#4149 = FACE_BOUND('',#4150,.F.);
#4150 = EDGE_LOOP('',(#4151,#4152,#4153,#4154));
#4151 = ORIENTED_EDGE('',*,*,#4081,.F.);
#4152 = ORIENTED_EDGE('',*,*,#3923,.T.);
#4153 = ORIENTED_EDGE('',*,*,#4128,.T.);
#4154 = ORIENTED_EDGE('',*,*,#3211,.F.);
#4155 = ADVANCED_FACE('',(#4156),#3280,.F.);
#4156 = FACE_BOUND('',#4157,.F.);
#4157 = EDGE_LOOP('',(#4158,#4159,#4160,#4161));
#4158 = ORIENTED_EDGE('',*,*,#3266,.F.);
#4159 = ORIENTED_EDGE('',*,*,#3646,.T.);
#4160 = ORIENTED_EDGE('',*,*,#3369,.T.);
#4161 = ORIENTED_EDGE('',*,*,#3570,.F.);
#4162 = ADVANCED_FACE('',(#4163),#3462,.F.);
#4163 = FACE_BOUND('',#4164,.F.);
#4164 = EDGE_LOOP('',(#4165,#4166,#4167,#4168));
#4165 = ORIENTED_EDGE('',*,*,#3668,.F.);
#4166 = ORIENTED_EDGE('',*,*,#4105,.T.);
#4167 = ORIENTED_EDGE('',*,*,#3592,.T.);
#4168 = ORIENTED_EDGE('',*,*,#3446,.F.);
#4169 = ORIENTED_CLOSED_SHELL('',*,#4170,.F.);
#4170 = CLOSED_SHELL('',(#4171,#4287,#4362,#4410,#4458,#4484));
#4171 = ADVANCED_FACE('',(#4172),#4186,.F.);
#4172 = FACE_BOUND('',#4173,.F.);
#4173 = EDGE_LOOP('',(#4174,#4208,#4235,#4262));
#4174 = ORIENTED_EDGE('',*,*,#4175,.F.);
#4175 = EDGE_CURVE('',#4176,#4178,#4180,.T.);
#4176 = VERTEX_POINT('',#4177);
#4177 = CARTESIAN_POINT('',(-697.,-410.,37.));
#4178 = VERTEX_POINT('',#4179);
#4179 = CARTESIAN_POINT('',(-697.,-410.,3.));
#4180 = SURFACE_CURVE('',#4181,(#4185,#4197),.PCURVE_S1.);
#4181 = LINE('',#4182,#4183);
#4182 = CARTESIAN_POINT('',(-697.,-410.,1.5));
#4183 = VECTOR('',#4184,1.);
#4184 = DIRECTION('',(-0.,0.,-1.));
#4185 = PCURVE('',#4186,#4191);
#4186 = PLANE('',#4187);
#4187 = AXIS2_PLACEMENT_3D('',#4188,#4189,#4190);
#4188 = CARTESIAN_POINT('',(-700.,-410.,0.));
#4189 = DIRECTION('',(-0.,1.,0.));
#4190 = DIRECTION('',(0.,0.,1.));
#4191 = DEFINITIONAL_REPRESENTATION('',(#4192),#4196);
#4192 = LINE('',#4193,#4194);
#4193 = CARTESIAN_POINT('',(1.5,3.));
#4194 = VECTOR('',#4195,1.);
#4195 = DIRECTION('',(-1.,0.));
#4196 = ( GEOMETRIC_REPRESENTATION_CONTEXT(2) 
PARAMETRIC_REPRESENTATION_CONTEXT() REPRESENTATION_CONTEXT('2D SPACE',''
  ) );
#4197 = PCURVE('',#4198,#4203);
#4198 = PLANE('',#4199);
#4199 = AXIS2_PLACEMENT_3D('',#4200,#4201,#4202);
#4200 = CARTESIAN_POINT('',(-697.,-411.,3.));
#4201 = DIRECTION('',(1.,0.,-0.));
#4202 = DIRECTION('',(0.,0.,1.));
#4203 = DEFINITIONAL_REPRESENTATION('',(#4204),#4207);
#4204 = B_SPLINE_CURVE_WITH_KNOTS('',1,(#4205,#4206),.UNSPECIFIED.,.F.,
  .F.,(2,2),(-35.5,-1.5),.PIECEWISE_BEZIER_KNOTS.);
#4205 = CARTESIAN_POINT('',(34.,-1.));
#4206 = CARTESIAN_POINT('',(0.,-1.));
#4207 = ( GEOMETRIC_REPRESENTATION_CONTEXT(2) 
PARAMETRIC_REPRESENTATION_CONTEXT() REPRESENTATION_CONTEXT('2D SPACE',''
  ) );
#4208 = ORIENTED_EDGE('',*,*,#4209,.T.);
#4209 = EDGE_CURVE('',#4176,#4210,#4212,.T.);
#4210 = VERTEX_POINT('',#4211);
#4211 = CARTESIAN_POINT('',(-663.,-410.,37.));
#4212 = SURFACE_CURVE('',#4213,(#4217,#4224),.PCURVE_S1.);
#4213 = LINE('',#4214,#4215);
#4214 = CARTESIAN_POINT('',(-698.5,-410.,37.));
#4215 = VECTOR('',#4216,1.);
#4216 = DIRECTION('',(1.,0.,-0.));
#4217 = PCURVE('',#4186,#4218);
#4218 = DEFINITIONAL_REPRESENTATION('',(#4219),#4223);
#4219 = LINE('',#4220,#4221);
#4220 = CARTESIAN_POINT('',(37.,1.5));
#4221 = VECTOR('',#4222,1.);
#4222 = DIRECTION('',(0.,1.));
#4223 = ( GEOMETRIC_REPRESENTATION_CONTEXT(2) 
PARAMETRIC_REPRESENTATION_CONTEXT() REPRESENTATION_CONTEXT('2D SPACE',''
  ) );
#4224 = PCURVE('',#4225,#4230);
#4225 = PLANE('',#4226);
#4226 = AXIS2_PLACEMENT_3D('',#4227,#4228,#4229);
#4227 = CARTESIAN_POINT('',(-697.,-411.,37.));
#4228 = DIRECTION('',(0.,0.,1.));
#4229 = DIRECTION('',(1.,0.,-0.));
#4230 = DEFINITIONAL_REPRESENTATION('',(#4231),#4234);
#4231 = B_SPLINE_CURVE_WITH_KNOTS('',1,(#4232,#4233),.UNSPECIFIED.,.F.,
  .F.,(2,2),(1.5,35.5),.PIECEWISE_BEZIER_KNOTS.);
#4232 = CARTESIAN_POINT('',(0.,1.));
#4233 = CARTESIAN_POINT('',(34.,1.));
#4234 = ( GEOMETRIC_REPRESENTATION_CONTEXT(2) 
PARAMETRIC_REPRESENTATION_CONTEXT() REPRESENTATION_CONTEXT('2D SPACE',''
  ) );
#4235 = ORIENTED_EDGE('',*,*,#4236,.T.);
#4236 = EDGE_CURVE('',#4210,#4237,#4239,.T.);
#4237 = VERTEX_POINT('',#4238);
#4238 = CARTESIAN_POINT('',(-663.,-410.,3.));
#4239 = SURFACE_CURVE('',#4240,(#4244,#4251),.PCURVE_S1.);
#4240 = LINE('',#4241,#4242);
#4241 = CARTESIAN_POINT('',(-663.,-410.,1.5));
#4242 = VECTOR('',#4243,1.);
#4243 = DIRECTION('',(-0.,0.,-1.));
#4244 = PCURVE('',#4186,#4245);
#4245 = DEFINITIONAL_REPRESENTATION('',(#4246),#4250);
#4246 = LINE('',#4247,#4248);
#4247 = CARTESIAN_POINT('',(1.5,37.));
#4248 = VECTOR('',#4249,1.);
#4249 = DIRECTION('',(-1.,0.));
#4250 = ( GEOMETRIC_REPRESENTATION_CONTEXT(2) 
PARAMETRIC_REPRESENTATION_CONTEXT() REPRESENTATION_CONTEXT('2D SPACE',''
  ) );
#4251 = PCURVE('',#4252,#4257);
#4252 = PLANE('',#4253);
#4253 = AXIS2_PLACEMENT_3D('',#4254,#4255,#4256);
#4254 = CARTESIAN_POINT('',(-663.,-411.,3.));
#4255 = DIRECTION('',(1.,0.,-0.));
#4256 = DIRECTION('',(0.,0.,1.));
#4257 = DEFINITIONAL_REPRESENTATION('',(#4258),#4261);
#4258 = B_SPLINE_CURVE_WITH_KNOTS('',1,(#4259,#4260),.UNSPECIFIED.,.F.,
  .F.,(2,2),(-35.5,-1.5),.PIECEWISE_BEZIER_KNOTS.);
#4259 = CARTESIAN_POINT('',(34.,-1.));
#4260 = CARTESIAN_POINT('',(0.,-1.));
#4261 = ( GEOMETRIC_REPRESENTATION_CONTEXT(2) 
PARAMETRIC_REPRESENTATION_CONTEXT() REPRESENTATION_CONTEXT('2D SPACE',''
  ) );
#4262 = ORIENTED_EDGE('',*,*,#4263,.F.);
#4263 = EDGE_CURVE('',#4178,#4237,#4264,.T.);
#4264 = SURFACE_CURVE('',#4265,(#4269,#4276),.PCURVE_S1.);
#4265 = LINE('',#4266,#4267);
#4266 = CARTESIAN_POINT('',(-698.5,-410.,3.));
#4267 = VECTOR('',#4268,1.);
#4268 = DIRECTION('',(1.,0.,-0.));
#4269 = PCURVE('',#4186,#4270);
#4270 = DEFINITIONAL_REPRESENTATION('',(#4271),#4275);
#4271 = LINE('',#4272,#4273);
#4272 = CARTESIAN_POINT('',(3.,1.5));
#4273 = VECTOR('',#4274,1.);
#4274 = DIRECTION('',(0.,1.));
#4275 = ( GEOMETRIC_REPRESENTATION_CONTEXT(2) 
PARAMETRIC_REPRESENTATION_CONTEXT() REPRESENTATION_CONTEXT('2D SPACE',''
  ) );
#4276 = PCURVE('',#4277,#4282);
#4277 = PLANE('',#4278);
#4278 = AXIS2_PLACEMENT_3D('',#4279,#4280,#4281);
#4279 = CARTESIAN_POINT('',(-697.,-411.,3.));
#4280 = DIRECTION('',(0.,0.,1.));
#4281 = DIRECTION('',(1.,0.,-0.));
#4282 = DEFINITIONAL_REPRESENTATION('',(#4283),#4286);
#4283 = B_SPLINE_CURVE_WITH_KNOTS('',1,(#4284,#4285),.UNSPECIFIED.,.F.,
  .F.,(2,2),(1.5,35.5),.PIECEWISE_BEZIER_KNOTS.);
#4284 = CARTESIAN_POINT('',(0.,1.));
#4285 = CARTESIAN_POINT('',(34.,1.));
#4286 = ( GEOMETRIC_REPRESENTATION_CONTEXT(2) 
PARAMETRIC_REPRESENTATION_CONTEXT() REPRESENTATION_CONTEXT('2D SPACE',''
  ) );
#4287 = ADVANCED_FACE('',(#4288),#4198,.F.);
#4288 = FACE_BOUND('',#4289,.F.);
#4289 = EDGE_LOOP('',(#4290,#4313,#4314,#4337));
#4290 = ORIENTED_EDGE('',*,*,#4291,.F.);
#4291 = EDGE_CURVE('',#4176,#4292,#4294,.T.);
#4292 = VERTEX_POINT('',#4293);
#4293 = CARTESIAN_POINT('',(-697.,10.,37.));
#4294 = SURFACE_CURVE('',#4295,(#4299,#4306),.PCURVE_S1.);
#4295 = LINE('',#4296,#4297);
#4296 = CARTESIAN_POINT('',(-697.,-411.,37.));
#4297 = VECTOR('',#4298,1.);
#4298 = DIRECTION('',(-0.,1.,0.));
#4299 = PCURVE('',#4198,#4300);
#4300 = DEFINITIONAL_REPRESENTATION('',(#4301),#4305);
#4301 = LINE('',#4302,#4303);
#4302 = CARTESIAN_POINT('',(34.,0.));
#4303 = VECTOR('',#4304,1.);
#4304 = DIRECTION('',(0.,-1.));
#4305 = ( GEOMETRIC_REPRESENTATION_CONTEXT(2) 
PARAMETRIC_REPRESENTATION_CONTEXT() REPRESENTATION_CONTEXT('2D SPACE',''
  ) );
#4306 = PCURVE('',#4225,#4307);
#4307 = DEFINITIONAL_REPRESENTATION('',(#4308),#4312);
#4308 = LINE('',#4309,#4310);
#4309 = CARTESIAN_POINT('',(0.,0.));
#4310 = VECTOR('',#4311,1.);
#4311 = DIRECTION('',(0.,1.));
#4312 = ( GEOMETRIC_REPRESENTATION_CONTEXT(2) 
PARAMETRIC_REPRESENTATION_CONTEXT() REPRESENTATION_CONTEXT('2D SPACE',''
  ) );
#4313 = ORIENTED_EDGE('',*,*,#4175,.T.);
#4314 = ORIENTED_EDGE('',*,*,#4315,.T.);
#4315 = EDGE_CURVE('',#4178,#4316,#4318,.T.);
#4316 = VERTEX_POINT('',#4317);
#4317 = CARTESIAN_POINT('',(-697.,10.,3.));
#4318 = SURFACE_CURVE('',#4319,(#4323,#4330),.PCURVE_S1.);
#4319 = LINE('',#4320,#4321);
#4320 = CARTESIAN_POINT('',(-697.,-411.,3.));
#4321 = VECTOR('',#4322,1.);
#4322 = DIRECTION('',(-0.,1.,0.));
#4323 = PCURVE('',#4198,#4324);
#4324 = DEFINITIONAL_REPRESENTATION('',(#4325),#4329);
#4325 = LINE('',#4326,#4327);
#4326 = CARTESIAN_POINT('',(0.,0.));
#4327 = VECTOR('',#4328,1.);
#4328 = DIRECTION('',(0.,-1.));
#4329 = ( GEOMETRIC_REPRESENTATION_CONTEXT(2) 
PARAMETRIC_REPRESENTATION_CONTEXT() REPRESENTATION_CONTEXT('2D SPACE',''
  ) );
#4330 = PCURVE('',#4277,#4331);
#4331 = DEFINITIONAL_REPRESENTATION('',(#4332),#4336);
#4332 = LINE('',#4333,#4334);
#4333 = CARTESIAN_POINT('',(0.,0.));
#4334 = VECTOR('',#4335,1.);
#4335 = DIRECTION('',(0.,1.));
#4336 = ( GEOMETRIC_REPRESENTATION_CONTEXT(2) 
PARAMETRIC_REPRESENTATION_CONTEXT() REPRESENTATION_CONTEXT('2D SPACE',''
  ) );
#4337 = ORIENTED_EDGE('',*,*,#4338,.F.);
#4338 = EDGE_CURVE('',#4292,#4316,#4339,.T.);
#4339 = SURFACE_CURVE('',#4340,(#4344,#4350),.PCURVE_S1.);
#4340 = LINE('',#4341,#4342);
#4341 = CARTESIAN_POINT('',(-697.,10.,1.5));
#4342 = VECTOR('',#4343,1.);
#4343 = DIRECTION('',(-0.,0.,-1.));
#4344 = PCURVE('',#4198,#4345);
#4345 = DEFINITIONAL_REPRESENTATION('',(#4346),#4349);
#4346 = B_SPLINE_CURVE_WITH_KNOTS('',1,(#4347,#4348),.UNSPECIFIED.,.F.,
  .F.,(2,2),(-35.5,-1.5),.PIECEWISE_BEZIER_KNOTS.);
#4347 = CARTESIAN_POINT('',(34.,-421.));
#4348 = CARTESIAN_POINT('',(0.,-421.));
#4349 = ( GEOMETRIC_REPRESENTATION_CONTEXT(2) 
PARAMETRIC_REPRESENTATION_CONTEXT() REPRESENTATION_CONTEXT('2D SPACE',''
  ) );
#4350 = PCURVE('',#4351,#4356);
#4351 = PLANE('',#4352);
#4352 = AXIS2_PLACEMENT_3D('',#4353,#4354,#4355);
#4353 = CARTESIAN_POINT('',(-700.,10.,0.));
#4354 = DIRECTION('',(-0.,1.,0.));
#4355 = DIRECTION('',(0.,0.,1.));
#4356 = DEFINITIONAL_REPRESENTATION('',(#4357),#4361);
#4357 = LINE('',#4358,#4359);
#4358 = CARTESIAN_POINT('',(1.5,3.));
#4359 = VECTOR('',#4360,1.);
#4360 = DIRECTION('',(-1.,0.));
#4361 = ( GEOMETRIC_REPRESENTATION_CONTEXT(2) 
PARAMETRIC_REPRESENTATION_CONTEXT() REPRESENTATION_CONTEXT('2D SPACE',''
  ) );
#4362 = ADVANCED_FACE('',(#4363),#4277,.F.);
#4363 = FACE_BOUND('',#4364,.F.);
#4364 = EDGE_LOOP('',(#4365,#4366,#4367,#4390));
#4365 = ORIENTED_EDGE('',*,*,#4315,.F.);
#4366 = ORIENTED_EDGE('',*,*,#4263,.T.);
#4367 = ORIENTED_EDGE('',*,*,#4368,.T.);
#4368 = EDGE_CURVE('',#4237,#4369,#4371,.T.);
#4369 = VERTEX_POINT('',#4370);
#4370 = CARTESIAN_POINT('',(-663.,10.,3.));
#4371 = SURFACE_CURVE('',#4372,(#4376,#4383),.PCURVE_S1.);
#4372 = LINE('',#4373,#4374);
#4373 = CARTESIAN_POINT('',(-663.,-411.,3.));
#4374 = VECTOR('',#4375,1.);
#4375 = DIRECTION('',(-0.,1.,0.));
#4376 = PCURVE('',#4277,#4377);
#4377 = DEFINITIONAL_REPRESENTATION('',(#4378),#4382);
#4378 = LINE('',#4379,#4380);
#4379 = CARTESIAN_POINT('',(34.,0.));
#4380 = VECTOR('',#4381,1.);
#4381 = DIRECTION('',(0.,1.));
#4382 = ( GEOMETRIC_REPRESENTATION_CONTEXT(2) 
PARAMETRIC_REPRESENTATION_CONTEXT() REPRESENTATION_CONTEXT('2D SPACE',''
  ) );
#4383 = PCURVE('',#4252,#4384);
#4384 = DEFINITIONAL_REPRESENTATION('',(#4385),#4389);
#4385 = LINE('',#4386,#4387);
#4386 = CARTESIAN_POINT('',(0.,0.));
#4387 = VECTOR('',#4388,1.);
#4388 = DIRECTION('',(0.,-1.));
#4389 = ( GEOMETRIC_REPRESENTATION_CONTEXT(2) 
PARAMETRIC_REPRESENTATION_CONTEXT() REPRESENTATION_CONTEXT('2D SPACE',''
  ) );
#4390 = ORIENTED_EDGE('',*,*,#4391,.F.);
#4391 = EDGE_CURVE('',#4316,#4369,#4392,.T.);
#4392 = SURFACE_CURVE('',#4393,(#4397,#4403),.PCURVE_S1.);
#4393 = LINE('',#4394,#4395);
#4394 = CARTESIAN_POINT('',(-698.5,10.,3.));
#4395 = VECTOR('',#4396,1.);
#4396 = DIRECTION('',(1.,0.,-0.));
#4397 = PCURVE('',#4277,#4398);
#4398 = DEFINITIONAL_REPRESENTATION('',(#4399),#4402);
#4399 = B_SPLINE_CURVE_WITH_KNOTS('',1,(#4400,#4401),.UNSPECIFIED.,.F.,
  .F.,(2,2),(1.5,35.5),.PIECEWISE_BEZIER_KNOTS.);
#4400 = CARTESIAN_POINT('',(0.,421.));
#4401 = CARTESIAN_POINT('',(34.,421.));
#4402 = ( GEOMETRIC_REPRESENTATION_CONTEXT(2) 
PARAMETRIC_REPRESENTATION_CONTEXT() REPRESENTATION_CONTEXT('2D SPACE',''
  ) );
#4403 = PCURVE('',#4351,#4404);
#4404 = DEFINITIONAL_REPRESENTATION('',(#4405),#4409);
#4405 = LINE('',#4406,#4407);
#4406 = CARTESIAN_POINT('',(3.,1.5));
#4407 = VECTOR('',#4408,1.);
#4408 = DIRECTION('',(0.,1.));
#4409 = ( GEOMETRIC_REPRESENTATION_CONTEXT(2) 
PARAMETRIC_REPRESENTATION_CONTEXT() REPRESENTATION_CONTEXT('2D SPACE',''
  ) );
#4410 = ADVANCED_FACE('',(#4411),#4252,.T.);
#4411 = FACE_BOUND('',#4412,.T.);
#4412 = EDGE_LOOP('',(#4413,#4436,#4437,#4438));
#4413 = ORIENTED_EDGE('',*,*,#4414,.F.);
#4414 = EDGE_CURVE('',#4210,#4415,#4417,.T.);
#4415 = VERTEX_POINT('',#4416);
#4416 = CARTESIAN_POINT('',(-663.,10.,37.));
#4417 = SURFACE_CURVE('',#4418,(#4422,#4429),.PCURVE_S1.);
#4418 = LINE('',#4419,#4420);
#4419 = CARTESIAN_POINT('',(-663.,-411.,37.));
#4420 = VECTOR('',#4421,1.);
#4421 = DIRECTION('',(-0.,1.,0.));
#4422 = PCURVE('',#4252,#4423);
#4423 = DEFINITIONAL_REPRESENTATION('',(#4424),#4428);
#4424 = LINE('',#4425,#4426);
#4425 = CARTESIAN_POINT('',(34.,0.));
#4426 = VECTOR('',#4427,1.);
#4427 = DIRECTION('',(0.,-1.));
#4428 = ( GEOMETRIC_REPRESENTATION_CONTEXT(2) 
PARAMETRIC_REPRESENTATION_CONTEXT() REPRESENTATION_CONTEXT('2D SPACE',''
  ) );
#4429 = PCURVE('',#4225,#4430);
#4430 = DEFINITIONAL_REPRESENTATION('',(#4431),#4435);
#4431 = LINE('',#4432,#4433);
#4432 = CARTESIAN_POINT('',(34.,0.));
#4433 = VECTOR('',#4434,1.);
#4434 = DIRECTION('',(0.,1.));
#4435 = ( GEOMETRIC_REPRESENTATION_CONTEXT(2) 
PARAMETRIC_REPRESENTATION_CONTEXT() REPRESENTATION_CONTEXT('2D SPACE',''
  ) );
#4436 = ORIENTED_EDGE('',*,*,#4236,.T.);
#4437 = ORIENTED_EDGE('',*,*,#4368,.T.);
#4438 = ORIENTED_EDGE('',*,*,#4439,.F.);
#4439 = EDGE_CURVE('',#4415,#4369,#4440,.T.);
#4440 = SURFACE_CURVE('',#4441,(#4445,#4451),.PCURVE_S1.);
#4441 = LINE('',#4442,#4443);
#4442 = CARTESIAN_POINT('',(-663.,10.,1.5));
#4443 = VECTOR('',#4444,1.);
#4444 = DIRECTION('',(-0.,0.,-1.));
#4445 = PCURVE('',#4252,#4446);
#4446 = DEFINITIONAL_REPRESENTATION('',(#4447),#4450);
#4447 = B_SPLINE_CURVE_WITH_KNOTS('',1,(#4448,#4449),.UNSPECIFIED.,.F.,
  .F.,(2,2),(-35.5,-1.5),.PIECEWISE_BEZIER_KNOTS.);
#4448 = CARTESIAN_POINT('',(34.,-421.));
#4449 = CARTESIAN_POINT('',(0.,-421.));
#4450 = ( GEOMETRIC_REPRESENTATION_CONTEXT(2) 
PARAMETRIC_REPRESENTATION_CONTEXT() REPRESENTATION_CONTEXT('2D SPACE',''
  ) );
#4451 = PCURVE('',#4351,#4452);
#4452 = DEFINITIONAL_REPRESENTATION('',(#4453),#4457);
#4453 = LINE('',#4454,#4455);
#4454 = CARTESIAN_POINT('',(1.5,37.));
#4455 = VECTOR('',#4456,1.);
#4456 = DIRECTION('',(-1.,0.));
#4457 = ( GEOMETRIC_REPRESENTATION_CONTEXT(2) 
PARAMETRIC_REPRESENTATION_CONTEXT() REPRESENTATION_CONTEXT('2D SPACE',''
  ) );
#4458 = ADVANCED_FACE('',(#4459),#4225,.T.);
#4459 = FACE_BOUND('',#4460,.T.);
#4460 = EDGE_LOOP('',(#4461,#4462,#4463,#4464));
#4461 = ORIENTED_EDGE('',*,*,#4291,.F.);
#4462 = ORIENTED_EDGE('',*,*,#4209,.T.);
#4463 = ORIENTED_EDGE('',*,*,#4414,.T.);
#4464 = ORIENTED_EDGE('',*,*,#4465,.F.);
#4465 = EDGE_CURVE('',#4292,#4415,#4466,.T.);
#4466 = SURFACE_CURVE('',#4467,(#4471,#4477),.PCURVE_S1.);
#4467 = LINE('',#4468,#4469);
#4468 = CARTESIAN_POINT('',(-698.5,10.,37.));
#4469 = VECTOR('',#4470,1.);
#4470 = DIRECTION('',(1.,0.,-0.));
#4471 = PCURVE('',#4225,#4472);
#4472 = DEFINITIONAL_REPRESENTATION('',(#4473),#4476);
#4473 = B_SPLINE_CURVE_WITH_KNOTS('',1,(#4474,#4475),.UNSPECIFIED.,.F.,
  .F.,(2,2),(1.5,35.5),.PIECEWISE_BEZIER_KNOTS.);
#4474 = CARTESIAN_POINT('',(0.,421.));
#4475 = CARTESIAN_POINT('',(34.,421.));
#4476 = ( GEOMETRIC_REPRESENTATION_CONTEXT(2) 
PARAMETRIC_REPRESENTATION_CONTEXT() REPRESENTATION_CONTEXT('2D SPACE',''
  ) );
#4477 = PCURVE('',#4351,#4478);
#4478 = DEFINITIONAL_REPRESENTATION('',(#4479),#4483);
#4479 = LINE('',#4480,#4481);
#4480 = CARTESIAN_POINT('',(37.,1.5));
#4481 = VECTOR('',#4482,1.);
#4482 = DIRECTION('',(0.,1.));
#4483 = ( GEOMETRIC_REPRESENTATION_CONTEXT(2) 
PARAMETRIC_REPRESENTATION_CONTEXT() REPRESENTATION_CONTEXT('2D SPACE',''
  ) );
#4484 = ADVANCED_FACE('',(#4485),#4351,.T.);
#4485 = FACE_BOUND('',#4486,.T.);
#4486 = EDGE_LOOP('',(#4487,#4488,#4489,#4490));
#4487 = ORIENTED_EDGE('',*,*,#4338,.F.);
#4488 = ORIENTED_EDGE('',*,*,#4465,.T.);
#4489 = ORIENTED_EDGE('',*,*,#4439,.T.);
#4490 = ORIENTED_EDGE('',*,*,#4391,.F.);
#4491 = ORIENTED_CLOSED_SHELL('',*,#4492,.F.);
#4492 = CLOSED_SHELL('',(#4493,#4609,#4684,#4732,#4780,#4806));
#4493 = ADVANCED_FACE('',(#4494),#4508,.T.);
#4494 = FACE_BOUND('',#4495,.T.);
#4495 = EDGE_LOOP('',(#4496,#4530,#4557,#4584));
#4496 = ORIENTED_EDGE('',*,*,#4497,.F.);
#4497 = EDGE_CURVE('',#4498,#4500,#4502,.T.);
#4498 = VERTEX_POINT('',#4499);
#4499 = CARTESIAN_POINT('',(-37.,10.,37.));
#4500 = VERTEX_POINT('',#4501);
#4501 = CARTESIAN_POINT('',(-37.,10.,3.));
#4502 = SURFACE_CURVE('',#4503,(#4507,#4519),.PCURVE_S1.);
#4503 = LINE('',#4504,#4505);
#4504 = CARTESIAN_POINT('',(-37.,10.,1.5));
#4505 = VECTOR('',#4506,1.);
#4506 = DIRECTION('',(-0.,0.,-1.));
#4507 = PCURVE('',#4508,#4513);
#4508 = PLANE('',#4509);
#4509 = AXIS2_PLACEMENT_3D('',#4510,#4511,#4512);
#4510 = CARTESIAN_POINT('',(-700.,10.,0.));
#4511 = DIRECTION('',(-0.,1.,0.));
#4512 = DIRECTION('',(0.,0.,1.));
#4513 = DEFINITIONAL_REPRESENTATION('',(#4514),#4518);
#4514 = LINE('',#4515,#4516);
#4515 = CARTESIAN_POINT('',(1.5,663.));
#4516 = VECTOR('',#4517,1.);
#4517 = DIRECTION('',(-1.,0.));
#4518 = ( GEOMETRIC_REPRESENTATION_CONTEXT(2) 
PARAMETRIC_REPRESENTATION_CONTEXT() REPRESENTATION_CONTEXT('2D SPACE',''
  ) );
#4519 = PCURVE('',#4520,#4525);
#4520 = PLANE('',#4521);
#4521 = AXIS2_PLACEMENT_3D('',#4522,#4523,#4524);
#4522 = CARTESIAN_POINT('',(-37.,-411.,3.));
#4523 = DIRECTION('',(1.,0.,-0.));
#4524 = DIRECTION('',(0.,0.,1.));
#4525 = DEFINITIONAL_REPRESENTATION('',(#4526),#4529);
#4526 = B_SPLINE_CURVE_WITH_KNOTS('',1,(#4527,#4528),.UNSPECIFIED.,.F.,
  .F.,(2,2),(-35.5,-1.5),.PIECEWISE_BEZIER_KNOTS.);
#4527 = CARTESIAN_POINT('',(34.,-421.));
#4528 = CARTESIAN_POINT('',(0.,-421.));
#4529 = ( GEOMETRIC_REPRESENTATION_CONTEXT(2) 
PARAMETRIC_REPRESENTATION_CONTEXT() REPRESENTATION_CONTEXT('2D SPACE',''
  ) );
#4530 = ORIENTED_EDGE('',*,*,#4531,.T.);
#4531 = EDGE_CURVE('',#4498,#4532,#4534,.T.);
#4532 = VERTEX_POINT('',#4533);
#4533 = CARTESIAN_POINT('',(-3.,10.,37.));
#4534 = SURFACE_CURVE('',#4535,(#4539,#4546),.PCURVE_S1.);
#4535 = LINE('',#4536,#4537);
#4536 = CARTESIAN_POINT('',(-38.5,10.,37.));
#4537 = VECTOR('',#4538,1.);
#4538 = DIRECTION('',(1.,0.,-0.));
#4539 = PCURVE('',#4508,#4540);
#4540 = DEFINITIONAL_REPRESENTATION('',(#4541),#4545);
#4541 = LINE('',#4542,#4543);
#4542 = CARTESIAN_POINT('',(37.,661.5));
#4543 = VECTOR('',#4544,1.);
#4544 = DIRECTION('',(0.,1.));
#4545 = ( GEOMETRIC_REPRESENTATION_CONTEXT(2) 
PARAMETRIC_REPRESENTATION_CONTEXT() REPRESENTATION_CONTEXT('2D SPACE',''
  ) );
#4546 = PCURVE('',#4547,#4552);
#4547 = PLANE('',#4548);
#4548 = AXIS2_PLACEMENT_3D('',#4549,#4550,#4551);
#4549 = CARTESIAN_POINT('',(-37.,-411.,37.));
#4550 = DIRECTION('',(0.,0.,1.));
#4551 = DIRECTION('',(1.,0.,-0.));
#4552 = DEFINITIONAL_REPRESENTATION('',(#4553),#4556);
#4553 = B_SPLINE_CURVE_WITH_KNOTS('',1,(#4554,#4555),.UNSPECIFIED.,.F.,
  .F.,(2,2),(1.5,35.5),.PIECEWISE_BEZIER_KNOTS.);
#4554 = CARTESIAN_POINT('',(0.,421.));
#4555 = CARTESIAN_POINT('',(34.,421.));
#4556 = ( GEOMETRIC_REPRESENTATION_CONTEXT(2) 
PARAMETRIC_REPRESENTATION_CONTEXT() REPRESENTATION_CONTEXT('2D SPACE',''
  ) );
#4557 = ORIENTED_EDGE('',*,*,#4558,.T.);
#4558 = EDGE_CURVE('',#4532,#4559,#4561,.T.);
#4559 = VERTEX_POINT('',#4560);
#4560 = CARTESIAN_POINT('',(-3.,10.,3.));
#4561 = SURFACE_CURVE('',#4562,(#4566,#4573),.PCURVE_S1.);
#4562 = LINE('',#4563,#4564);
#4563 = CARTESIAN_POINT('',(-3.,10.,1.5));
#4564 = VECTOR('',#4565,1.);
#4565 = DIRECTION('',(-0.,0.,-1.));
#4566 = PCURVE('',#4508,#4567);
#4567 = DEFINITIONAL_REPRESENTATION('',(#4568),#4572);
#4568 = LINE('',#4569,#4570);
#4569 = CARTESIAN_POINT('',(1.5,697.));
#4570 = VECTOR('',#4571,1.);
#4571 = DIRECTION('',(-1.,0.));
#4572 = ( GEOMETRIC_REPRESENTATION_CONTEXT(2) 
PARAMETRIC_REPRESENTATION_CONTEXT() REPRESENTATION_CONTEXT('2D SPACE',''
  ) );
#4573 = PCURVE('',#4574,#4579);
#4574 = PLANE('',#4575);
#4575 = AXIS2_PLACEMENT_3D('',#4576,#4577,#4578);
#4576 = CARTESIAN_POINT('',(-3.,-411.,3.));
#4577 = DIRECTION('',(1.,0.,-0.));
#4578 = DIRECTION('',(0.,0.,1.));
#4579 = DEFINITIONAL_REPRESENTATION('',(#4580),#4583);
#4580 = B_SPLINE_CURVE_WITH_KNOTS('',1,(#4581,#4582),.UNSPECIFIED.,.F.,
  .F.,(2,2),(-35.5,-1.5),.PIECEWISE_BEZIER_KNOTS.);
#4581 = CARTESIAN_POINT('',(34.,-421.));
#4582 = CARTESIAN_POINT('',(0.,-421.));
#4583 = ( GEOMETRIC_REPRESENTATION_CONTEXT(2) 
PARAMETRIC_REPRESENTATION_CONTEXT() REPRESENTATION_CONTEXT('2D SPACE',''
  ) );
#4584 = ORIENTED_EDGE('',*,*,#4585,.F.);
#4585 = EDGE_CURVE('',#4500,#4559,#4586,.T.);
#4586 = SURFACE_CURVE('',#4587,(#4591,#4598),.PCURVE_S1.);
#4587 = LINE('',#4588,#4589);
#4588 = CARTESIAN_POINT('',(-38.5,10.,3.));
#4589 = VECTOR('',#4590,1.);
#4590 = DIRECTION('',(1.,0.,-0.));
#4591 = PCURVE('',#4508,#4592);
#4592 = DEFINITIONAL_REPRESENTATION('',(#4593),#4597);
#4593 = LINE('',#4594,#4595);
#4594 = CARTESIAN_POINT('',(3.,661.5));
#4595 = VECTOR('',#4596,1.);
#4596 = DIRECTION('',(0.,1.));
#4597 = ( GEOMETRIC_REPRESENTATION_CONTEXT(2) 
PARAMETRIC_REPRESENTATION_CONTEXT() REPRESENTATION_CONTEXT('2D SPACE',''
  ) );
#4598 = PCURVE('',#4599,#4604);
#4599 = PLANE('',#4600);
#4600 = AXIS2_PLACEMENT_3D('',#4601,#4602,#4603);
#4601 = CARTESIAN_POINT('',(-37.,-411.,3.));
#4602 = DIRECTION('',(0.,0.,1.));
#4603 = DIRECTION('',(1.,0.,-0.));
#4604 = DEFINITIONAL_REPRESENTATION('',(#4605),#4608);
#4605 = B_SPLINE_CURVE_WITH_KNOTS('',1,(#4606,#4607),.UNSPECIFIED.,.F.,
  .F.,(2,2),(1.5,35.5),.PIECEWISE_BEZIER_KNOTS.);
#4606 = CARTESIAN_POINT('',(0.,421.));
#4607 = CARTESIAN_POINT('',(34.,421.));
#4608 = ( GEOMETRIC_REPRESENTATION_CONTEXT(2) 
PARAMETRIC_REPRESENTATION_CONTEXT() REPRESENTATION_CONTEXT('2D SPACE',''
  ) );
#4609 = ADVANCED_FACE('',(#4610),#4520,.F.);
#4610 = FACE_BOUND('',#4611,.F.);
#4611 = EDGE_LOOP('',(#4612,#4635,#4662,#4683));
#4612 = ORIENTED_EDGE('',*,*,#4613,.F.);
#4613 = EDGE_CURVE('',#4614,#4498,#4616,.T.);
#4614 = VERTEX_POINT('',#4615);
#4615 = CARTESIAN_POINT('',(-37.,-410.,37.));
#4616 = SURFACE_CURVE('',#4617,(#4621,#4628),.PCURVE_S1.);
#4617 = LINE('',#4618,#4619);
#4618 = CARTESIAN_POINT('',(-37.,-411.,37.));
#4619 = VECTOR('',#4620,1.);
#4620 = DIRECTION('',(-0.,1.,0.));
#4621 = PCURVE('',#4520,#4622);
#4622 = DEFINITIONAL_REPRESENTATION('',(#4623),#4627);
#4623 = LINE('',#4624,#4625);
#4624 = CARTESIAN_POINT('',(34.,0.));
#4625 = VECTOR('',#4626,1.);
#4626 = DIRECTION('',(0.,-1.));
#4627 = ( GEOMETRIC_REPRESENTATION_CONTEXT(2) 
PARAMETRIC_REPRESENTATION_CONTEXT() REPRESENTATION_CONTEXT('2D SPACE',''
  ) );
#4628 = PCURVE('',#4547,#4629);
#4629 = DEFINITIONAL_REPRESENTATION('',(#4630),#4634);
#4630 = LINE('',#4631,#4632);
#4631 = CARTESIAN_POINT('',(0.,0.));
#4632 = VECTOR('',#4633,1.);
#4633 = DIRECTION('',(0.,1.));
#4634 = ( GEOMETRIC_REPRESENTATION_CONTEXT(2) 
PARAMETRIC_REPRESENTATION_CONTEXT() REPRESENTATION_CONTEXT('2D SPACE',''
  ) );
#4635 = ORIENTED_EDGE('',*,*,#4636,.T.);
#4636 = EDGE_CURVE('',#4614,#4637,#4639,.T.);
#4637 = VERTEX_POINT('',#4638);
#4638 = CARTESIAN_POINT('',(-37.,-410.,3.));
#4639 = SURFACE_CURVE('',#4640,(#4644,#4650),.PCURVE_S1.);
#4640 = LINE('',#4641,#4642);
#4641 = CARTESIAN_POINT('',(-37.,-410.,1.5));
#4642 = VECTOR('',#4643,1.);
#4643 = DIRECTION('',(-0.,0.,-1.));
#4644 = PCURVE('',#4520,#4645);
#4645 = DEFINITIONAL_REPRESENTATION('',(#4646),#4649);
#4646 = B_SPLINE_CURVE_WITH_KNOTS('',1,(#4647,#4648),.UNSPECIFIED.,.F.,
  .F.,(2,2),(-35.5,-1.5),.PIECEWISE_BEZIER_KNOTS.);
#4647 = CARTESIAN_POINT('',(34.,-1.));
#4648 = CARTESIAN_POINT('',(0.,-1.));
#4649 = ( GEOMETRIC_REPRESENTATION_CONTEXT(2) 
PARAMETRIC_REPRESENTATION_CONTEXT() REPRESENTATION_CONTEXT('2D SPACE',''
  ) );
#4650 = PCURVE('',#4651,#4656);
#4651 = PLANE('',#4652);
#4652 = AXIS2_PLACEMENT_3D('',#4653,#4654,#4655);
#4653 = CARTESIAN_POINT('',(-700.,-410.,0.));
#4654 = DIRECTION('',(-0.,1.,0.));
#4655 = DIRECTION('',(0.,0.,1.));
#4656 = DEFINITIONAL_REPRESENTATION('',(#4657),#4661);
#4657 = LINE('',#4658,#4659);
#4658 = CARTESIAN_POINT('',(1.5,663.));
#4659 = VECTOR('',#4660,1.);
#4660 = DIRECTION('',(-1.,0.));
#4661 = ( GEOMETRIC_REPRESENTATION_CONTEXT(2) 
PARAMETRIC_REPRESENTATION_CONTEXT() REPRESENTATION_CONTEXT('2D SPACE',''
  ) );
#4662 = ORIENTED_EDGE('',*,*,#4663,.T.);
#4663 = EDGE_CURVE('',#4637,#4500,#4664,.T.);
#4664 = SURFACE_CURVE('',#4665,(#4669,#4676),.PCURVE_S1.);
#4665 = LINE('',#4666,#4667);
#4666 = CARTESIAN_POINT('',(-37.,-411.,3.));
#4667 = VECTOR('',#4668,1.);
#4668 = DIRECTION('',(-0.,1.,0.));
#4669 = PCURVE('',#4520,#4670);
#4670 = DEFINITIONAL_REPRESENTATION('',(#4671),#4675);
#4671 = LINE('',#4672,#4673);
#4672 = CARTESIAN_POINT('',(0.,0.));
#4673 = VECTOR('',#4674,1.);
#4674 = DIRECTION('',(0.,-1.));
#4675 = ( GEOMETRIC_REPRESENTATION_CONTEXT(2) 
PARAMETRIC_REPRESENTATION_CONTEXT() REPRESENTATION_CONTEXT('2D SPACE',''
  ) );
#4676 = PCURVE('',#4599,#4677);
#4677 = DEFINITIONAL_REPRESENTATION('',(#4678),#4682);
#4678 = LINE('',#4679,#4680);
#4679 = CARTESIAN_POINT('',(0.,0.));
#4680 = VECTOR('',#4681,1.);
#4681 = DIRECTION('',(0.,1.));
#4682 = ( GEOMETRIC_REPRESENTATION_CONTEXT(2) 
PARAMETRIC_REPRESENTATION_CONTEXT() REPRESENTATION_CONTEXT('2D SPACE',''
  ) );
#4683 = ORIENTED_EDGE('',*,*,#4497,.F.);
#4684 = ADVANCED_FACE('',(#4685),#4599,.F.);
#4685 = FACE_BOUND('',#4686,.F.);
#4686 = EDGE_LOOP('',(#4687,#4688,#4710,#4731));
#4687 = ORIENTED_EDGE('',*,*,#4663,.F.);
#4688 = ORIENTED_EDGE('',*,*,#4689,.T.);
#4689 = EDGE_CURVE('',#4637,#4690,#4692,.T.);
#4690 = VERTEX_POINT('',#4691);
#4691 = CARTESIAN_POINT('',(-3.,-410.,3.));
#4692 = SURFACE_CURVE('',#4693,(#4697,#4703),.PCURVE_S1.);
#4693 = LINE('',#4694,#4695);
#4694 = CARTESIAN_POINT('',(-38.5,-410.,3.));
#4695 = VECTOR('',#4696,1.);
#4696 = DIRECTION('',(1.,0.,-0.));
#4697 = PCURVE('',#4599,#4698);
#4698 = DEFINITIONAL_REPRESENTATION('',(#4699),#4702);
#4699 = B_SPLINE_CURVE_WITH_KNOTS('',1,(#4700,#4701),.UNSPECIFIED.,.F.,
  .F.,(2,2),(1.5,35.5),.PIECEWISE_BEZIER_KNOTS.);
#4700 = CARTESIAN_POINT('',(0.,1.));
#4701 = CARTESIAN_POINT('',(34.,1.));
#4702 = ( GEOMETRIC_REPRESENTATION_CONTEXT(2) 
PARAMETRIC_REPRESENTATION_CONTEXT() REPRESENTATION_CONTEXT('2D SPACE',''
  ) );
#4703 = PCURVE('',#4651,#4704);
#4704 = DEFINITIONAL_REPRESENTATION('',(#4705),#4709);
#4705 = LINE('',#4706,#4707);
#4706 = CARTESIAN_POINT('',(3.,661.5));
#4707 = VECTOR('',#4708,1.);
#4708 = DIRECTION('',(0.,1.));
#4709 = ( GEOMETRIC_REPRESENTATION_CONTEXT(2) 
PARAMETRIC_REPRESENTATION_CONTEXT() REPRESENTATION_CONTEXT('2D SPACE',''
  ) );
#4710 = ORIENTED_EDGE('',*,*,#4711,.T.);
#4711 = EDGE_CURVE('',#4690,#4559,#4712,.T.);
#4712 = SURFACE_CURVE('',#4713,(#4717,#4724),.PCURVE_S1.);
#4713 = LINE('',#4714,#4715);
#4714 = CARTESIAN_POINT('',(-3.,-411.,3.));
#4715 = VECTOR('',#4716,1.);
#4716 = DIRECTION('',(-0.,1.,0.));
#4717 = PCURVE('',#4599,#4718);
#4718 = DEFINITIONAL_REPRESENTATION('',(#4719),#4723);
#4719 = LINE('',#4720,#4721);
#4720 = CARTESIAN_POINT('',(34.,0.));
#4721 = VECTOR('',#4722,1.);
#4722 = DIRECTION('',(0.,1.));
#4723 = ( GEOMETRIC_REPRESENTATION_CONTEXT(2) 
PARAMETRIC_REPRESENTATION_CONTEXT() REPRESENTATION_CONTEXT('2D SPACE',''
  ) );
#4724 = PCURVE('',#4574,#4725);
#4725 = DEFINITIONAL_REPRESENTATION('',(#4726),#4730);
#4726 = LINE('',#4727,#4728);
#4727 = CARTESIAN_POINT('',(0.,0.));
#4728 = VECTOR('',#4729,1.);
#4729 = DIRECTION('',(0.,-1.));
#4730 = ( GEOMETRIC_REPRESENTATION_CONTEXT(2) 
PARAMETRIC_REPRESENTATION_CONTEXT() REPRESENTATION_CONTEXT('2D SPACE',''
  ) );
#4731 = ORIENTED_EDGE('',*,*,#4585,.F.);
#4732 = ADVANCED_FACE('',(#4733),#4574,.T.);
#4733 = FACE_BOUND('',#4734,.T.);
#4734 = EDGE_LOOP('',(#4735,#4758,#4778,#4779));
#4735 = ORIENTED_EDGE('',*,*,#4736,.F.);
#4736 = EDGE_CURVE('',#4737,#4532,#4739,.T.);
#4737 = VERTEX_POINT('',#4738);
#4738 = CARTESIAN_POINT('',(-3.,-410.,37.));
#4739 = SURFACE_CURVE('',#4740,(#4744,#4751),.PCURVE_S1.);
#4740 = LINE('',#4741,#4742);
#4741 = CARTESIAN_POINT('',(-3.,-411.,37.));
#4742 = VECTOR('',#4743,1.);
#4743 = DIRECTION('',(-0.,1.,0.));
#4744 = PCURVE('',#4574,#4745);
#4745 = DEFINITIONAL_REPRESENTATION('',(#4746),#4750);
#4746 = LINE('',#4747,#4748);
#4747 = CARTESIAN_POINT('',(34.,0.));
#4748 = VECTOR('',#4749,1.);
#4749 = DIRECTION('',(0.,-1.));
#4750 = ( GEOMETRIC_REPRESENTATION_CONTEXT(2) 
PARAMETRIC_REPRESENTATION_CONTEXT() REPRESENTATION_CONTEXT('2D SPACE',''
  ) );
#4751 = PCURVE('',#4547,#4752);
#4752 = DEFINITIONAL_REPRESENTATION('',(#4753),#4757);
#4753 = LINE('',#4754,#4755);
#4754 = CARTESIAN_POINT('',(34.,0.));
#4755 = VECTOR('',#4756,1.);
#4756 = DIRECTION('',(0.,1.));
#4757 = ( GEOMETRIC_REPRESENTATION_CONTEXT(2) 
PARAMETRIC_REPRESENTATION_CONTEXT() REPRESENTATION_CONTEXT('2D SPACE',''
  ) );
#4758 = ORIENTED_EDGE('',*,*,#4759,.T.);
#4759 = EDGE_CURVE('',#4737,#4690,#4760,.T.);
#4760 = SURFACE_CURVE('',#4761,(#4765,#4771),.PCURVE_S1.);
#4761 = LINE('',#4762,#4763);
#4762 = CARTESIAN_POINT('',(-3.,-410.,1.5));
#4763 = VECTOR('',#4764,1.);
#4764 = DIRECTION('',(-0.,0.,-1.));
#4765 = PCURVE('',#4574,#4766);
#4766 = DEFINITIONAL_REPRESENTATION('',(#4767),#4770);
#4767 = B_SPLINE_CURVE_WITH_KNOTS('',1,(#4768,#4769),.UNSPECIFIED.,.F.,
  .F.,(2,2),(-35.5,-1.5),.PIECEWISE_BEZIER_KNOTS.);
#4768 = CARTESIAN_POINT('',(34.,-1.));
#4769 = CARTESIAN_POINT('',(0.,-1.));
#4770 = ( GEOMETRIC_REPRESENTATION_CONTEXT(2) 
PARAMETRIC_REPRESENTATION_CONTEXT() REPRESENTATION_CONTEXT('2D SPACE',''
  ) );
#4771 = PCURVE('',#4651,#4772);
#4772 = DEFINITIONAL_REPRESENTATION('',(#4773),#4777);
#4773 = LINE('',#4774,#4775);
#4774 = CARTESIAN_POINT('',(1.5,697.));
#4775 = VECTOR('',#4776,1.);
#4776 = DIRECTION('',(-1.,0.));
#4777 = ( GEOMETRIC_REPRESENTATION_CONTEXT(2) 
PARAMETRIC_REPRESENTATION_CONTEXT() REPRESENTATION_CONTEXT('2D SPACE',''
  ) );
#4778 = ORIENTED_EDGE('',*,*,#4711,.T.);
#4779 = ORIENTED_EDGE('',*,*,#4558,.F.);
#4780 = ADVANCED_FACE('',(#4781),#4547,.T.);
#4781 = FACE_BOUND('',#4782,.T.);
#4782 = EDGE_LOOP('',(#4783,#4784,#4804,#4805));
#4783 = ORIENTED_EDGE('',*,*,#4613,.F.);
#4784 = ORIENTED_EDGE('',*,*,#4785,.T.);
#4785 = EDGE_CURVE('',#4614,#4737,#4786,.T.);
#4786 = SURFACE_CURVE('',#4787,(#4791,#4797),.PCURVE_S1.);
#4787 = LINE('',#4788,#4789);
#4788 = CARTESIAN_POINT('',(-38.5,-410.,37.));
#4789 = VECTOR('',#4790,1.);
#4790 = DIRECTION('',(1.,0.,-0.));
#4791 = PCURVE('',#4547,#4792);
#4792 = DEFINITIONAL_REPRESENTATION('',(#4793),#4796);
#4793 = B_SPLINE_CURVE_WITH_KNOTS('',1,(#4794,#4795),.UNSPECIFIED.,.F.,
  .F.,(2,2),(1.5,35.5),.PIECEWISE_BEZIER_KNOTS.);
#4794 = CARTESIAN_POINT('',(0.,1.));
#4795 = CARTESIAN_POINT('',(34.,1.));
#4796 = ( GEOMETRIC_REPRESENTATION_CONTEXT(2) 
PARAMETRIC_REPRESENTATION_CONTEXT() REPRESENTATION_CONTEXT('2D SPACE',''
  ) );
#4797 = PCURVE('',#4651,#4798);
#4798 = DEFINITIONAL_REPRESENTATION('',(#4799),#4803);
#4799 = LINE('',#4800,#4801);
#4800 = CARTESIAN_POINT('',(37.,661.5));
#4801 = VECTOR('',#4802,1.);
#4802 = DIRECTION('',(0.,1.));
#4803 = ( GEOMETRIC_REPRESENTATION_CONTEXT(2) 
PARAMETRIC_REPRESENTATION_CONTEXT() REPRESENTATION_CONTEXT('2D SPACE',''
  ) );
#4804 = ORIENTED_EDGE('',*,*,#4736,.T.);
#4805 = ORIENTED_EDGE('',*,*,#4531,.F.);
#4806 = ADVANCED_FACE('',(#4807),#4651,.F.);
#4807 = FACE_BOUND('',#4808,.F.);
#4808 = EDGE_LOOP('',(#4809,#4810,#4811,#4812));
#4809 = ORIENTED_EDGE('',*,*,#4636,.F.);
#4810 = ORIENTED_EDGE('',*,*,#4785,.T.);
#4811 = ORIENTED_EDGE('',*,*,#4759,.T.);
#4812 = ORIENTED_EDGE('',*,*,#4689,.F.);
#4813 = ORIENTED_CLOSED_SHELL('',*,#4814,.F.);
#4814 = CLOSED_SHELL('',(#4815,#4931,#5006,#5054,#5102,#5128));
#4815 = ADVANCED_FACE('',(#4816),#4830,.T.);
#4816 = FACE_BOUND('',#4817,.T.);
#4817 = EDGE_LOOP('',(#4818,#4852,#4879,#4906));
#4818 = ORIENTED_EDGE('',*,*,#4819,.F.);
#4819 = EDGE_CURVE('',#4820,#4822,#4824,.T.);
#4820 = VERTEX_POINT('',#4821);
#4821 = CARTESIAN_POINT('',(-663.,-447.,520.));
#4822 = VERTEX_POINT('',#4823);
#4823 = CARTESIAN_POINT('',(-697.,-447.,520.));
#4824 = SURFACE_CURVE('',#4825,(#4829,#4841),.PCURVE_S1.);
#4825 = LINE('',#4826,#4827);
#4826 = CARTESIAN_POINT('',(-698.5,-447.,520.));
#4827 = VECTOR('',#4828,1.);
#4828 = DIRECTION('',(-1.,-0.,0.));
#4829 = PCURVE('',#4830,#4835);
#4830 = PLANE('',#4831);
#4831 = AXIS2_PLACEMENT_3D('',#4832,#4833,#4834);
#4832 = CARTESIAN_POINT('',(-700.,-450.,520.));
#4833 = DIRECTION('',(0.,0.,1.));
#4834 = DIRECTION('',(1.,0.,-0.));
#4835 = DEFINITIONAL_REPRESENTATION('',(#4836),#4840);
#4836 = LINE('',#4837,#4838);
#4837 = CARTESIAN_POINT('',(1.5,3.));
#4838 = VECTOR('',#4839,1.);
#4839 = DIRECTION('',(-1.,0.));
#4840 = ( GEOMETRIC_REPRESENTATION_CONTEXT(2) 
PARAMETRIC_REPRESENTATION_CONTEXT() REPRESENTATION_CONTEXT('2D SPACE',''
  ) );
#4841 = PCURVE('',#4842,#4847);
#4842 = PLANE('',#4843);
#4843 = AXIS2_PLACEMENT_3D('',#4844,#4845,#4846);
#4844 = CARTESIAN_POINT('',(-697.,-447.,39.));
#4845 = DIRECTION('',(-0.,1.,0.));
#4846 = DIRECTION('',(0.,0.,1.));
#4847 = DEFINITIONAL_REPRESENTATION('',(#4848),#4851);
#4848 = B_SPLINE_CURVE_WITH_KNOTS('',1,(#4849,#4850),.UNSPECIFIED.,.F.,
  .F.,(2,2),(-35.5,-1.5),.PIECEWISE_BEZIER_KNOTS.);
#4849 = CARTESIAN_POINT('',(481.,34.));
#4850 = CARTESIAN_POINT('',(481.,0.));
#4851 = ( GEOMETRIC_REPRESENTATION_CONTEXT(2) 
PARAMETRIC_REPRESENTATION_CONTEXT() REPRESENTATION_CONTEXT('2D SPACE',''
  ) );
#4852 = ORIENTED_EDGE('',*,*,#4853,.T.);
#4853 = EDGE_CURVE('',#4820,#4854,#4856,.T.);
#4854 = VERTEX_POINT('',#4855);
#4855 = CARTESIAN_POINT('',(-663.,-413.,520.));
#4856 = SURFACE_CURVE('',#4857,(#4861,#4868),.PCURVE_S1.);
#4857 = LINE('',#4858,#4859);
#4858 = CARTESIAN_POINT('',(-663.,-448.5,520.));
#4859 = VECTOR('',#4860,1.);
#4860 = DIRECTION('',(-0.,1.,0.));
#4861 = PCURVE('',#4830,#4862);
#4862 = DEFINITIONAL_REPRESENTATION('',(#4863),#4867);
#4863 = LINE('',#4864,#4865);
#4864 = CARTESIAN_POINT('',(37.,1.5));
#4865 = VECTOR('',#4866,1.);
#4866 = DIRECTION('',(0.,1.));
#4867 = ( GEOMETRIC_REPRESENTATION_CONTEXT(2) 
PARAMETRIC_REPRESENTATION_CONTEXT() REPRESENTATION_CONTEXT('2D SPACE',''
  ) );
#4868 = PCURVE('',#4869,#4874);
#4869 = PLANE('',#4870);
#4870 = AXIS2_PLACEMENT_3D('',#4871,#4872,#4873);
#4871 = CARTESIAN_POINT('',(-663.,-447.,39.));
#4872 = DIRECTION('',(1.,0.,-0.));
#4873 = DIRECTION('',(0.,0.,1.));
#4874 = DEFINITIONAL_REPRESENTATION('',(#4875),#4878);
#4875 = B_SPLINE_CURVE_WITH_KNOTS('',1,(#4876,#4877),.UNSPECIFIED.,.F.,
  .F.,(2,2),(1.5,35.5),.PIECEWISE_BEZIER_KNOTS.);
#4876 = CARTESIAN_POINT('',(481.,0.));
#4877 = CARTESIAN_POINT('',(481.,-34.));
#4878 = ( GEOMETRIC_REPRESENTATION_CONTEXT(2) 
PARAMETRIC_REPRESENTATION_CONTEXT() REPRESENTATION_CONTEXT('2D SPACE',''
  ) );
#4879 = ORIENTED_EDGE('',*,*,#4880,.T.);
#4880 = EDGE_CURVE('',#4854,#4881,#4883,.T.);
#4881 = VERTEX_POINT('',#4882);
#4882 = CARTESIAN_POINT('',(-697.,-413.,520.));
#4883 = SURFACE_CURVE('',#4884,(#4888,#4895),.PCURVE_S1.);
#4884 = LINE('',#4885,#4886);
#4885 = CARTESIAN_POINT('',(-698.5,-413.,520.));
#4886 = VECTOR('',#4887,1.);
#4887 = DIRECTION('',(-1.,-0.,0.));
#4888 = PCURVE('',#4830,#4889);
#4889 = DEFINITIONAL_REPRESENTATION('',(#4890),#4894);
#4890 = LINE('',#4891,#4892);
#4891 = CARTESIAN_POINT('',(1.5,37.));
#4892 = VECTOR('',#4893,1.);
#4893 = DIRECTION('',(-1.,0.));
#4894 = ( GEOMETRIC_REPRESENTATION_CONTEXT(2) 
PARAMETRIC_REPRESENTATION_CONTEXT() REPRESENTATION_CONTEXT('2D SPACE',''
  ) );
#4895 = PCURVE('',#4896,#4901);
#4896 = PLANE('',#4897);
#4897 = AXIS2_PLACEMENT_3D('',#4898,#4899,#4900);
#4898 = CARTESIAN_POINT('',(-697.,-413.,39.));
#4899 = DIRECTION('',(-0.,1.,0.));
#4900 = DIRECTION('',(0.,0.,1.));
#4901 = DEFINITIONAL_REPRESENTATION('',(#4902),#4905);
#4902 = B_SPLINE_CURVE_WITH_KNOTS('',1,(#4903,#4904),.UNSPECIFIED.,.F.,
  .F.,(2,2),(-35.5,-1.5),.PIECEWISE_BEZIER_KNOTS.);
#4903 = CARTESIAN_POINT('',(481.,34.));
#4904 = CARTESIAN_POINT('',(481.,0.));
#4905 = ( GEOMETRIC_REPRESENTATION_CONTEXT(2) 
PARAMETRIC_REPRESENTATION_CONTEXT() REPRESENTATION_CONTEXT('2D SPACE',''
  ) );
#4906 = ORIENTED_EDGE('',*,*,#4907,.F.);
#4907 = EDGE_CURVE('',#4822,#4881,#4908,.T.);
#4908 = SURFACE_CURVE('',#4909,(#4913,#4920),.PCURVE_S1.);
#4909 = LINE('',#4910,#4911);
#4910 = CARTESIAN_POINT('',(-697.,-448.5,520.));
#4911 = VECTOR('',#4912,1.);
#4912 = DIRECTION('',(-0.,1.,0.));
#4913 = PCURVE('',#4830,#4914);
#4914 = DEFINITIONAL_REPRESENTATION('',(#4915),#4919);
#4915 = LINE('',#4916,#4917);
#4916 = CARTESIAN_POINT('',(3.,1.5));
#4917 = VECTOR('',#4918,1.);
#4918 = DIRECTION('',(0.,1.));
#4919 = ( GEOMETRIC_REPRESENTATION_CONTEXT(2) 
PARAMETRIC_REPRESENTATION_CONTEXT() REPRESENTATION_CONTEXT('2D SPACE',''
  ) );
#4920 = PCURVE('',#4921,#4926);
#4921 = PLANE('',#4922);
#4922 = AXIS2_PLACEMENT_3D('',#4923,#4924,#4925);
#4923 = CARTESIAN_POINT('',(-697.,-447.,39.));
#4924 = DIRECTION('',(1.,0.,-0.));
#4925 = DIRECTION('',(0.,0.,1.));
#4926 = DEFINITIONAL_REPRESENTATION('',(#4927),#4930);
#4927 = B_SPLINE_CURVE_WITH_KNOTS('',1,(#4928,#4929),.UNSPECIFIED.,.F.,
  .F.,(2,2),(1.5,35.5),.PIECEWISE_BEZIER_KNOTS.);
#4928 = CARTESIAN_POINT('',(481.,0.));
#4929 = CARTESIAN_POINT('',(481.,-34.));
#4930 = ( GEOMETRIC_REPRESENTATION_CONTEXT(2) 
PARAMETRIC_REPRESENTATION_CONTEXT() REPRESENTATION_CONTEXT('2D SPACE',''
  ) );
#4931 = ADVANCED_FACE('',(#4932),#4842,.F.);
#4932 = FACE_BOUND('',#4933,.F.);
#4933 = EDGE_LOOP('',(#4934,#4957,#4984,#5005));
#4934 = ORIENTED_EDGE('',*,*,#4935,.F.);
#4935 = EDGE_CURVE('',#4936,#4820,#4938,.T.);
#4936 = VERTEX_POINT('',#4937);
#4937 = CARTESIAN_POINT('',(-663.,-447.,40.));
#4938 = SURFACE_CURVE('',#4939,(#4943,#4950),.PCURVE_S1.);
#4939 = LINE('',#4940,#4941);
#4940 = CARTESIAN_POINT('',(-663.,-447.,39.));
#4941 = VECTOR('',#4942,1.);
#4942 = DIRECTION('',(0.,0.,1.));
#4943 = PCURVE('',#4842,#4944);
#4944 = DEFINITIONAL_REPRESENTATION('',(#4945),#4949);
#4945 = LINE('',#4946,#4947);
#4946 = CARTESIAN_POINT('',(0.,34.));
#4947 = VECTOR('',#4948,1.);
#4948 = DIRECTION('',(1.,0.));
#4949 = ( GEOMETRIC_REPRESENTATION_CONTEXT(2) 
PARAMETRIC_REPRESENTATION_CONTEXT() REPRESENTATION_CONTEXT('2D SPACE',''
  ) );
#4950 = PCURVE('',#4869,#4951);
#4951 = DEFINITIONAL_REPRESENTATION('',(#4952),#4956);
#4952 = LINE('',#4953,#4954);
#4953 = CARTESIAN_POINT('',(0.,0.));
#4954 = VECTOR('',#4955,1.);
#4955 = DIRECTION('',(1.,0.));
#4956 = ( GEOMETRIC_REPRESENTATION_CONTEXT(2) 
PARAMETRIC_REPRESENTATION_CONTEXT() REPRESENTATION_CONTEXT('2D SPACE',''
  ) );
#4957 = ORIENTED_EDGE('',*,*,#4958,.T.);
#4958 = EDGE_CURVE('',#4936,#4959,#4961,.T.);
#4959 = VERTEX_POINT('',#4960);
#4960 = CARTESIAN_POINT('',(-697.,-447.,40.));
#4961 = SURFACE_CURVE('',#4962,(#4966,#4972),.PCURVE_S1.);
#4962 = LINE('',#4963,#4964);
#4963 = CARTESIAN_POINT('',(-698.5,-447.,40.));
#4964 = VECTOR('',#4965,1.);
#4965 = DIRECTION('',(-1.,-0.,0.));
#4966 = PCURVE('',#4842,#4967);
#4967 = DEFINITIONAL_REPRESENTATION('',(#4968),#4971);
#4968 = B_SPLINE_CURVE_WITH_KNOTS('',1,(#4969,#4970),.UNSPECIFIED.,.F.,
  .F.,(2,2),(-35.5,-1.5),.PIECEWISE_BEZIER_KNOTS.);
#4969 = CARTESIAN_POINT('',(1.,34.));
#4970 = CARTESIAN_POINT('',(1.,0.));
#4971 = ( GEOMETRIC_REPRESENTATION_CONTEXT(2) 
PARAMETRIC_REPRESENTATION_CONTEXT() REPRESENTATION_CONTEXT('2D SPACE',''
  ) );
#4972 = PCURVE('',#4973,#4978);
#4973 = PLANE('',#4974);
#4974 = AXIS2_PLACEMENT_3D('',#4975,#4976,#4977);
#4975 = CARTESIAN_POINT('',(-700.,-450.,40.));
#4976 = DIRECTION('',(0.,0.,1.));
#4977 = DIRECTION('',(1.,0.,-0.));
#4978 = DEFINITIONAL_REPRESENTATION('',(#4979),#4983);
#4979 = LINE('',#4980,#4981);
#4980 = CARTESIAN_POINT('',(1.5,3.));
#4981 = VECTOR('',#4982,1.);
#4982 = DIRECTION('',(-1.,0.));
#4983 = ( GEOMETRIC_REPRESENTATION_CONTEXT(2) 
PARAMETRIC_REPRESENTATION_CONTEXT() REPRESENTATION_CONTEXT('2D SPACE',''
  ) );
#4984 = ORIENTED_EDGE('',*,*,#4985,.T.);
#4985 = EDGE_CURVE('',#4959,#4822,#4986,.T.);
#4986 = SURFACE_CURVE('',#4987,(#4991,#4998),.PCURVE_S1.);
#4987 = LINE('',#4988,#4989);
#4988 = CARTESIAN_POINT('',(-697.,-447.,39.));
#4989 = VECTOR('',#4990,1.);
#4990 = DIRECTION('',(0.,0.,1.));
#4991 = PCURVE('',#4842,#4992);
#4992 = DEFINITIONAL_REPRESENTATION('',(#4993),#4997);
#4993 = LINE('',#4994,#4995);
#4994 = CARTESIAN_POINT('',(0.,0.));
#4995 = VECTOR('',#4996,1.);
#4996 = DIRECTION('',(1.,0.));
#4997 = ( GEOMETRIC_REPRESENTATION_CONTEXT(2) 
PARAMETRIC_REPRESENTATION_CONTEXT() REPRESENTATION_CONTEXT('2D SPACE',''
  ) );
#4998 = PCURVE('',#4921,#4999);
#4999 = DEFINITIONAL_REPRESENTATION('',(#5000),#5004);
#5000 = LINE('',#5001,#5002);
#5001 = CARTESIAN_POINT('',(0.,0.));
#5002 = VECTOR('',#5003,1.);
#5003 = DIRECTION('',(1.,0.));
#5004 = ( GEOMETRIC_REPRESENTATION_CONTEXT(2) 
PARAMETRIC_REPRESENTATION_CONTEXT() REPRESENTATION_CONTEXT('2D SPACE',''
  ) );
#5005 = ORIENTED_EDGE('',*,*,#4819,.F.);
#5006 = ADVANCED_FACE('',(#5007),#4921,.F.);
#5007 = FACE_BOUND('',#5008,.F.);
#5008 = EDGE_LOOP('',(#5009,#5010,#5032,#5053));
#5009 = ORIENTED_EDGE('',*,*,#4985,.F.);
#5010 = ORIENTED_EDGE('',*,*,#5011,.T.);
#5011 = EDGE_CURVE('',#4959,#5012,#5014,.T.);
#5012 = VERTEX_POINT('',#5013);
#5013 = CARTESIAN_POINT('',(-697.,-413.,40.));
#5014 = SURFACE_CURVE('',#5015,(#5019,#5025),.PCURVE_S1.);
#5015 = LINE('',#5016,#5017);
#5016 = CARTESIAN_POINT('',(-697.,-448.5,40.));
#5017 = VECTOR('',#5018,1.);
#5018 = DIRECTION('',(-0.,1.,0.));
#5019 = PCURVE('',#4921,#5020);
#5020 = DEFINITIONAL_REPRESENTATION('',(#5021),#5024);
#5021 = B_SPLINE_CURVE_WITH_KNOTS('',1,(#5022,#5023),.UNSPECIFIED.,.F.,
  .F.,(2,2),(1.5,35.5),.PIECEWISE_BEZIER_KNOTS.);
#5022 = CARTESIAN_POINT('',(1.,0.));
#5023 = CARTESIAN_POINT('',(1.,-34.));
#5024 = ( GEOMETRIC_REPRESENTATION_CONTEXT(2) 
PARAMETRIC_REPRESENTATION_CONTEXT() REPRESENTATION_CONTEXT('2D SPACE',''
  ) );
#5025 = PCURVE('',#4973,#5026);
#5026 = DEFINITIONAL_REPRESENTATION('',(#5027),#5031);
#5027 = LINE('',#5028,#5029);
#5028 = CARTESIAN_POINT('',(3.,1.5));
#5029 = VECTOR('',#5030,1.);
#5030 = DIRECTION('',(0.,1.));
#5031 = ( GEOMETRIC_REPRESENTATION_CONTEXT(2) 
PARAMETRIC_REPRESENTATION_CONTEXT() REPRESENTATION_CONTEXT('2D SPACE',''
  ) );
#5032 = ORIENTED_EDGE('',*,*,#5033,.T.);
#5033 = EDGE_CURVE('',#5012,#4881,#5034,.T.);
#5034 = SURFACE_CURVE('',#5035,(#5039,#5046),.PCURVE_S1.);
#5035 = LINE('',#5036,#5037);
#5036 = CARTESIAN_POINT('',(-697.,-413.,39.));
#5037 = VECTOR('',#5038,1.);
#5038 = DIRECTION('',(0.,0.,1.));
#5039 = PCURVE('',#4921,#5040);
#5040 = DEFINITIONAL_REPRESENTATION('',(#5041),#5045);
#5041 = LINE('',#5042,#5043);
#5042 = CARTESIAN_POINT('',(0.,-34.));
#5043 = VECTOR('',#5044,1.);
#5044 = DIRECTION('',(1.,0.));
#5045 = ( GEOMETRIC_REPRESENTATION_CONTEXT(2) 
PARAMETRIC_REPRESENTATION_CONTEXT() REPRESENTATION_CONTEXT('2D SPACE',''
  ) );
#5046 = PCURVE('',#4896,#5047);
#5047 = DEFINITIONAL_REPRESENTATION('',(#5048),#5052);
#5048 = LINE('',#5049,#5050);
#5049 = CARTESIAN_POINT('',(0.,0.));
#5050 = VECTOR('',#5051,1.);
#5051 = DIRECTION('',(1.,0.));
#5052 = ( GEOMETRIC_REPRESENTATION_CONTEXT(2) 
PARAMETRIC_REPRESENTATION_CONTEXT() REPRESENTATION_CONTEXT('2D SPACE',''
  ) );
#5053 = ORIENTED_EDGE('',*,*,#4907,.F.);
#5054 = ADVANCED_FACE('',(#5055),#4896,.T.);
#5055 = FACE_BOUND('',#5056,.T.);
#5056 = EDGE_LOOP('',(#5057,#5080,#5100,#5101));
#5057 = ORIENTED_EDGE('',*,*,#5058,.F.);
#5058 = EDGE_CURVE('',#5059,#4854,#5061,.T.);
#5059 = VERTEX_POINT('',#5060);
#5060 = CARTESIAN_POINT('',(-663.,-413.,40.));
#5061 = SURFACE_CURVE('',#5062,(#5066,#5073),.PCURVE_S1.);
#5062 = LINE('',#5063,#5064);
#5063 = CARTESIAN_POINT('',(-663.,-413.,39.));
#5064 = VECTOR('',#5065,1.);
#5065 = DIRECTION('',(0.,0.,1.));
#5066 = PCURVE('',#4896,#5067);
#5067 = DEFINITIONAL_REPRESENTATION('',(#5068),#5072);
#5068 = LINE('',#5069,#5070);
#5069 = CARTESIAN_POINT('',(0.,34.));
#5070 = VECTOR('',#5071,1.);
#5071 = DIRECTION('',(1.,0.));
#5072 = ( GEOMETRIC_REPRESENTATION_CONTEXT(2) 
PARAMETRIC_REPRESENTATION_CONTEXT() REPRESENTATION_CONTEXT('2D SPACE',''
  ) );
#5073 = PCURVE('',#4869,#5074);
#5074 = DEFINITIONAL_REPRESENTATION('',(#5075),#5079);
#5075 = LINE('',#5076,#5077);
#5076 = CARTESIAN_POINT('',(0.,-34.));
#5077 = VECTOR('',#5078,1.);
#5078 = DIRECTION('',(1.,0.));
#5079 = ( GEOMETRIC_REPRESENTATION_CONTEXT(2) 
PARAMETRIC_REPRESENTATION_CONTEXT() REPRESENTATION_CONTEXT('2D SPACE',''
  ) );
#5080 = ORIENTED_EDGE('',*,*,#5081,.T.);
#5081 = EDGE_CURVE('',#5059,#5012,#5082,.T.);
#5082 = SURFACE_CURVE('',#5083,(#5087,#5093),.PCURVE_S1.);
#5083 = LINE('',#5084,#5085);
#5084 = CARTESIAN_POINT('',(-698.5,-413.,40.));
#5085 = VECTOR('',#5086,1.);
#5086 = DIRECTION('',(-1.,-0.,0.));
#5087 = PCURVE('',#4896,#5088);
#5088 = DEFINITIONAL_REPRESENTATION('',(#5089),#5092);
#5089 = B_SPLINE_CURVE_WITH_KNOTS('',1,(#5090,#5091),.UNSPECIFIED.,.F.,
  .F.,(2,2),(-35.5,-1.5),.PIECEWISE_BEZIER_KNOTS.);
#5090 = CARTESIAN_POINT('',(1.,34.));
#5091 = CARTESIAN_POINT('',(1.,0.));
#5092 = ( GEOMETRIC_REPRESENTATION_CONTEXT(2) 
PARAMETRIC_REPRESENTATION_CONTEXT() REPRESENTATION_CONTEXT('2D SPACE',''
  ) );
#5093 = PCURVE('',#4973,#5094);
#5094 = DEFINITIONAL_REPRESENTATION('',(#5095),#5099);
#5095 = LINE('',#5096,#5097);
#5096 = CARTESIAN_POINT('',(1.5,37.));
#5097 = VECTOR('',#5098,1.);
#5098 = DIRECTION('',(-1.,0.));
#5099 = ( GEOMETRIC_REPRESENTATION_CONTEXT(2) 
PARAMETRIC_REPRESENTATION_CONTEXT() REPRESENTATION_CONTEXT('2D SPACE',''
  ) );
#5100 = ORIENTED_EDGE('',*,*,#5033,.T.);
#5101 = ORIENTED_EDGE('',*,*,#4880,.F.);
#5102 = ADVANCED_FACE('',(#5103),#4869,.T.);
#5103 = FACE_BOUND('',#5104,.T.);
#5104 = EDGE_LOOP('',(#5105,#5106,#5126,#5127));
#5105 = ORIENTED_EDGE('',*,*,#4935,.F.);
#5106 = ORIENTED_EDGE('',*,*,#5107,.T.);
#5107 = EDGE_CURVE('',#4936,#5059,#5108,.T.);
#5108 = SURFACE_CURVE('',#5109,(#5113,#5119),.PCURVE_S1.);
#5109 = LINE('',#5110,#5111);
#5110 = CARTESIAN_POINT('',(-663.,-448.5,40.));
#5111 = VECTOR('',#5112,1.);
#5112 = DIRECTION('',(-0.,1.,0.));
#5113 = PCURVE('',#4869,#5114);
#5114 = DEFINITIONAL_REPRESENTATION('',(#5115),#5118);
#5115 = B_SPLINE_CURVE_WITH_KNOTS('',1,(#5116,#5117),.UNSPECIFIED.,.F.,
  .F.,(2,2),(1.5,35.5),.PIECEWISE_BEZIER_KNOTS.);
#5116 = CARTESIAN_POINT('',(1.,0.));
#5117 = CARTESIAN_POINT('',(1.,-34.));
#5118 = ( GEOMETRIC_REPRESENTATION_CONTEXT(2) 
PARAMETRIC_REPRESENTATION_CONTEXT() REPRESENTATION_CONTEXT('2D SPACE',''
  ) );
#5119 = PCURVE('',#4973,#5120);
#5120 = DEFINITIONAL_REPRESENTATION('',(#5121),#5125);
#5121 = LINE('',#5122,#5123);
#5122 = CARTESIAN_POINT('',(37.,1.5));
#5123 = VECTOR('',#5124,1.);
#5124 = DIRECTION('',(0.,1.));
#5125 = ( GEOMETRIC_REPRESENTATION_CONTEXT(2) 
PARAMETRIC_REPRESENTATION_CONTEXT() REPRESENTATION_CONTEXT('2D SPACE',''
  ) );
#5126 = ORIENTED_EDGE('',*,*,#5058,.T.);
#5127 = ORIENTED_EDGE('',*,*,#4853,.F.);
#5128 = ADVANCED_FACE('',(#5129),#4973,.F.);
#5129 = FACE_BOUND('',#5130,.F.);
#5130 = EDGE_LOOP('',(#5131,#5132,#5133,#5134));
#5131 = ORIENTED_EDGE('',*,*,#4958,.F.);
#5132 = ORIENTED_EDGE('',*,*,#5107,.T.);
#5133 = ORIENTED_EDGE('',*,*,#5081,.T.);
#5134 = ORIENTED_EDGE('',*,*,#5011,.F.);
#5135 = ORIENTED_CLOSED_SHELL('',*,#5136,.F.);
#5136 = CLOSED_SHELL('',(#5137,#5253,#5328,#5376,#5424,#5450));
#5137 = ADVANCED_FACE('',(#5138),#5152,.F.);
#5138 = FACE_BOUND('',#5139,.F.);
#5139 = EDGE_LOOP('',(#5140,#5174,#5201,#5228));
#5140 = ORIENTED_EDGE('',*,*,#5141,.F.);
#5141 = EDGE_CURVE('',#5142,#5144,#5146,.T.);
#5142 = VERTEX_POINT('',#5143);
#5143 = CARTESIAN_POINT('',(-3.,-447.,40.));
#5144 = VERTEX_POINT('',#5145);
#5145 = CARTESIAN_POINT('',(-37.,-447.,40.));
#5146 = SURFACE_CURVE('',#5147,(#5151,#5163),.PCURVE_S1.);
#5147 = LINE('',#5148,#5149);
#5148 = CARTESIAN_POINT('',(-38.5,-447.,40.));
#5149 = VECTOR('',#5150,1.);
#5150 = DIRECTION('',(-1.,-0.,0.));
#5151 = PCURVE('',#5152,#5157);
#5152 = PLANE('',#5153);
#5153 = AXIS2_PLACEMENT_3D('',#5154,#5155,#5156);
#5154 = CARTESIAN_POINT('',(-700.,-450.,40.));
#5155 = DIRECTION('',(0.,0.,1.));
#5156 = DIRECTION('',(1.,0.,-0.));
#5157 = DEFINITIONAL_REPRESENTATION('',(#5158),#5162);
#5158 = LINE('',#5159,#5160);
#5159 = CARTESIAN_POINT('',(661.5,3.));
#5160 = VECTOR('',#5161,1.);
#5161 = DIRECTION('',(-1.,0.));
#5162 = ( GEOMETRIC_REPRESENTATION_CONTEXT(2) 
PARAMETRIC_REPRESENTATION_CONTEXT() REPRESENTATION_CONTEXT('2D SPACE',''
  ) );
#5163 = PCURVE('',#5164,#5169);
#5164 = PLANE('',#5165);
#5165 = AXIS2_PLACEMENT_3D('',#5166,#5167,#5168);
#5166 = CARTESIAN_POINT('',(-37.,-447.,39.));
#5167 = DIRECTION('',(-0.,1.,0.));
#5168 = DIRECTION('',(0.,0.,1.));
#5169 = DEFINITIONAL_REPRESENTATION('',(#5170),#5173);
#5170 = B_SPLINE_CURVE_WITH_KNOTS('',1,(#5171,#5172),.UNSPECIFIED.,.F.,
  .F.,(2,2),(-35.5,-1.5),.PIECEWISE_BEZIER_KNOTS.);
#5171 = CARTESIAN_POINT('',(1.,34.));
#5172 = CARTESIAN_POINT('',(1.,0.));
#5173 = ( GEOMETRIC_REPRESENTATION_CONTEXT(2) 
PARAMETRIC_REPRESENTATION_CONTEXT() REPRESENTATION_CONTEXT('2D SPACE',''
  ) );
#5174 = ORIENTED_EDGE('',*,*,#5175,.T.);
#5175 = EDGE_CURVE('',#5142,#5176,#5178,.T.);
#5176 = VERTEX_POINT('',#5177);
#5177 = CARTESIAN_POINT('',(-3.,-413.,40.));
#5178 = SURFACE_CURVE('',#5179,(#5183,#5190),.PCURVE_S1.);
#5179 = LINE('',#5180,#5181);
#5180 = CARTESIAN_POINT('',(-3.,-448.5,40.));
#5181 = VECTOR('',#5182,1.);
#5182 = DIRECTION('',(-0.,1.,0.));
#5183 = PCURVE('',#5152,#5184);
#5184 = DEFINITIONAL_REPRESENTATION('',(#5185),#5189);
#5185 = LINE('',#5186,#5187);
#5186 = CARTESIAN_POINT('',(697.,1.5));
#5187 = VECTOR('',#5188,1.);
#5188 = DIRECTION('',(0.,1.));
#5189 = ( GEOMETRIC_REPRESENTATION_CONTEXT(2) 
PARAMETRIC_REPRESENTATION_CONTEXT() REPRESENTATION_CONTEXT('2D SPACE',''
  ) );
#5190 = PCURVE('',#5191,#5196);
#5191 = PLANE('',#5192);
#5192 = AXIS2_PLACEMENT_3D('',#5193,#5194,#5195);
#5193 = CARTESIAN_POINT('',(-3.,-447.,39.));
#5194 = DIRECTION('',(1.,0.,-0.));
#5195 = DIRECTION('',(0.,0.,1.));
#5196 = DEFINITIONAL_REPRESENTATION('',(#5197),#5200);
#5197 = B_SPLINE_CURVE_WITH_KNOTS('',1,(#5198,#5199),.UNSPECIFIED.,.F.,
  .F.,(2,2),(1.5,35.5),.PIECEWISE_BEZIER_KNOTS.);
#5198 = CARTESIAN_POINT('',(1.,0.));
#5199 = CARTESIAN_POINT('',(1.,-34.));
#5200 = ( GEOMETRIC_REPRESENTATION_CONTEXT(2) 
PARAMETRIC_REPRESENTATION_CONTEXT() REPRESENTATION_CONTEXT('2D SPACE',''
  ) );
#5201 = ORIENTED_EDGE('',*,*,#5202,.T.);
#5202 = EDGE_CURVE('',#5176,#5203,#5205,.T.);
#5203 = VERTEX_POINT('',#5204);
#5204 = CARTESIAN_POINT('',(-37.,-413.,40.));
#5205 = SURFACE_CURVE('',#5206,(#5210,#5217),.PCURVE_S1.);
#5206 = LINE('',#5207,#5208);
#5207 = CARTESIAN_POINT('',(-38.5,-413.,40.));
#5208 = VECTOR('',#5209,1.);
#5209 = DIRECTION('',(-1.,-0.,0.));
#5210 = PCURVE('',#5152,#5211);
#5211 = DEFINITIONAL_REPRESENTATION('',(#5212),#5216);
#5212 = LINE('',#5213,#5214);
#5213 = CARTESIAN_POINT('',(661.5,37.));
#5214 = VECTOR('',#5215,1.);
#5215 = DIRECTION('',(-1.,0.));
#5216 = ( GEOMETRIC_REPRESENTATION_CONTEXT(2) 
PARAMETRIC_REPRESENTATION_CONTEXT() REPRESENTATION_CONTEXT('2D SPACE',''
  ) );
#5217 = PCURVE('',#5218,#5223);
#5218 = PLANE('',#5219);
#5219 = AXIS2_PLACEMENT_3D('',#5220,#5221,#5222);
#5220 = CARTESIAN_POINT('',(-37.,-413.,39.));
#5221 = DIRECTION('',(-0.,1.,0.));
#5222 = DIRECTION('',(0.,0.,1.));
#5223 = DEFINITIONAL_REPRESENTATION('',(#5224),#5227);
#5224 = B_SPLINE_CURVE_WITH_KNOTS('',1,(#5225,#5226),.UNSPECIFIED.,.F.,
  .F.,(2,2),(-35.5,-1.5),.PIECEWISE_BEZIER_KNOTS.);
#5225 = CARTESIAN_POINT('',(1.,34.));
#5226 = CARTESIAN_POINT('',(1.,0.));
#5227 = ( GEOMETRIC_REPRESENTATION_CONTEXT(2) 
PARAMETRIC_REPRESENTATION_CONTEXT() REPRESENTATION_CONTEXT('2D SPACE',''
  ) );
#5228 = ORIENTED_EDGE('',*,*,#5229,.F.);
#5229 = EDGE_CURVE('',#5144,#5203,#5230,.T.);
#5230 = SURFACE_CURVE('',#5231,(#5235,#5242),.PCURVE_S1.);
#5231 = LINE('',#5232,#5233);
#5232 = CARTESIAN_POINT('',(-37.,-448.5,40.));
#5233 = VECTOR('',#5234,1.);
#5234 = DIRECTION('',(-0.,1.,0.));
#5235 = PCURVE('',#5152,#5236);
#5236 = DEFINITIONAL_REPRESENTATION('',(#5237),#5241);
#5237 = LINE('',#5238,#5239);
#5238 = CARTESIAN_POINT('',(663.,1.5));
#5239 = VECTOR('',#5240,1.);
#5240 = DIRECTION('',(0.,1.));
#5241 = ( GEOMETRIC_REPRESENTATION_CONTEXT(2) 
PARAMETRIC_REPRESENTATION_CONTEXT() REPRESENTATION_CONTEXT('2D SPACE',''
  ) );
#5242 = PCURVE('',#5243,#5248);
#5243 = PLANE('',#5244);
#5244 = AXIS2_PLACEMENT_3D('',#5245,#5246,#5247);
#5245 = CARTESIAN_POINT('',(-37.,-447.,39.));
#5246 = DIRECTION('',(1.,0.,-0.));
#5247 = DIRECTION('',(0.,0.,1.));
#5248 = DEFINITIONAL_REPRESENTATION('',(#5249),#5252);
#5249 = B_SPLINE_CURVE_WITH_KNOTS('',1,(#5250,#5251),.UNSPECIFIED.,.F.,
  .F.,(2,2),(1.5,35.5),.PIECEWISE_BEZIER_KNOTS.);
#5250 = CARTESIAN_POINT('',(1.,0.));
#5251 = CARTESIAN_POINT('',(1.,-34.));
#5252 = ( GEOMETRIC_REPRESENTATION_CONTEXT(2) 
PARAMETRIC_REPRESENTATION_CONTEXT() REPRESENTATION_CONTEXT('2D SPACE',''
  ) );
#5253 = ADVANCED_FACE('',(#5254),#5164,.F.);
#5254 = FACE_BOUND('',#5255,.F.);
#5255 = EDGE_LOOP('',(#5256,#5279,#5280,#5303));
#5256 = ORIENTED_EDGE('',*,*,#5257,.F.);
#5257 = EDGE_CURVE('',#5142,#5258,#5260,.T.);
#5258 = VERTEX_POINT('',#5259);
#5259 = CARTESIAN_POINT('',(-3.,-447.,520.));
#5260 = SURFACE_CURVE('',#5261,(#5265,#5272),.PCURVE_S1.);
#5261 = LINE('',#5262,#5263);
#5262 = CARTESIAN_POINT('',(-3.,-447.,39.));
#5263 = VECTOR('',#5264,1.);
#5264 = DIRECTION('',(0.,0.,1.));
#5265 = PCURVE('',#5164,#5266);
#5266 = DEFINITIONAL_REPRESENTATION('',(#5267),#5271);
#5267 = LINE('',#5268,#5269);
#5268 = CARTESIAN_POINT('',(0.,34.));
#5269 = VECTOR('',#5270,1.);
#5270 = DIRECTION('',(1.,0.));
#5271 = ( GEOMETRIC_REPRESENTATION_CONTEXT(2) 
PARAMETRIC_REPRESENTATION_CONTEXT() REPRESENTATION_CONTEXT('2D SPACE',''
  ) );
#5272 = PCURVE('',#5191,#5273);
#5273 = DEFINITIONAL_REPRESENTATION('',(#5274),#5278);
#5274 = LINE('',#5275,#5276);
#5275 = CARTESIAN_POINT('',(0.,0.));
#5276 = VECTOR('',#5277,1.);
#5277 = DIRECTION('',(1.,0.));
#5278 = ( GEOMETRIC_REPRESENTATION_CONTEXT(2) 
PARAMETRIC_REPRESENTATION_CONTEXT() REPRESENTATION_CONTEXT('2D SPACE',''
  ) );
#5279 = ORIENTED_EDGE('',*,*,#5141,.T.);
#5280 = ORIENTED_EDGE('',*,*,#5281,.T.);
#5281 = EDGE_CURVE('',#5144,#5282,#5284,.T.);
#5282 = VERTEX_POINT('',#5283);
#5283 = CARTESIAN_POINT('',(-37.,-447.,520.));
#5284 = SURFACE_CURVE('',#5285,(#5289,#5296),.PCURVE_S1.);
#5285 = LINE('',#5286,#5287);
#5286 = CARTESIAN_POINT('',(-37.,-447.,39.));
#5287 = VECTOR('',#5288,1.);
#5288 = DIRECTION('',(0.,0.,1.));
#5289 = PCURVE('',#5164,#5290);
#5290 = DEFINITIONAL_REPRESENTATION('',(#5291),#5295);
#5291 = LINE('',#5292,#5293);
#5292 = CARTESIAN_POINT('',(0.,0.));
#5293 = VECTOR('',#5294,1.);
#5294 = DIRECTION('',(1.,0.));
#5295 = ( GEOMETRIC_REPRESENTATION_CONTEXT(2) 
PARAMETRIC_REPRESENTATION_CONTEXT() REPRESENTATION_CONTEXT('2D SPACE',''
  ) );
#5296 = PCURVE('',#5243,#5297);
#5297 = DEFINITIONAL_REPRESENTATION('',(#5298),#5302);
#5298 = LINE('',#5299,#5300);
#5299 = CARTESIAN_POINT('',(0.,0.));
#5300 = VECTOR('',#5301,1.);
#5301 = DIRECTION('',(1.,0.));
#5302 = ( GEOMETRIC_REPRESENTATION_CONTEXT(2) 
PARAMETRIC_REPRESENTATION_CONTEXT() REPRESENTATION_CONTEXT('2D SPACE',''
  ) );
#5303 = ORIENTED_EDGE('',*,*,#5304,.F.);
#5304 = EDGE_CURVE('',#5258,#5282,#5305,.T.);
#5305 = SURFACE_CURVE('',#5306,(#5310,#5316),.PCURVE_S1.);
#5306 = LINE('',#5307,#5308);
#5307 = CARTESIAN_POINT('',(-38.5,-447.,520.));
#5308 = VECTOR('',#5309,1.);
#5309 = DIRECTION('',(-1.,-0.,0.));
#5310 = PCURVE('',#5164,#5311);
#5311 = DEFINITIONAL_REPRESENTATION('',(#5312),#5315);
#5312 = B_SPLINE_CURVE_WITH_KNOTS('',1,(#5313,#5314),.UNSPECIFIED.,.F.,
  .F.,(2,2),(-35.5,-1.5),.PIECEWISE_BEZIER_KNOTS.);
#5313 = CARTESIAN_POINT('',(481.,34.));
#5314 = CARTESIAN_POINT('',(481.,0.));
#5315 = ( GEOMETRIC_REPRESENTATION_CONTEXT(2) 
PARAMETRIC_REPRESENTATION_CONTEXT() REPRESENTATION_CONTEXT('2D SPACE',''
  ) );
#5316 = PCURVE('',#5317,#5322);
#5317 = PLANE('',#5318);
#5318 = AXIS2_PLACEMENT_3D('',#5319,#5320,#5321);
#5319 = CARTESIAN_POINT('',(-700.,-450.,520.));
#5320 = DIRECTION('',(0.,0.,1.));
#5321 = DIRECTION('',(1.,0.,-0.));
#5322 = DEFINITIONAL_REPRESENTATION('',(#5323),#5327);
#5323 = LINE('',#5324,#5325);
#5324 = CARTESIAN_POINT('',(661.5,3.));
#5325 = VECTOR('',#5326,1.);
#5326 = DIRECTION('',(-1.,0.));
#5327 = ( GEOMETRIC_REPRESENTATION_CONTEXT(2) 
PARAMETRIC_REPRESENTATION_CONTEXT() REPRESENTATION_CONTEXT('2D SPACE',''
  ) );
#5328 = ADVANCED_FACE('',(#5329),#5243,.F.);
#5329 = FACE_BOUND('',#5330,.F.);
#5330 = EDGE_LOOP('',(#5331,#5332,#5333,#5356));
#5331 = ORIENTED_EDGE('',*,*,#5281,.F.);
#5332 = ORIENTED_EDGE('',*,*,#5229,.T.);
#5333 = ORIENTED_EDGE('',*,*,#5334,.T.);
#5334 = EDGE_CURVE('',#5203,#5335,#5337,.T.);
#5335 = VERTEX_POINT('',#5336);
#5336 = CARTESIAN_POINT('',(-37.,-413.,520.));
#5337 = SURFACE_CURVE('',#5338,(#5342,#5349),.PCURVE_S1.);
#5338 = LINE('',#5339,#5340);
#5339 = CARTESIAN_POINT('',(-37.,-413.,39.));
#5340 = VECTOR('',#5341,1.);
#5341 = DIRECTION('',(0.,0.,1.));
#5342 = PCURVE('',#5243,#5343);
#5343 = DEFINITIONAL_REPRESENTATION('',(#5344),#5348);
#5344 = LINE('',#5345,#5346);
#5345 = CARTESIAN_POINT('',(0.,-34.));
#5346 = VECTOR('',#5347,1.);
#5347 = DIRECTION('',(1.,0.));
#5348 = ( GEOMETRIC_REPRESENTATION_CONTEXT(2) 
PARAMETRIC_REPRESENTATION_CONTEXT() REPRESENTATION_CONTEXT('2D SPACE',''
  ) );
#5349 = PCURVE('',#5218,#5350);
#5350 = DEFINITIONAL_REPRESENTATION('',(#5351),#5355);
#5351 = LINE('',#5352,#5353);
#5352 = CARTESIAN_POINT('',(0.,0.));
#5353 = VECTOR('',#5354,1.);
#5354 = DIRECTION('',(1.,0.));
#5355 = ( GEOMETRIC_REPRESENTATION_CONTEXT(2) 
PARAMETRIC_REPRESENTATION_CONTEXT() REPRESENTATION_CONTEXT('2D SPACE',''
  ) );
#5356 = ORIENTED_EDGE('',*,*,#5357,.F.);
#5357 = EDGE_CURVE('',#5282,#5335,#5358,.T.);
#5358 = SURFACE_CURVE('',#5359,(#5363,#5369),.PCURVE_S1.);
#5359 = LINE('',#5360,#5361);
#5360 = CARTESIAN_POINT('',(-37.,-448.5,520.));
#5361 = VECTOR('',#5362,1.);
#5362 = DIRECTION('',(-0.,1.,0.));
#5363 = PCURVE('',#5243,#5364);
#5364 = DEFINITIONAL_REPRESENTATION('',(#5365),#5368);
#5365 = B_SPLINE_CURVE_WITH_KNOTS('',1,(#5366,#5367),.UNSPECIFIED.,.F.,
  .F.,(2,2),(1.5,35.5),.PIECEWISE_BEZIER_KNOTS.);
#5366 = CARTESIAN_POINT('',(481.,0.));
#5367 = CARTESIAN_POINT('',(481.,-34.));
#5368 = ( GEOMETRIC_REPRESENTATION_CONTEXT(2) 
PARAMETRIC_REPRESENTATION_CONTEXT() REPRESENTATION_CONTEXT('2D SPACE',''
  ) );
#5369 = PCURVE('',#5317,#5370);
#5370 = DEFINITIONAL_REPRESENTATION('',(#5371),#5375);
#5371 = LINE('',#5372,#5373);
#5372 = CARTESIAN_POINT('',(663.,1.5));
#5373 = VECTOR('',#5374,1.);
#5374 = DIRECTION('',(0.,1.));
#5375 = ( GEOMETRIC_REPRESENTATION_CONTEXT(2) 
PARAMETRIC_REPRESENTATION_CONTEXT() REPRESENTATION_CONTEXT('2D SPACE',''
  ) );
#5376 = ADVANCED_FACE('',(#5377),#5218,.T.);
#5377 = FACE_BOUND('',#5378,.T.);
#5378 = EDGE_LOOP('',(#5379,#5402,#5403,#5404));
#5379 = ORIENTED_EDGE('',*,*,#5380,.F.);
#5380 = EDGE_CURVE('',#5176,#5381,#5383,.T.);
#5381 = VERTEX_POINT('',#5382);
#5382 = CARTESIAN_POINT('',(-3.,-413.,520.));
#5383 = SURFACE_CURVE('',#5384,(#5388,#5395),.PCURVE_S1.);
#5384 = LINE('',#5385,#5386);
#5385 = CARTESIAN_POINT('',(-3.,-413.,39.));
#5386 = VECTOR('',#5387,1.);
#5387 = DIRECTION('',(0.,0.,1.));
#5388 = PCURVE('',#5218,#5389);
#5389 = DEFINITIONAL_REPRESENTATION('',(#5390),#5394);
#5390 = LINE('',#5391,#5392);
#5391 = CARTESIAN_POINT('',(0.,34.));
#5392 = VECTOR('',#5393,1.);
#5393 = DIRECTION('',(1.,0.));
#5394 = ( GEOMETRIC_REPRESENTATION_CONTEXT(2) 
PARAMETRIC_REPRESENTATION_CONTEXT() REPRESENTATION_CONTEXT('2D SPACE',''
  ) );
#5395 = PCURVE('',#5191,#5396);
#5396 = DEFINITIONAL_REPRESENTATION('',(#5397),#5401);
#5397 = LINE('',#5398,#5399);
#5398 = CARTESIAN_POINT('',(0.,-34.));
#5399 = VECTOR('',#5400,1.);
#5400 = DIRECTION('',(1.,0.));
#5401 = ( GEOMETRIC_REPRESENTATION_CONTEXT(2) 
PARAMETRIC_REPRESENTATION_CONTEXT() REPRESENTATION_CONTEXT('2D SPACE',''
  ) );
#5402 = ORIENTED_EDGE('',*,*,#5202,.T.);
#5403 = ORIENTED_EDGE('',*,*,#5334,.T.);
#5404 = ORIENTED_EDGE('',*,*,#5405,.F.);
#5405 = EDGE_CURVE('',#5381,#5335,#5406,.T.);
#5406 = SURFACE_CURVE('',#5407,(#5411,#5417),.PCURVE_S1.);
#5407 = LINE('',#5408,#5409);
#5408 = CARTESIAN_POINT('',(-38.5,-413.,520.));
#5409 = VECTOR('',#5410,1.);
#5410 = DIRECTION('',(-1.,-0.,0.));
#5411 = PCURVE('',#5218,#5412);
#5412 = DEFINITIONAL_REPRESENTATION('',(#5413),#5416);
#5413 = B_SPLINE_CURVE_WITH_KNOTS('',1,(#5414,#5415),.UNSPECIFIED.,.F.,
  .F.,(2,2),(-35.5,-1.5),.PIECEWISE_BEZIER_KNOTS.);
#5414 = CARTESIAN_POINT('',(481.,34.));
#5415 = CARTESIAN_POINT('',(481.,0.));
#5416 = ( GEOMETRIC_REPRESENTATION_CONTEXT(2) 
PARAMETRIC_REPRESENTATION_CONTEXT() REPRESENTATION_CONTEXT('2D SPACE',''
  ) );
#5417 = PCURVE('',#5317,#5418);
#5418 = DEFINITIONAL_REPRESENTATION('',(#5419),#5423);
#5419 = LINE('',#5420,#5421);
#5420 = CARTESIAN_POINT('',(661.5,37.));
#5421 = VECTOR('',#5422,1.);
#5422 = DIRECTION('',(-1.,0.));
#5423 = ( GEOMETRIC_REPRESENTATION_CONTEXT(2) 
PARAMETRIC_REPRESENTATION_CONTEXT() REPRESENTATION_CONTEXT('2D SPACE',''
  ) );
#5424 = ADVANCED_FACE('',(#5425),#5191,.T.);
#5425 = FACE_BOUND('',#5426,.T.);
#5426 = EDGE_LOOP('',(#5427,#5428,#5429,#5430));
#5427 = ORIENTED_EDGE('',*,*,#5257,.F.);
#5428 = ORIENTED_EDGE('',*,*,#5175,.T.);
#5429 = ORIENTED_EDGE('',*,*,#5380,.T.);
#5430 = ORIENTED_EDGE('',*,*,#5431,.F.);
#5431 = EDGE_CURVE('',#5258,#5381,#5432,.T.);
#5432 = SURFACE_CURVE('',#5433,(#5437,#5443),.PCURVE_S1.);
#5433 = LINE('',#5434,#5435);
#5434 = CARTESIAN_POINT('',(-3.,-448.5,520.));
#5435 = VECTOR('',#5436,1.);
#5436 = DIRECTION('',(-0.,1.,0.));
#5437 = PCURVE('',#5191,#5438);
#5438 = DEFINITIONAL_REPRESENTATION('',(#5439),#5442);
#5439 = B_SPLINE_CURVE_WITH_KNOTS('',1,(#5440,#5441),.UNSPECIFIED.,.F.,
  .F.,(2,2),(1.5,35.5),.PIECEWISE_BEZIER_KNOTS.);
#5440 = CARTESIAN_POINT('',(481.,0.));
#5441 = CARTESIAN_POINT('',(481.,-34.));
#5442 = ( GEOMETRIC_REPRESENTATION_CONTEXT(2) 
PARAMETRIC_REPRESENTATION_CONTEXT() REPRESENTATION_CONTEXT('2D SPACE',''
  ) );
#5443 = PCURVE('',#5317,#5444);
#5444 = DEFINITIONAL_REPRESENTATION('',(#5445),#5449);
#5445 = LINE('',#5446,#5447);
#5446 = CARTESIAN_POINT('',(697.,1.5));
#5447 = VECTOR('',#5448,1.);
#5448 = DIRECTION('',(0.,1.));
#5449 = ( GEOMETRIC_REPRESENTATION_CONTEXT(2) 
PARAMETRIC_REPRESENTATION_CONTEXT() REPRESENTATION_CONTEXT('2D SPACE',''
  ) );
#5450 = ADVANCED_FACE('',(#5451),#5317,.T.);
#5451 = FACE_BOUND('',#5452,.T.);
#5452 = EDGE_LOOP('',(#5453,#5454,#5455,#5456));
#5453 = ORIENTED_EDGE('',*,*,#5304,.F.);
#5454 = ORIENTED_EDGE('',*,*,#5431,.T.);
#5455 = ORIENTED_EDGE('',*,*,#5405,.T.);
#5456 = ORIENTED_EDGE('',*,*,#5357,.F.);
#5457 = ORIENTED_CLOSED_SHELL('',*,#5458,.F.);
#5458 = CLOSED_SHELL('',(#5459,#5575,#5650,#5698,#5746,#5772));
#5459 = ADVANCED_FACE('',(#5460),#5474,.T.);
#5460 = FACE_BOUND('',#5461,.T.);
#5461 = EDGE_LOOP('',(#5462,#5496,#5523,#5550));
#5462 = ORIENTED_EDGE('',*,*,#5463,.F.);
#5463 = EDGE_CURVE('',#5464,#5466,#5468,.T.);
#5464 = VERTEX_POINT('',#5465);
#5465 = CARTESIAN_POINT('',(-663.,13.,520.));
#5466 = VERTEX_POINT('',#5467);
#5467 = CARTESIAN_POINT('',(-697.,13.,520.));
#5468 = SURFACE_CURVE('',#5469,(#5473,#5485),.PCURVE_S1.);
#5469 = LINE('',#5470,#5471);
#5470 = CARTESIAN_POINT('',(-698.5,13.,520.));
#5471 = VECTOR('',#5472,1.);
#5472 = DIRECTION('',(-1.,-0.,0.));
#5473 = PCURVE('',#5474,#5479);
#5474 = PLANE('',#5475);
#5475 = AXIS2_PLACEMENT_3D('',#5476,#5477,#5478);
#5476 = CARTESIAN_POINT('',(-700.,-450.,520.));
#5477 = DIRECTION('',(0.,0.,1.));
#5478 = DIRECTION('',(1.,0.,-0.));
#5479 = DEFINITIONAL_REPRESENTATION('',(#5480),#5484);
#5480 = LINE('',#5481,#5482);
#5481 = CARTESIAN_POINT('',(1.5,463.));
#5482 = VECTOR('',#5483,1.);
#5483 = DIRECTION('',(-1.,0.));
#5484 = ( GEOMETRIC_REPRESENTATION_CONTEXT(2) 
PARAMETRIC_REPRESENTATION_CONTEXT() REPRESENTATION_CONTEXT('2D SPACE',''
  ) );
#5485 = PCURVE('',#5486,#5491);
#5486 = PLANE('',#5487);
#5487 = AXIS2_PLACEMENT_3D('',#5488,#5489,#5490);
#5488 = CARTESIAN_POINT('',(-697.,13.,39.));
#5489 = DIRECTION('',(-0.,1.,0.));
#5490 = DIRECTION('',(0.,0.,1.));
#5491 = DEFINITIONAL_REPRESENTATION('',(#5492),#5495);
#5492 = B_SPLINE_CURVE_WITH_KNOTS('',1,(#5493,#5494),.UNSPECIFIED.,.F.,
  .F.,(2,2),(-35.5,-1.5),.PIECEWISE_BEZIER_KNOTS.);
#5493 = CARTESIAN_POINT('',(481.,34.));
#5494 = CARTESIAN_POINT('',(481.,0.));
#5495 = ( GEOMETRIC_REPRESENTATION_CONTEXT(2) 
PARAMETRIC_REPRESENTATION_CONTEXT() REPRESENTATION_CONTEXT('2D SPACE',''
  ) );
#5496 = ORIENTED_EDGE('',*,*,#5497,.T.);
#5497 = EDGE_CURVE('',#5464,#5498,#5500,.T.);
#5498 = VERTEX_POINT('',#5499);
#5499 = CARTESIAN_POINT('',(-663.,47.,520.));
#5500 = SURFACE_CURVE('',#5501,(#5505,#5512),.PCURVE_S1.);
#5501 = LINE('',#5502,#5503);
#5502 = CARTESIAN_POINT('',(-663.,11.5,520.));
#5503 = VECTOR('',#5504,1.);
#5504 = DIRECTION('',(-0.,1.,0.));
#5505 = PCURVE('',#5474,#5506);
#5506 = DEFINITIONAL_REPRESENTATION('',(#5507),#5511);
#5507 = LINE('',#5508,#5509);
#5508 = CARTESIAN_POINT('',(37.,461.5));
#5509 = VECTOR('',#5510,1.);
#5510 = DIRECTION('',(0.,1.));
#5511 = ( GEOMETRIC_REPRESENTATION_CONTEXT(2) 
PARAMETRIC_REPRESENTATION_CONTEXT() REPRESENTATION_CONTEXT('2D SPACE',''
  ) );
#5512 = PCURVE('',#5513,#5518);
#5513 = PLANE('',#5514);
#5514 = AXIS2_PLACEMENT_3D('',#5515,#5516,#5517);
#5515 = CARTESIAN_POINT('',(-663.,13.,39.));
#5516 = DIRECTION('',(1.,0.,-0.));
#5517 = DIRECTION('',(0.,0.,1.));
#5518 = DEFINITIONAL_REPRESENTATION('',(#5519),#5522);
#5519 = B_SPLINE_CURVE_WITH_KNOTS('',1,(#5520,#5521),.UNSPECIFIED.,.F.,
  .F.,(2,2),(1.5,35.5),.PIECEWISE_BEZIER_KNOTS.);
#5520 = CARTESIAN_POINT('',(481.,0.));
#5521 = CARTESIAN_POINT('',(481.,-34.));
#5522 = ( GEOMETRIC_REPRESENTATION_CONTEXT(2) 
PARAMETRIC_REPRESENTATION_CONTEXT() REPRESENTATION_CONTEXT('2D SPACE',''
  ) );
#5523 = ORIENTED_EDGE('',*,*,#5524,.T.);
#5524 = EDGE_CURVE('',#5498,#5525,#5527,.T.);
#5525 = VERTEX_POINT('',#5526);
#5526 = CARTESIAN_POINT('',(-697.,47.,520.));
#5527 = SURFACE_CURVE('',#5528,(#5532,#5539),.PCURVE_S1.);
#5528 = LINE('',#5529,#5530);
#5529 = CARTESIAN_POINT('',(-698.5,47.,520.));
#5530 = VECTOR('',#5531,1.);
#5531 = DIRECTION('',(-1.,-0.,0.));
#5532 = PCURVE('',#5474,#5533);
#5533 = DEFINITIONAL_REPRESENTATION('',(#5534),#5538);
#5534 = LINE('',#5535,#5536);
#5535 = CARTESIAN_POINT('',(1.5,497.));
#5536 = VECTOR('',#5537,1.);
#5537 = DIRECTION('',(-1.,0.));
#5538 = ( GEOMETRIC_REPRESENTATION_CONTEXT(2) 
PARAMETRIC_REPRESENTATION_CONTEXT() REPRESENTATION_CONTEXT('2D SPACE',''
  ) );
#5539 = PCURVE('',#5540,#5545);
#5540 = PLANE('',#5541);
#5541 = AXIS2_PLACEMENT_3D('',#5542,#5543,#5544);
#5542 = CARTESIAN_POINT('',(-697.,47.,39.));
#5543 = DIRECTION('',(-0.,1.,0.));
#5544 = DIRECTION('',(0.,0.,1.));
#5545 = DEFINITIONAL_REPRESENTATION('',(#5546),#5549);
#5546 = B_SPLINE_CURVE_WITH_KNOTS('',1,(#5547,#5548),.UNSPECIFIED.,.F.,
  .F.,(2,2),(-35.5,-1.5),.PIECEWISE_BEZIER_KNOTS.);
#5547 = CARTESIAN_POINT('',(481.,34.));
#5548 = CARTESIAN_POINT('',(481.,0.));
#5549 = ( GEOMETRIC_REPRESENTATION_CONTEXT(2) 
PARAMETRIC_REPRESENTATION_CONTEXT() REPRESENTATION_CONTEXT('2D SPACE',''
  ) );
#5550 = ORIENTED_EDGE('',*,*,#5551,.F.);
#5551 = EDGE_CURVE('',#5466,#5525,#5552,.T.);
#5552 = SURFACE_CURVE('',#5553,(#5557,#5564),.PCURVE_S1.);
#5553 = LINE('',#5554,#5555);
#5554 = CARTESIAN_POINT('',(-697.,11.5,520.));
#5555 = VECTOR('',#5556,1.);
#5556 = DIRECTION('',(-0.,1.,0.));
#5557 = PCURVE('',#5474,#5558);
#5558 = DEFINITIONAL_REPRESENTATION('',(#5559),#5563);
#5559 = LINE('',#5560,#5561);
#5560 = CARTESIAN_POINT('',(3.,461.5));
#5561 = VECTOR('',#5562,1.);
#5562 = DIRECTION('',(0.,1.));
#5563 = ( GEOMETRIC_REPRESENTATION_CONTEXT(2) 
PARAMETRIC_REPRESENTATION_CONTEXT() REPRESENTATION_CONTEXT('2D SPACE',''
  ) );
#5564 = PCURVE('',#5565,#5570);
#5565 = PLANE('',#5566);
#5566 = AXIS2_PLACEMENT_3D('',#5567,#5568,#5569);
#5567 = CARTESIAN_POINT('',(-697.,13.,39.));
#5568 = DIRECTION('',(1.,0.,-0.));
#5569 = DIRECTION('',(0.,0.,1.));
#5570 = DEFINITIONAL_REPRESENTATION('',(#5571),#5574);
#5571 = B_SPLINE_CURVE_WITH_KNOTS('',1,(#5572,#5573),.UNSPECIFIED.,.F.,
  .F.,(2,2),(1.5,35.5),.PIECEWISE_BEZIER_KNOTS.);
#5572 = CARTESIAN_POINT('',(481.,0.));
#5573 = CARTESIAN_POINT('',(481.,-34.));
#5574 = ( GEOMETRIC_REPRESENTATION_CONTEXT(2) 
PARAMETRIC_REPRESENTATION_CONTEXT() REPRESENTATION_CONTEXT('2D SPACE',''
  ) );
#5575 = ADVANCED_FACE('',(#5576),#5486,.F.);
#5576 = FACE_BOUND('',#5577,.F.);
#5577 = EDGE_LOOP('',(#5578,#5601,#5628,#5649));
#5578 = ORIENTED_EDGE('',*,*,#5579,.F.);
#5579 = EDGE_CURVE('',#5580,#5464,#5582,.T.);
#5580 = VERTEX_POINT('',#5581);
#5581 = CARTESIAN_POINT('',(-663.,13.,40.));
#5582 = SURFACE_CURVE('',#5583,(#5587,#5594),.PCURVE_S1.);
#5583 = LINE('',#5584,#5585);
#5584 = CARTESIAN_POINT('',(-663.,13.,39.));
#5585 = VECTOR('',#5586,1.);
#5586 = DIRECTION('',(0.,0.,1.));
#5587 = PCURVE('',#5486,#5588);
#5588 = DEFINITIONAL_REPRESENTATION('',(#5589),#5593);
#5589 = LINE('',#5590,#5591);
#5590 = CARTESIAN_POINT('',(0.,34.));
#5591 = VECTOR('',#5592,1.);
#5592 = DIRECTION('',(1.,0.));
#5593 = ( GEOMETRIC_REPRESENTATION_CONTEXT(2) 
PARAMETRIC_REPRESENTATION_CONTEXT() REPRESENTATION_CONTEXT('2D SPACE',''
  ) );
#5594 = PCURVE('',#5513,#5595);
#5595 = DEFINITIONAL_REPRESENTATION('',(#5596),#5600);
#5596 = LINE('',#5597,#5598);
#5597 = CARTESIAN_POINT('',(0.,0.));
#5598 = VECTOR('',#5599,1.);
#5599 = DIRECTION('',(1.,0.));
#5600 = ( GEOMETRIC_REPRESENTATION_CONTEXT(2) 
PARAMETRIC_REPRESENTATION_CONTEXT() REPRESENTATION_CONTEXT('2D SPACE',''
  ) );
#5601 = ORIENTED_EDGE('',*,*,#5602,.T.);
#5602 = EDGE_CURVE('',#5580,#5603,#5605,.T.);
#5603 = VERTEX_POINT('',#5604);
#5604 = CARTESIAN_POINT('',(-697.,13.,40.));
#5605 = SURFACE_CURVE('',#5606,(#5610,#5616),.PCURVE_S1.);
#5606 = LINE('',#5607,#5608);
#5607 = CARTESIAN_POINT('',(-698.5,13.,40.));
#5608 = VECTOR('',#5609,1.);
#5609 = DIRECTION('',(-1.,-0.,0.));
#5610 = PCURVE('',#5486,#5611);
#5611 = DEFINITIONAL_REPRESENTATION('',(#5612),#5615);
#5612 = B_SPLINE_CURVE_WITH_KNOTS('',1,(#5613,#5614),.UNSPECIFIED.,.F.,
  .F.,(2,2),(-35.5,-1.5),.PIECEWISE_BEZIER_KNOTS.);
#5613 = CARTESIAN_POINT('',(1.,34.));
#5614 = CARTESIAN_POINT('',(1.,0.));
#5615 = ( GEOMETRIC_REPRESENTATION_CONTEXT(2) 
PARAMETRIC_REPRESENTATION_CONTEXT() REPRESENTATION_CONTEXT('2D SPACE',''
  ) );
#5616 = PCURVE('',#5617,#5622);
#5617 = PLANE('',#5618);
#5618 = AXIS2_PLACEMENT_3D('',#5619,#5620,#5621);
#5619 = CARTESIAN_POINT('',(-700.,-450.,40.));
#5620 = DIRECTION('',(0.,0.,1.));
#5621 = DIRECTION('',(1.,0.,-0.));
#5622 = DEFINITIONAL_REPRESENTATION('',(#5623),#5627);
#5623 = LINE('',#5624,#5625);
#5624 = CARTESIAN_POINT('',(1.5,463.));
#5625 = VECTOR('',#5626,1.);
#5626 = DIRECTION('',(-1.,0.));
#5627 = ( GEOMETRIC_REPRESENTATION_CONTEXT(2) 
PARAMETRIC_REPRESENTATION_CONTEXT() REPRESENTATION_CONTEXT('2D SPACE',''
  ) );
#5628 = ORIENTED_EDGE('',*,*,#5629,.T.);
#5629 = EDGE_CURVE('',#5603,#5466,#5630,.T.);
#5630 = SURFACE_CURVE('',#5631,(#5635,#5642),.PCURVE_S1.);
#5631 = LINE('',#5632,#5633);
#5632 = CARTESIAN_POINT('',(-697.,13.,39.));
#5633 = VECTOR('',#5634,1.);
#5634 = DIRECTION('',(0.,0.,1.));
#5635 = PCURVE('',#5486,#5636);
#5636 = DEFINITIONAL_REPRESENTATION('',(#5637),#5641);
#5637 = LINE('',#5638,#5639);
#5638 = CARTESIAN_POINT('',(0.,0.));
#5639 = VECTOR('',#5640,1.);
#5640 = DIRECTION('',(1.,0.));
#5641 = ( GEOMETRIC_REPRESENTATION_CONTEXT(2) 
PARAMETRIC_REPRESENTATION_CONTEXT() REPRESENTATION_CONTEXT('2D SPACE',''
  ) );
#5642 = PCURVE('',#5565,#5643);
#5643 = DEFINITIONAL_REPRESENTATION('',(#5644),#5648);
#5644 = LINE('',#5645,#5646);
#5645 = CARTESIAN_POINT('',(0.,0.));
#5646 = VECTOR('',#5647,1.);
#5647 = DIRECTION('',(1.,0.));
#5648 = ( GEOMETRIC_REPRESENTATION_CONTEXT(2) 
PARAMETRIC_REPRESENTATION_CONTEXT() REPRESENTATION_CONTEXT('2D SPACE',''
  ) );
#5649 = ORIENTED_EDGE('',*,*,#5463,.F.);
#5650 = ADVANCED_FACE('',(#5651),#5565,.F.);
#5651 = FACE_BOUND('',#5652,.F.);
#5652 = EDGE_LOOP('',(#5653,#5654,#5676,#5697));
#5653 = ORIENTED_EDGE('',*,*,#5629,.F.);
#5654 = ORIENTED_EDGE('',*,*,#5655,.T.);
#5655 = EDGE_CURVE('',#5603,#5656,#5658,.T.);
#5656 = VERTEX_POINT('',#5657);
#5657 = CARTESIAN_POINT('',(-697.,47.,40.));
#5658 = SURFACE_CURVE('',#5659,(#5663,#5669),.PCURVE_S1.);
#5659 = LINE('',#5660,#5661);
#5660 = CARTESIAN_POINT('',(-697.,11.5,40.));
#5661 = VECTOR('',#5662,1.);
#5662 = DIRECTION('',(-0.,1.,0.));
#5663 = PCURVE('',#5565,#5664);
#5664 = DEFINITIONAL_REPRESENTATION('',(#5665),#5668);
#5665 = B_SPLINE_CURVE_WITH_KNOTS('',1,(#5666,#5667),.UNSPECIFIED.,.F.,
  .F.,(2,2),(1.5,35.5),.PIECEWISE_BEZIER_KNOTS.);
#5666 = CARTESIAN_POINT('',(1.,0.));
#5667 = CARTESIAN_POINT('',(1.,-34.));
#5668 = ( GEOMETRIC_REPRESENTATION_CONTEXT(2) 
PARAMETRIC_REPRESENTATION_CONTEXT() REPRESENTATION_CONTEXT('2D SPACE',''
  ) );
#5669 = PCURVE('',#5617,#5670);
#5670 = DEFINITIONAL_REPRESENTATION('',(#5671),#5675);
#5671 = LINE('',#5672,#5673);
#5672 = CARTESIAN_POINT('',(3.,461.5));
#5673 = VECTOR('',#5674,1.);
#5674 = DIRECTION('',(0.,1.));
#5675 = ( GEOMETRIC_REPRESENTATION_CONTEXT(2) 
PARAMETRIC_REPRESENTATION_CONTEXT() REPRESENTATION_CONTEXT('2D SPACE',''
  ) );
#5676 = ORIENTED_EDGE('',*,*,#5677,.T.);
#5677 = EDGE_CURVE('',#5656,#5525,#5678,.T.);
#5678 = SURFACE_CURVE('',#5679,(#5683,#5690),.PCURVE_S1.);
#5679 = LINE('',#5680,#5681);
#5680 = CARTESIAN_POINT('',(-697.,47.,39.));
#5681 = VECTOR('',#5682,1.);
#5682 = DIRECTION('',(0.,0.,1.));
#5683 = PCURVE('',#5565,#5684);
#5684 = DEFINITIONAL_REPRESENTATION('',(#5685),#5689);
#5685 = LINE('',#5686,#5687);
#5686 = CARTESIAN_POINT('',(0.,-34.));
#5687 = VECTOR('',#5688,1.);
#5688 = DIRECTION('',(1.,0.));
#5689 = ( GEOMETRIC_REPRESENTATION_CONTEXT(2) 
PARAMETRIC_REPRESENTATION_CONTEXT() REPRESENTATION_CONTEXT('2D SPACE',''
  ) );
#5690 = PCURVE('',#5540,#5691);
#5691 = DEFINITIONAL_REPRESENTATION('',(#5692),#5696);
#5692 = LINE('',#5693,#5694);
#5693 = CARTESIAN_POINT('',(0.,0.));
#5694 = VECTOR('',#5695,1.);
#5695 = DIRECTION('',(1.,0.));
#5696 = ( GEOMETRIC_REPRESENTATION_CONTEXT(2) 
PARAMETRIC_REPRESENTATION_CONTEXT() REPRESENTATION_CONTEXT('2D SPACE',''
  ) );
#5697 = ORIENTED_EDGE('',*,*,#5551,.F.);
#5698 = ADVANCED_FACE('',(#5699),#5540,.T.);
#5699 = FACE_BOUND('',#5700,.T.);
#5700 = EDGE_LOOP('',(#5701,#5724,#5744,#5745));
#5701 = ORIENTED_EDGE('',*,*,#5702,.F.);
#5702 = EDGE_CURVE('',#5703,#5498,#5705,.T.);
#5703 = VERTEX_POINT('',#5704);
#5704 = CARTESIAN_POINT('',(-663.,47.,40.));
#5705 = SURFACE_CURVE('',#5706,(#5710,#5717),.PCURVE_S1.);
#5706 = LINE('',#5707,#5708);
#5707 = CARTESIAN_POINT('',(-663.,47.,39.));
#5708 = VECTOR('',#5709,1.);
#5709 = DIRECTION('',(0.,0.,1.));
#5710 = PCURVE('',#5540,#5711);
#5711 = DEFINITIONAL_REPRESENTATION('',(#5712),#5716);
#5712 = LINE('',#5713,#5714);
#5713 = CARTESIAN_POINT('',(0.,34.));
#5714 = VECTOR('',#5715,1.);
#5715 = DIRECTION('',(1.,0.));
#5716 = ( GEOMETRIC_REPRESENTATION_CONTEXT(2) 
PARAMETRIC_REPRESENTATION_CONTEXT() REPRESENTATION_CONTEXT('2D SPACE',''
  ) );
#5717 = PCURVE('',#5513,#5718);
#5718 = DEFINITIONAL_REPRESENTATION('',(#5719),#5723);
#5719 = LINE('',#5720,#5721);
#5720 = CARTESIAN_POINT('',(0.,-34.));
#5721 = VECTOR('',#5722,1.);
#5722 = DIRECTION('',(1.,0.));
#5723 = ( GEOMETRIC_REPRESENTATION_CONTEXT(2) 
PARAMETRIC_REPRESENTATION_CONTEXT() REPRESENTATION_CONTEXT('2D SPACE',''
  ) );
#5724 = ORIENTED_EDGE('',*,*,#5725,.T.);
#5725 = EDGE_CURVE('',#5703,#5656,#5726,.T.);
#5726 = SURFACE_CURVE('',#5727,(#5731,#5737),.PCURVE_S1.);
#5727 = LINE('',#5728,#5729);
#5728 = CARTESIAN_POINT('',(-698.5,47.,40.));
#5729 = VECTOR('',#5730,1.);
#5730 = DIRECTION('',(-1.,-0.,0.));
#5731 = PCURVE('',#5540,#5732);
#5732 = DEFINITIONAL_REPRESENTATION('',(#5733),#5736);
#5733 = B_SPLINE_CURVE_WITH_KNOTS('',1,(#5734,#5735),.UNSPECIFIED.,.F.,
  .F.,(2,2),(-35.5,-1.5),.PIECEWISE_BEZIER_KNOTS.);
#5734 = CARTESIAN_POINT('',(1.,34.));
#5735 = CARTESIAN_POINT('',(1.,0.));
#5736 = ( GEOMETRIC_REPRESENTATION_CONTEXT(2) 
PARAMETRIC_REPRESENTATION_CONTEXT() REPRESENTATION_CONTEXT('2D SPACE',''
  ) );
#5737 = PCURVE('',#5617,#5738);
#5738 = DEFINITIONAL_REPRESENTATION('',(#5739),#5743);
#5739 = LINE('',#5740,#5741);
#5740 = CARTESIAN_POINT('',(1.5,497.));
#5741 = VECTOR('',#5742,1.);
#5742 = DIRECTION('',(-1.,0.));
#5743 = ( GEOMETRIC_REPRESENTATION_CONTEXT(2) 
PARAMETRIC_REPRESENTATION_CONTEXT() REPRESENTATION_CONTEXT('2D SPACE',''
  ) );
#5744 = ORIENTED_EDGE('',*,*,#5677,.T.);
#5745 = ORIENTED_EDGE('',*,*,#5524,.F.);
#5746 = ADVANCED_FACE('',(#5747),#5513,.T.);
#5747 = FACE_BOUND('',#5748,.T.);
#5748 = EDGE_LOOP('',(#5749,#5750,#5770,#5771));
#5749 = ORIENTED_EDGE('',*,*,#5579,.F.);
#5750 = ORIENTED_EDGE('',*,*,#5751,.T.);
#5751 = EDGE_CURVE('',#5580,#5703,#5752,.T.);
#5752 = SURFACE_CURVE('',#5753,(#5757,#5763),.PCURVE_S1.);
#5753 = LINE('',#5754,#5755);
#5754 = CARTESIAN_POINT('',(-663.,11.5,40.));
#5755 = VECTOR('',#5756,1.);
#5756 = DIRECTION('',(-0.,1.,0.));
#5757 = PCURVE('',#5513,#5758);
#5758 = DEFINITIONAL_REPRESENTATION('',(#5759),#5762);
#5759 = B_SPLINE_CURVE_WITH_KNOTS('',1,(#5760,#5761),.UNSPECIFIED.,.F.,
  .F.,(2,2),(1.5,35.5),.PIECEWISE_BEZIER_KNOTS.);
#5760 = CARTESIAN_POINT('',(1.,0.));
#5761 = CARTESIAN_POINT('',(1.,-34.));
#5762 = ( GEOMETRIC_REPRESENTATION_CONTEXT(2) 
PARAMETRIC_REPRESENTATION_CONTEXT() REPRESENTATION_CONTEXT('2D SPACE',''
  ) );
#5763 = PCURVE('',#5617,#5764);
#5764 = DEFINITIONAL_REPRESENTATION('',(#5765),#5769);
#5765 = LINE('',#5766,#5767);
#5766 = CARTESIAN_POINT('',(37.,461.5));
#5767 = VECTOR('',#5768,1.);
#5768 = DIRECTION('',(0.,1.));
#5769 = ( GEOMETRIC_REPRESENTATION_CONTEXT(2) 
PARAMETRIC_REPRESENTATION_CONTEXT() REPRESENTATION_CONTEXT('2D SPACE',''
  ) );
#5770 = ORIENTED_EDGE('',*,*,#5702,.T.);
#5771 = ORIENTED_EDGE('',*,*,#5497,.F.);
#5772 = ADVANCED_FACE('',(#5773),#5617,.F.);
#5773 = FACE_BOUND('',#5774,.F.);
#5774 = EDGE_LOOP('',(#5775,#5776,#5777,#5778));
#5775 = ORIENTED_EDGE('',*,*,#5602,.F.);
#5776 = ORIENTED_EDGE('',*,*,#5751,.T.);
#5777 = ORIENTED_EDGE('',*,*,#5725,.T.);
#5778 = ORIENTED_EDGE('',*,*,#5655,.F.);
#5779 = ORIENTED_CLOSED_SHELL('',*,#5780,.F.);
#5780 = CLOSED_SHELL('',(#5781,#5897,#5972,#6020,#6068,#6094));
#5781 = ADVANCED_FACE('',(#5782),#5796,.F.);
#5782 = FACE_BOUND('',#5783,.F.);
#5783 = EDGE_LOOP('',(#5784,#5818,#5845,#5872));
#5784 = ORIENTED_EDGE('',*,*,#5785,.F.);
#5785 = EDGE_CURVE('',#5786,#5788,#5790,.T.);
#5786 = VERTEX_POINT('',#5787);
#5787 = CARTESIAN_POINT('',(-697.,-410.,557.));
#5788 = VERTEX_POINT('',#5789);
#5789 = CARTESIAN_POINT('',(-697.,-410.,523.));
#5790 = SURFACE_CURVE('',#5791,(#5795,#5807),.PCURVE_S1.);
#5791 = LINE('',#5792,#5793);
#5792 = CARTESIAN_POINT('',(-697.,-410.,521.5));
#5793 = VECTOR('',#5794,1.);
#5794 = DIRECTION('',(-0.,0.,-1.));
#5795 = PCURVE('',#5796,#5801);
#5796 = PLANE('',#5797);
#5797 = AXIS2_PLACEMENT_3D('',#5798,#5799,#5800);
#5798 = CARTESIAN_POINT('',(-700.,-410.,520.));
#5799 = DIRECTION('',(-0.,1.,0.));
#5800 = DIRECTION('',(0.,0.,1.));
#5801 = DEFINITIONAL_REPRESENTATION('',(#5802),#5806);
#5802 = LINE('',#5803,#5804);
#5803 = CARTESIAN_POINT('',(1.5,3.));
#5804 = VECTOR('',#5805,1.);
#5805 = DIRECTION('',(-1.,0.));
#5806 = ( GEOMETRIC_REPRESENTATION_CONTEXT(2) 
PARAMETRIC_REPRESENTATION_CONTEXT() REPRESENTATION_CONTEXT('2D SPACE',''
  ) );
#5807 = PCURVE('',#5808,#5813);
#5808 = PLANE('',#5809);
#5809 = AXIS2_PLACEMENT_3D('',#5810,#5811,#5812);
#5810 = CARTESIAN_POINT('',(-697.,-411.,523.));
#5811 = DIRECTION('',(1.,0.,-0.));
#5812 = DIRECTION('',(0.,0.,1.));
#5813 = DEFINITIONAL_REPRESENTATION('',(#5814),#5817);
#5814 = B_SPLINE_CURVE_WITH_KNOTS('',1,(#5815,#5816),.UNSPECIFIED.,.F.,
  .F.,(2,2),(-35.5,-1.5),.PIECEWISE_BEZIER_KNOTS.);
#5815 = CARTESIAN_POINT('',(34.,-1.));
#5816 = CARTESIAN_POINT('',(0.,-1.));
#5817 = ( GEOMETRIC_REPRESENTATION_CONTEXT(2) 
PARAMETRIC_REPRESENTATION_CONTEXT() REPRESENTATION_CONTEXT('2D SPACE',''
  ) );
#5818 = ORIENTED_EDGE('',*,*,#5819,.T.);
#5819 = EDGE_CURVE('',#5786,#5820,#5822,.T.);
#5820 = VERTEX_POINT('',#5821);
#5821 = CARTESIAN_POINT('',(-663.,-410.,557.));
#5822 = SURFACE_CURVE('',#5823,(#5827,#5834),.PCURVE_S1.);
#5823 = LINE('',#5824,#5825);
#5824 = CARTESIAN_POINT('',(-698.5,-410.,557.));
#5825 = VECTOR('',#5826,1.);
#5826 = DIRECTION('',(1.,0.,-0.));
#5827 = PCURVE('',#5796,#5828);
#5828 = DEFINITIONAL_REPRESENTATION('',(#5829),#5833);
#5829 = LINE('',#5830,#5831);
#5830 = CARTESIAN_POINT('',(37.,1.5));
#5831 = VECTOR('',#5832,1.);
#5832 = DIRECTION('',(0.,1.));
#5833 = ( GEOMETRIC_REPRESENTATION_CONTEXT(2) 
PARAMETRIC_REPRESENTATION_CONTEXT() REPRESENTATION_CONTEXT('2D SPACE',''
  ) );
#5834 = PCURVE('',#5835,#5840);
#5835 = PLANE('',#5836);
#5836 = AXIS2_PLACEMENT_3D('',#5837,#5838,#5839);
#5837 = CARTESIAN_POINT('',(-697.,-411.,557.));
#5838 = DIRECTION('',(0.,0.,1.));
#5839 = DIRECTION('',(1.,0.,-0.));
#5840 = DEFINITIONAL_REPRESENTATION('',(#5841),#5844);
#5841 = B_SPLINE_CURVE_WITH_KNOTS('',1,(#5842,#5843),.UNSPECIFIED.,.F.,
  .F.,(2,2),(1.5,35.5),.PIECEWISE_BEZIER_KNOTS.);
#5842 = CARTESIAN_POINT('',(0.,1.));
#5843 = CARTESIAN_POINT('',(34.,1.));
#5844 = ( GEOMETRIC_REPRESENTATION_CONTEXT(2) 
PARAMETRIC_REPRESENTATION_CONTEXT() REPRESENTATION_CONTEXT('2D SPACE',''
  ) );
#5845 = ORIENTED_EDGE('',*,*,#5846,.T.);
#5846 = EDGE_CURVE('',#5820,#5847,#5849,.T.);
#5847 = VERTEX_POINT('',#5848);
#5848 = CARTESIAN_POINT('',(-663.,-410.,523.));
#5849 = SURFACE_CURVE('',#5850,(#5854,#5861),.PCURVE_S1.);
#5850 = LINE('',#5851,#5852);
#5851 = CARTESIAN_POINT('',(-663.,-410.,521.5));
#5852 = VECTOR('',#5853,1.);
#5853 = DIRECTION('',(-0.,0.,-1.));
#5854 = PCURVE('',#5796,#5855);
#5855 = DEFINITIONAL_REPRESENTATION('',(#5856),#5860);
#5856 = LINE('',#5857,#5858);
#5857 = CARTESIAN_POINT('',(1.5,37.));
#5858 = VECTOR('',#5859,1.);
#5859 = DIRECTION('',(-1.,0.));
#5860 = ( GEOMETRIC_REPRESENTATION_CONTEXT(2) 
PARAMETRIC_REPRESENTATION_CONTEXT() REPRESENTATION_CONTEXT('2D SPACE',''
  ) );
#5861 = PCURVE('',#5862,#5867);
#5862 = PLANE('',#5863);
#5863 = AXIS2_PLACEMENT_3D('',#5864,#5865,#5866);
#5864 = CARTESIAN_POINT('',(-663.,-411.,523.));
#5865 = DIRECTION('',(1.,0.,-0.));
#5866 = DIRECTION('',(0.,0.,1.));
#5867 = DEFINITIONAL_REPRESENTATION('',(#5868),#5871);
#5868 = B_SPLINE_CURVE_WITH_KNOTS('',1,(#5869,#5870),.UNSPECIFIED.,.F.,
  .F.,(2,2),(-35.5,-1.5),.PIECEWISE_BEZIER_KNOTS.);
#5869 = CARTESIAN_POINT('',(34.,-1.));
#5870 = CARTESIAN_POINT('',(0.,-1.));
#5871 = ( GEOMETRIC_REPRESENTATION_CONTEXT(2) 
PARAMETRIC_REPRESENTATION_CONTEXT() REPRESENTATION_CONTEXT('2D SPACE',''
  ) );
#5872 = ORIENTED_EDGE('',*,*,#5873,.F.);
#5873 = EDGE_CURVE('',#5788,#5847,#5874,.T.);
#5874 = SURFACE_CURVE('',#5875,(#5879,#5886),.PCURVE_S1.);
#5875 = LINE('',#5876,#5877);
#5876 = CARTESIAN_POINT('',(-698.5,-410.,523.));
#5877 = VECTOR('',#5878,1.);
#5878 = DIRECTION('',(1.,0.,-0.));
#5879 = PCURVE('',#5796,#5880);
#5880 = DEFINITIONAL_REPRESENTATION('',(#5881),#5885);
#5881 = LINE('',#5882,#5883);
#5882 = CARTESIAN_POINT('',(3.,1.5));
#5883 = VECTOR('',#5884,1.);
#5884 = DIRECTION('',(0.,1.));
#5885 = ( GEOMETRIC_REPRESENTATION_CONTEXT(2) 
PARAMETRIC_REPRESENTATION_CONTEXT() REPRESENTATION_CONTEXT('2D SPACE',''
  ) );
#5886 = PCURVE('',#5887,#5892);
#5887 = PLANE('',#5888);
#5888 = AXIS2_PLACEMENT_3D('',#5889,#5890,#5891);
#5889 = CARTESIAN_POINT('',(-697.,-411.,523.));
#5890 = DIRECTION('',(0.,0.,1.));
#5891 = DIRECTION('',(1.,0.,-0.));
#5892 = DEFINITIONAL_REPRESENTATION('',(#5893),#5896);
#5893 = B_SPLINE_CURVE_WITH_KNOTS('',1,(#5894,#5895),.UNSPECIFIED.,.F.,
  .F.,(2,2),(1.5,35.5),.PIECEWISE_BEZIER_KNOTS.);
#5894 = CARTESIAN_POINT('',(0.,1.));
#5895 = CARTESIAN_POINT('',(34.,1.));
#5896 = ( GEOMETRIC_REPRESENTATION_CONTEXT(2) 
PARAMETRIC_REPRESENTATION_CONTEXT() REPRESENTATION_CONTEXT('2D SPACE',''
  ) );
#5897 = ADVANCED_FACE('',(#5898),#5808,.F.);
#5898 = FACE_BOUND('',#5899,.F.);
#5899 = EDGE_LOOP('',(#5900,#5923,#5924,#5947));
#5900 = ORIENTED_EDGE('',*,*,#5901,.F.);
#5901 = EDGE_CURVE('',#5786,#5902,#5904,.T.);
#5902 = VERTEX_POINT('',#5903);
#5903 = CARTESIAN_POINT('',(-697.,10.,557.));
#5904 = SURFACE_CURVE('',#5905,(#5909,#5916),.PCURVE_S1.);
#5905 = LINE('',#5906,#5907);
#5906 = CARTESIAN_POINT('',(-697.,-411.,557.));
#5907 = VECTOR('',#5908,1.);
#5908 = DIRECTION('',(-0.,1.,0.));
#5909 = PCURVE('',#5808,#5910);
#5910 = DEFINITIONAL_REPRESENTATION('',(#5911),#5915);
#5911 = LINE('',#5912,#5913);
#5912 = CARTESIAN_POINT('',(34.,0.));
#5913 = VECTOR('',#5914,1.);
#5914 = DIRECTION('',(0.,-1.));
#5915 = ( GEOMETRIC_REPRESENTATION_CONTEXT(2) 
PARAMETRIC_REPRESENTATION_CONTEXT() REPRESENTATION_CONTEXT('2D SPACE',''
  ) );
#5916 = PCURVE('',#5835,#5917);
#5917 = DEFINITIONAL_REPRESENTATION('',(#5918),#5922);
#5918 = LINE('',#5919,#5920);
#5919 = CARTESIAN_POINT('',(0.,0.));
#5920 = VECTOR('',#5921,1.);
#5921 = DIRECTION('',(0.,1.));
#5922 = ( GEOMETRIC_REPRESENTATION_CONTEXT(2) 
PARAMETRIC_REPRESENTATION_CONTEXT() REPRESENTATION_CONTEXT('2D SPACE',''
  ) );
#5923 = ORIENTED_EDGE('',*,*,#5785,.T.);
#5924 = ORIENTED_EDGE('',*,*,#5925,.T.);
#5925 = EDGE_CURVE('',#5788,#5926,#5928,.T.);
#5926 = VERTEX_POINT('',#5927);
#5927 = CARTESIAN_POINT('',(-697.,10.,523.));
#5928 = SURFACE_CURVE('',#5929,(#5933,#5940),.PCURVE_S1.);
#5929 = LINE('',#5930,#5931);
#5930 = CARTESIAN_POINT('',(-697.,-411.,523.));
#5931 = VECTOR('',#5932,1.);
#5932 = DIRECTION('',(-0.,1.,0.));
#5933 = PCURVE('',#5808,#5934);
#5934 = DEFINITIONAL_REPRESENTATION('',(#5935),#5939);
#5935 = LINE('',#5936,#5937);
#5936 = CARTESIAN_POINT('',(0.,0.));
#5937 = VECTOR('',#5938,1.);
#5938 = DIRECTION('',(0.,-1.));
#5939 = ( GEOMETRIC_REPRESENTATION_CONTEXT(2) 
PARAMETRIC_REPRESENTATION_CONTEXT() REPRESENTATION_CONTEXT('2D SPACE',''
  ) );
#5940 = PCURVE('',#5887,#5941);
#5941 = DEFINITIONAL_REPRESENTATION('',(#5942),#5946);
#5942 = LINE('',#5943,#5944);
#5943 = CARTESIAN_POINT('',(0.,0.));
#5944 = VECTOR('',#5945,1.);
#5945 = DIRECTION('',(0.,1.));
#5946 = ( GEOMETRIC_REPRESENTATION_CONTEXT(2) 
PARAMETRIC_REPRESENTATION_CONTEXT() REPRESENTATION_CONTEXT('2D SPACE',''
  ) );
#5947 = ORIENTED_EDGE('',*,*,#5948,.F.);
#5948 = EDGE_CURVE('',#5902,#5926,#5949,.T.);
#5949 = SURFACE_CURVE('',#5950,(#5954,#5960),.PCURVE_S1.);
#5950 = LINE('',#5951,#5952);
#5951 = CARTESIAN_POINT('',(-697.,10.,521.5));
#5952 = VECTOR('',#5953,1.);
#5953 = DIRECTION('',(-0.,0.,-1.));
#5954 = PCURVE('',#5808,#5955);
#5955 = DEFINITIONAL_REPRESENTATION('',(#5956),#5959);
#5956 = B_SPLINE_CURVE_WITH_KNOTS('',1,(#5957,#5958),.UNSPECIFIED.,.F.,
  .F.,(2,2),(-35.5,-1.5),.PIECEWISE_BEZIER_KNOTS.);
#5957 = CARTESIAN_POINT('',(34.,-421.));
#5958 = CARTESIAN_POINT('',(0.,-421.));
#5959 = ( GEOMETRIC_REPRESENTATION_CONTEXT(2) 
PARAMETRIC_REPRESENTATION_CONTEXT() REPRESENTATION_CONTEXT('2D SPACE',''
  ) );
#5960 = PCURVE('',#5961,#5966);
#5961 = PLANE('',#5962);
#5962 = AXIS2_PLACEMENT_3D('',#5963,#5964,#5965);
#5963 = CARTESIAN_POINT('',(-700.,10.,520.));
#5964 = DIRECTION('',(-0.,1.,0.));
#5965 = DIRECTION('',(0.,0.,1.));
#5966 = DEFINITIONAL_REPRESENTATION('',(#5967),#5971);
#5967 = LINE('',#5968,#5969);
#5968 = CARTESIAN_POINT('',(1.5,3.));
#5969 = VECTOR('',#5970,1.);
#5970 = DIRECTION('',(-1.,0.));
#5971 = ( GEOMETRIC_REPRESENTATION_CONTEXT(2) 
PARAMETRIC_REPRESENTATION_CONTEXT() REPRESENTATION_CONTEXT('2D SPACE',''
  ) );
#5972 = ADVANCED_FACE('',(#5973),#5887,.F.);
#5973 = FACE_BOUND('',#5974,.F.);
#5974 = EDGE_LOOP('',(#5975,#5976,#5977,#6000));
#5975 = ORIENTED_EDGE('',*,*,#5925,.F.);
#5976 = ORIENTED_EDGE('',*,*,#5873,.T.);
#5977 = ORIENTED_EDGE('',*,*,#5978,.T.);
#5978 = EDGE_CURVE('',#5847,#5979,#5981,.T.);
#5979 = VERTEX_POINT('',#5980);
#5980 = CARTESIAN_POINT('',(-663.,10.,523.));
#5981 = SURFACE_CURVE('',#5982,(#5986,#5993),.PCURVE_S1.);
#5982 = LINE('',#5983,#5984);
#5983 = CARTESIAN_POINT('',(-663.,-411.,523.));
#5984 = VECTOR('',#5985,1.);
#5985 = DIRECTION('',(-0.,1.,0.));
#5986 = PCURVE('',#5887,#5987);
#5987 = DEFINITIONAL_REPRESENTATION('',(#5988),#5992);
#5988 = LINE('',#5989,#5990);
#5989 = CARTESIAN_POINT('',(34.,0.));
#5990 = VECTOR('',#5991,1.);
#5991 = DIRECTION('',(0.,1.));
#5992 = ( GEOMETRIC_REPRESENTATION_CONTEXT(2) 
PARAMETRIC_REPRESENTATION_CONTEXT() REPRESENTATION_CONTEXT('2D SPACE',''
  ) );
#5993 = PCURVE('',#5862,#5994);
#5994 = DEFINITIONAL_REPRESENTATION('',(#5995),#5999);
#5995 = LINE('',#5996,#5997);
#5996 = CARTESIAN_POINT('',(0.,0.));
#5997 = VECTOR('',#5998,1.);
#5998 = DIRECTION('',(0.,-1.));
#5999 = ( GEOMETRIC_REPRESENTATION_CONTEXT(2) 
PARAMETRIC_REPRESENTATION_CONTEXT() REPRESENTATION_CONTEXT('2D SPACE',''
  ) );
#6000 = ORIENTED_EDGE('',*,*,#6001,.F.);
#6001 = EDGE_CURVE('',#5926,#5979,#6002,.T.);
#6002 = SURFACE_CURVE('',#6003,(#6007,#6013),.PCURVE_S1.);
#6003 = LINE('',#6004,#6005);
#6004 = CARTESIAN_POINT('',(-698.5,10.,523.));
#6005 = VECTOR('',#6006,1.);
#6006 = DIRECTION('',(1.,0.,-0.));
#6007 = PCURVE('',#5887,#6008);
#6008 = DEFINITIONAL_REPRESENTATION('',(#6009),#6012);
#6009 = B_SPLINE_CURVE_WITH_KNOTS('',1,(#6010,#6011),.UNSPECIFIED.,.F.,
  .F.,(2,2),(1.5,35.5),.PIECEWISE_BEZIER_KNOTS.);
#6010 = CARTESIAN_POINT('',(0.,421.));
#6011 = CARTESIAN_POINT('',(34.,421.));
#6012 = ( GEOMETRIC_REPRESENTATION_CONTEXT(2) 
PARAMETRIC_REPRESENTATION_CONTEXT() REPRESENTATION_CONTEXT('2D SPACE',''
  ) );
#6013 = PCURVE('',#5961,#6014);
#6014 = DEFINITIONAL_REPRESENTATION('',(#6015),#6019);
#6015 = LINE('',#6016,#6017);
#6016 = CARTESIAN_POINT('',(3.,1.5));
#6017 = VECTOR('',#6018,1.);
#6018 = DIRECTION('',(0.,1.));
#6019 = ( GEOMETRIC_REPRESENTATION_CONTEXT(2) 
PARAMETRIC_REPRESENTATION_CONTEXT() REPRESENTATION_CONTEXT('2D SPACE',''
  ) );
#6020 = ADVANCED_FACE('',(#6021),#5862,.T.);
#6021 = FACE_BOUND('',#6022,.T.);
#6022 = EDGE_LOOP('',(#6023,#6046,#6047,#6048));
#6023 = ORIENTED_EDGE('',*,*,#6024,.F.);
#6024 = EDGE_CURVE('',#5820,#6025,#6027,.T.);
#6025 = VERTEX_POINT('',#6026);
#6026 = CARTESIAN_POINT('',(-663.,10.,557.));
#6027 = SURFACE_CURVE('',#6028,(#6032,#6039),.PCURVE_S1.);
#6028 = LINE('',#6029,#6030);
#6029 = CARTESIAN_POINT('',(-663.,-411.,557.));
#6030 = VECTOR('',#6031,1.);
#6031 = DIRECTION('',(-0.,1.,0.));
#6032 = PCURVE('',#5862,#6033);
#6033 = DEFINITIONAL_REPRESENTATION('',(#6034),#6038);
#6034 = LINE('',#6035,#6036);
#6035 = CARTESIAN_POINT('',(34.,0.));
#6036 = VECTOR('',#6037,1.);
#6037 = DIRECTION('',(0.,-1.));
#6038 = ( GEOMETRIC_REPRESENTATION_CONTEXT(2) 
PARAMETRIC_REPRESENTATION_CONTEXT() REPRESENTATION_CONTEXT('2D SPACE',''
  ) );
#6039 = PCURVE('',#5835,#6040);
#6040 = DEFINITIONAL_REPRESENTATION('',(#6041),#6045);
#6041 = LINE('',#6042,#6043);
#6042 = CARTESIAN_POINT('',(34.,0.));
#6043 = VECTOR('',#6044,1.);
#6044 = DIRECTION('',(0.,1.));
#6045 = ( GEOMETRIC_REPRESENTATION_CONTEXT(2) 
PARAMETRIC_REPRESENTATION_CONTEXT() REPRESENTATION_CONTEXT('2D SPACE',''
  ) );
#6046 = ORIENTED_EDGE('',*,*,#5846,.T.);
#6047 = ORIENTED_EDGE('',*,*,#5978,.T.);
#6048 = ORIENTED_EDGE('',*,*,#6049,.F.);
#6049 = EDGE_CURVE('',#6025,#5979,#6050,.T.);
#6050 = SURFACE_CURVE('',#6051,(#6055,#6061),.PCURVE_S1.);
#6051 = LINE('',#6052,#6053);
#6052 = CARTESIAN_POINT('',(-663.,10.,521.5));
#6053 = VECTOR('',#6054,1.);
#6054 = DIRECTION('',(-0.,0.,-1.));
#6055 = PCURVE('',#5862,#6056);
#6056 = DEFINITIONAL_REPRESENTATION('',(#6057),#6060);
#6057 = B_SPLINE_CURVE_WITH_KNOTS('',1,(#6058,#6059),.UNSPECIFIED.,.F.,
  .F.,(2,2),(-35.5,-1.5),.PIECEWISE_BEZIER_KNOTS.);
#6058 = CARTESIAN_POINT('',(34.,-421.));
#6059 = CARTESIAN_POINT('',(0.,-421.));
#6060 = ( GEOMETRIC_REPRESENTATION_CONTEXT(2) 
PARAMETRIC_REPRESENTATION_CONTEXT() REPRESENTATION_CONTEXT('2D SPACE',''
  ) );
#6061 = PCURVE('',#5961,#6062);
#6062 = DEFINITIONAL_REPRESENTATION('',(#6063),#6067);
#6063 = LINE('',#6064,#6065);
#6064 = CARTESIAN_POINT('',(1.5,37.));
#6065 = VECTOR('',#6066,1.);
#6066 = DIRECTION('',(-1.,0.));
#6067 = ( GEOMETRIC_REPRESENTATION_CONTEXT(2) 
PARAMETRIC_REPRESENTATION_CONTEXT() REPRESENTATION_CONTEXT('2D SPACE',''
  ) );
#6068 = ADVANCED_FACE('',(#6069),#5835,.T.);
#6069 = FACE_BOUND('',#6070,.T.);
#6070 = EDGE_LOOP('',(#6071,#6072,#6073,#6074));
#6071 = ORIENTED_EDGE('',*,*,#5901,.F.);
#6072 = ORIENTED_EDGE('',*,*,#5819,.T.);
#6073 = ORIENTED_EDGE('',*,*,#6024,.T.);
#6074 = ORIENTED_EDGE('',*,*,#6075,.F.);
#6075 = EDGE_CURVE('',#5902,#6025,#6076,.T.);
#6076 = SURFACE_CURVE('',#6077,(#6081,#6087),.PCURVE_S1.);
#6077 = LINE('',#6078,#6079);
#6078 = CARTESIAN_POINT('',(-698.5,10.,557.));
#6079 = VECTOR('',#6080,1.);
#6080 = DIRECTION('',(1.,0.,-0.));
#6081 = PCURVE('',#5835,#6082);
#6082 = DEFINITIONAL_REPRESENTATION('',(#6083),#6086);
#6083 = B_SPLINE_CURVE_WITH_KNOTS('',1,(#6084,#6085),.UNSPECIFIED.,.F.,
  .F.,(2,2),(1.5,35.5),.PIECEWISE_BEZIER_KNOTS.);
#6084 = CARTESIAN_POINT('',(0.,421.));
#6085 = CARTESIAN_POINT('',(34.,421.));
#6086 = ( GEOMETRIC_REPRESENTATION_CONTEXT(2) 
PARAMETRIC_REPRESENTATION_CONTEXT() REPRESENTATION_CONTEXT('2D SPACE',''
  ) );
#6087 = PCURVE('',#5961,#6088);
#6088 = DEFINITIONAL_REPRESENTATION('',(#6089),#6093);
#6089 = LINE('',#6090,#6091);
#6090 = CARTESIAN_POINT('',(37.,1.5));
#6091 = VECTOR('',#6092,1.);
#6092 = DIRECTION('',(0.,1.));
#6093 = ( GEOMETRIC_REPRESENTATION_CONTEXT(2) 
PARAMETRIC_REPRESENTATION_CONTEXT() REPRESENTATION_CONTEXT('2D SPACE',''
  ) );
#6094 = ADVANCED_FACE('',(#6095),#5961,.T.);
#6095 = FACE_BOUND('',#6096,.T.);
#6096 = EDGE_LOOP('',(#6097,#6098,#6099,#6100));
#6097 = ORIENTED_EDGE('',*,*,#5948,.F.);
#6098 = ORIENTED_EDGE('',*,*,#6075,.T.);
#6099 = ORIENTED_EDGE('',*,*,#6049,.T.);
#6100 = ORIENTED_EDGE('',*,*,#6001,.F.);
#6101 = ORIENTED_CLOSED_SHELL('',*,#6102,.F.);
#6102 = CLOSED_SHELL('',(#6103,#6219,#6294,#6342,#6390,#6416));
#6103 = ADVANCED_FACE('',(#6104),#6118,.T.);
#6104 = FACE_BOUND('',#6105,.T.);
#6105 = EDGE_LOOP('',(#6106,#6140,#6167,#6194));
#6106 = ORIENTED_EDGE('',*,*,#6107,.F.);
#6107 = EDGE_CURVE('',#6108,#6110,#6112,.T.);
#6108 = VERTEX_POINT('',#6109);
#6109 = CARTESIAN_POINT('',(-3.,13.,520.));
#6110 = VERTEX_POINT('',#6111);
#6111 = CARTESIAN_POINT('',(-37.,13.,520.));
#6112 = SURFACE_CURVE('',#6113,(#6117,#6129),.PCURVE_S1.);
#6113 = LINE('',#6114,#6115);
#6114 = CARTESIAN_POINT('',(-38.5,13.,520.));
#6115 = VECTOR('',#6116,1.);
#6116 = DIRECTION('',(-1.,-0.,0.));
#6117 = PCURVE('',#6118,#6123);
#6118 = PLANE('',#6119);
#6119 = AXIS2_PLACEMENT_3D('',#6120,#6121,#6122);
#6120 = CARTESIAN_POINT('',(-700.,-450.,520.));
#6121 = DIRECTION('',(0.,0.,1.));
#6122 = DIRECTION('',(1.,0.,-0.));
#6123 = DEFINITIONAL_REPRESENTATION('',(#6124),#6128);
#6124 = LINE('',#6125,#6126);
#6125 = CARTESIAN_POINT('',(661.5,463.));
#6126 = VECTOR('',#6127,1.);
#6127 = DIRECTION('',(-1.,0.));
#6128 = ( GEOMETRIC_REPRESENTATION_CONTEXT(2) 
PARAMETRIC_REPRESENTATION_CONTEXT() REPRESENTATION_CONTEXT('2D SPACE',''
  ) );
#6129 = PCURVE('',#6130,#6135);
#6130 = PLANE('',#6131);
#6131 = AXIS2_PLACEMENT_3D('',#6132,#6133,#6134);
#6132 = CARTESIAN_POINT('',(-37.,13.,39.));
#6133 = DIRECTION('',(-0.,1.,0.));
#6134 = DIRECTION('',(0.,0.,1.));
#6135 = DEFINITIONAL_REPRESENTATION('',(#6136),#6139);
#6136 = B_SPLINE_CURVE_WITH_KNOTS('',1,(#6137,#6138),.UNSPECIFIED.,.F.,
  .F.,(2,2),(-35.5,-1.5),.PIECEWISE_BEZIER_KNOTS.);
#6137 = CARTESIAN_POINT('',(481.,34.));
#6138 = CARTESIAN_POINT('',(481.,0.));
#6139 = ( GEOMETRIC_REPRESENTATION_CONTEXT(2) 
PARAMETRIC_REPRESENTATION_CONTEXT() REPRESENTATION_CONTEXT('2D SPACE',''
  ) );
#6140 = ORIENTED_EDGE('',*,*,#6141,.T.);
#6141 = EDGE_CURVE('',#6108,#6142,#6144,.T.);
#6142 = VERTEX_POINT('',#6143);
#6143 = CARTESIAN_POINT('',(-3.,47.,520.));
#6144 = SURFACE_CURVE('',#6145,(#6149,#6156),.PCURVE_S1.);
#6145 = LINE('',#6146,#6147);
#6146 = CARTESIAN_POINT('',(-3.,11.5,520.));
#6147 = VECTOR('',#6148,1.);
#6148 = DIRECTION('',(-0.,1.,0.));
#6149 = PCURVE('',#6118,#6150);
#6150 = DEFINITIONAL_REPRESENTATION('',(#6151),#6155);
#6151 = LINE('',#6152,#6153);
#6152 = CARTESIAN_POINT('',(697.,461.5));
#6153 = VECTOR('',#6154,1.);
#6154 = DIRECTION('',(0.,1.));
#6155 = ( GEOMETRIC_REPRESENTATION_CONTEXT(2) 
PARAMETRIC_REPRESENTATION_CONTEXT() REPRESENTATION_CONTEXT('2D SPACE',''
  ) );
#6156 = PCURVE('',#6157,#6162);
#6157 = PLANE('',#6158);
#6158 = AXIS2_PLACEMENT_3D('',#6159,#6160,#6161);
#6159 = CARTESIAN_POINT('',(-3.,13.,39.));
#6160 = DIRECTION('',(1.,0.,-0.));
#6161 = DIRECTION('',(0.,0.,1.));
#6162 = DEFINITIONAL_REPRESENTATION('',(#6163),#6166);
#6163 = B_SPLINE_CURVE_WITH_KNOTS('',1,(#6164,#6165),.UNSPECIFIED.,.F.,
  .F.,(2,2),(1.5,35.5),.PIECEWISE_BEZIER_KNOTS.);
#6164 = CARTESIAN_POINT('',(481.,0.));
#6165 = CARTESIAN_POINT('',(481.,-34.));
#6166 = ( GEOMETRIC_REPRESENTATION_CONTEXT(2) 
PARAMETRIC_REPRESENTATION_CONTEXT() REPRESENTATION_CONTEXT('2D SPACE',''
  ) );
#6167 = ORIENTED_EDGE('',*,*,#6168,.T.);
#6168 = EDGE_CURVE('',#6142,#6169,#6171,.T.);
#6169 = VERTEX_POINT('',#6170);
#6170 = CARTESIAN_POINT('',(-37.,47.,520.));
#6171 = SURFACE_CURVE('',#6172,(#6176,#6183),.PCURVE_S1.);
#6172 = LINE('',#6173,#6174);
#6173 = CARTESIAN_POINT('',(-38.5,47.,520.));
#6174 = VECTOR('',#6175,1.);
#6175 = DIRECTION('',(-1.,-0.,0.));
#6176 = PCURVE('',#6118,#6177);
#6177 = DEFINITIONAL_REPRESENTATION('',(#6178),#6182);
#6178 = LINE('',#6179,#6180);
#6179 = CARTESIAN_POINT('',(661.5,497.));
#6180 = VECTOR('',#6181,1.);
#6181 = DIRECTION('',(-1.,0.));
#6182 = ( GEOMETRIC_REPRESENTATION_CONTEXT(2) 
PARAMETRIC_REPRESENTATION_CONTEXT() REPRESENTATION_CONTEXT('2D SPACE',''
  ) );
#6183 = PCURVE('',#6184,#6189);
#6184 = PLANE('',#6185);
#6185 = AXIS2_PLACEMENT_3D('',#6186,#6187,#6188);
#6186 = CARTESIAN_POINT('',(-37.,47.,39.));
#6187 = DIRECTION('',(-0.,1.,0.));
#6188 = DIRECTION('',(0.,0.,1.));
#6189 = DEFINITIONAL_REPRESENTATION('',(#6190),#6193);
#6190 = B_SPLINE_CURVE_WITH_KNOTS('',1,(#6191,#6192),.UNSPECIFIED.,.F.,
  .F.,(2,2),(-35.5,-1.5),.PIECEWISE_BEZIER_KNOTS.);
#6191 = CARTESIAN_POINT('',(481.,34.));
#6192 = CARTESIAN_POINT('',(481.,0.));
#6193 = ( GEOMETRIC_REPRESENTATION_CONTEXT(2) 
PARAMETRIC_REPRESENTATION_CONTEXT() REPRESENTATION_CONTEXT('2D SPACE',''
  ) );
#6194 = ORIENTED_EDGE('',*,*,#6195,.F.);
#6195 = EDGE_CURVE('',#6110,#6169,#6196,.T.);
#6196 = SURFACE_CURVE('',#6197,(#6201,#6208),.PCURVE_S1.);
#6197 = LINE('',#6198,#6199);
#6198 = CARTESIAN_POINT('',(-37.,11.5,520.));
#6199 = VECTOR('',#6200,1.);
#6200 = DIRECTION('',(-0.,1.,0.));
#6201 = PCURVE('',#6118,#6202);
#6202 = DEFINITIONAL_REPRESENTATION('',(#6203),#6207);
#6203 = LINE('',#6204,#6205);
#6204 = CARTESIAN_POINT('',(663.,461.5));
#6205 = VECTOR('',#6206,1.);
#6206 = DIRECTION('',(0.,1.));
#6207 = ( GEOMETRIC_REPRESENTATION_CONTEXT(2) 
PARAMETRIC_REPRESENTATION_CONTEXT() REPRESENTATION_CONTEXT('2D SPACE',''
  ) );
#6208 = PCURVE('',#6209,#6214);
#6209 = PLANE('',#6210);
#6210 = AXIS2_PLACEMENT_3D('',#6211,#6212,#6213);
#6211 = CARTESIAN_POINT('',(-37.,13.,39.));
#6212 = DIRECTION('',(1.,0.,-0.));
#6213 = DIRECTION('',(0.,0.,1.));
#6214 = DEFINITIONAL_REPRESENTATION('',(#6215),#6218);
#6215 = B_SPLINE_CURVE_WITH_KNOTS('',1,(#6216,#6217),.UNSPECIFIED.,.F.,
  .F.,(2,2),(1.5,35.5),.PIECEWISE_BEZIER_KNOTS.);
#6216 = CARTESIAN_POINT('',(481.,0.));
#6217 = CARTESIAN_POINT('',(481.,-34.));
#6218 = ( GEOMETRIC_REPRESENTATION_CONTEXT(2) 
PARAMETRIC_REPRESENTATION_CONTEXT() REPRESENTATION_CONTEXT('2D SPACE',''
  ) );
#6219 = ADVANCED_FACE('',(#6220),#6130,.F.);
#6220 = FACE_BOUND('',#6221,.F.);
#6221 = EDGE_LOOP('',(#6222,#6245,#6272,#6293));
#6222 = ORIENTED_EDGE('',*,*,#6223,.F.);
#6223 = EDGE_CURVE('',#6224,#6108,#6226,.T.);
#6224 = VERTEX_POINT('',#6225);
#6225 = CARTESIAN_POINT('',(-3.,13.,40.));
#6226 = SURFACE_CURVE('',#6227,(#6231,#6238),.PCURVE_S1.);
#6227 = LINE('',#6228,#6229);
#6228 = CARTESIAN_POINT('',(-3.,13.,39.));
#6229 = VECTOR('',#6230,1.);
#6230 = DIRECTION('',(0.,0.,1.));
#6231 = PCURVE('',#6130,#6232);
#6232 = DEFINITIONAL_REPRESENTATION('',(#6233),#6237);
#6233 = LINE('',#6234,#6235);
#6234 = CARTESIAN_POINT('',(0.,34.));
#6235 = VECTOR('',#6236,1.);
#6236 = DIRECTION('',(1.,0.));
#6237 = ( GEOMETRIC_REPRESENTATION_CONTEXT(2) 
PARAMETRIC_REPRESENTATION_CONTEXT() REPRESENTATION_CONTEXT('2D SPACE',''
  ) );
#6238 = PCURVE('',#6157,#6239);
#6239 = DEFINITIONAL_REPRESENTATION('',(#6240),#6244);
#6240 = LINE('',#6241,#6242);
#6241 = CARTESIAN_POINT('',(0.,0.));
#6242 = VECTOR('',#6243,1.);
#6243 = DIRECTION('',(1.,0.));
#6244 = ( GEOMETRIC_REPRESENTATION_CONTEXT(2) 
PARAMETRIC_REPRESENTATION_CONTEXT() REPRESENTATION_CONTEXT('2D SPACE',''
  ) );
#6245 = ORIENTED_EDGE('',*,*,#6246,.T.);
#6246 = EDGE_CURVE('',#6224,#6247,#6249,.T.);
#6247 = VERTEX_POINT('',#6248);
#6248 = CARTESIAN_POINT('',(-37.,13.,40.));
#6249 = SURFACE_CURVE('',#6250,(#6254,#6260),.PCURVE_S1.);
#6250 = LINE('',#6251,#6252);
#6251 = CARTESIAN_POINT('',(-38.5,13.,40.));
#6252 = VECTOR('',#6253,1.);
#6253 = DIRECTION('',(-1.,-0.,0.));
#6254 = PCURVE('',#6130,#6255);
#6255 = DEFINITIONAL_REPRESENTATION('',(#6256),#6259);
#6256 = B_SPLINE_CURVE_WITH_KNOTS('',1,(#6257,#6258),.UNSPECIFIED.,.F.,
  .F.,(2,2),(-35.5,-1.5),.PIECEWISE_BEZIER_KNOTS.);
#6257 = CARTESIAN_POINT('',(1.,34.));
#6258 = CARTESIAN_POINT('',(1.,0.));
#6259 = ( GEOMETRIC_REPRESENTATION_CONTEXT(2) 
PARAMETRIC_REPRESENTATION_CONTEXT() REPRESENTATION_CONTEXT('2D SPACE',''
  ) );
#6260 = PCURVE('',#6261,#6266);
#6261 = PLANE('',#6262);
#6262 = AXIS2_PLACEMENT_3D('',#6263,#6264,#6265);
#6263 = CARTESIAN_POINT('',(-700.,-450.,40.));
#6264 = DIRECTION('',(0.,0.,1.));
#6265 = DIRECTION('',(1.,0.,-0.));
#6266 = DEFINITIONAL_REPRESENTATION('',(#6267),#6271);
#6267 = LINE('',#6268,#6269);
#6268 = CARTESIAN_POINT('',(661.5,463.));
#6269 = VECTOR('',#6270,1.);
#6270 = DIRECTION('',(-1.,0.));
#6271 = ( GEOMETRIC_REPRESENTATION_CONTEXT(2) 
PARAMETRIC_REPRESENTATION_CONTEXT() REPRESENTATION_CONTEXT('2D SPACE',''
  ) );
#6272 = ORIENTED_EDGE('',*,*,#6273,.T.);
#6273 = EDGE_CURVE('',#6247,#6110,#6274,.T.);
#6274 = SURFACE_CURVE('',#6275,(#6279,#6286),.PCURVE_S1.);
#6275 = LINE('',#6276,#6277);
#6276 = CARTESIAN_POINT('',(-37.,13.,39.));
#6277 = VECTOR('',#6278,1.);
#6278 = DIRECTION('',(0.,0.,1.));
#6279 = PCURVE('',#6130,#6280);
#6280 = DEFINITIONAL_REPRESENTATION('',(#6281),#6285);
#6281 = LINE('',#6282,#6283);
#6282 = CARTESIAN_POINT('',(0.,0.));
#6283 = VECTOR('',#6284,1.);
#6284 = DIRECTION('',(1.,0.));
#6285 = ( GEOMETRIC_REPRESENTATION_CONTEXT(2) 
PARAMETRIC_REPRESENTATION_CONTEXT() REPRESENTATION_CONTEXT('2D SPACE',''
  ) );
#6286 = PCURVE('',#6209,#6287);
#6287 = DEFINITIONAL_REPRESENTATION('',(#6288),#6292);
#6288 = LINE('',#6289,#6290);
#6289 = CARTESIAN_POINT('',(0.,0.));
#6290 = VECTOR('',#6291,1.);
#6291 = DIRECTION('',(1.,0.));
#6292 = ( GEOMETRIC_REPRESENTATION_CONTEXT(2) 
PARAMETRIC_REPRESENTATION_CONTEXT() REPRESENTATION_CONTEXT('2D SPACE',''
  ) );
#6293 = ORIENTED_EDGE('',*,*,#6107,.F.);
#6294 = ADVANCED_FACE('',(#6295),#6209,.F.);
#6295 = FACE_BOUND('',#6296,.F.);
#6296 = EDGE_LOOP('',(#6297,#6298,#6320,#6341));
#6297 = ORIENTED_EDGE('',*,*,#6273,.F.);
#6298 = ORIENTED_EDGE('',*,*,#6299,.T.);
#6299 = EDGE_CURVE('',#6247,#6300,#6302,.T.);
#6300 = VERTEX_POINT('',#6301);
#6301 = CARTESIAN_POINT('',(-37.,47.,40.));
#6302 = SURFACE_CURVE('',#6303,(#6307,#6313),.PCURVE_S1.);
#6303 = LINE('',#6304,#6305);
#6304 = CARTESIAN_POINT('',(-37.,11.5,40.));
#6305 = VECTOR('',#6306,1.);
#6306 = DIRECTION('',(-0.,1.,0.));
#6307 = PCURVE('',#6209,#6308);
#6308 = DEFINITIONAL_REPRESENTATION('',(#6309),#6312);
#6309 = B_SPLINE_CURVE_WITH_KNOTS('',1,(#6310,#6311),.UNSPECIFIED.,.F.,
  .F.,(2,2),(1.5,35.5),.PIECEWISE_BEZIER_KNOTS.);
#6310 = CARTESIAN_POINT('',(1.,0.));
#6311 = CARTESIAN_POINT('',(1.,-34.));
#6312 = ( GEOMETRIC_REPRESENTATION_CONTEXT(2) 
PARAMETRIC_REPRESENTATION_CONTEXT() REPRESENTATION_CONTEXT('2D SPACE',''
  ) );
#6313 = PCURVE('',#6261,#6314);
#6314 = DEFINITIONAL_REPRESENTATION('',(#6315),#6319);
#6315 = LINE('',#6316,#6317);
#6316 = CARTESIAN_POINT('',(663.,461.5));
#6317 = VECTOR('',#6318,1.);
#6318 = DIRECTION('',(0.,1.));
#6319 = ( GEOMETRIC_REPRESENTATION_CONTEXT(2) 
PARAMETRIC_REPRESENTATION_CONTEXT() REPRESENTATION_CONTEXT('2D SPACE',''
  ) );
#6320 = ORIENTED_EDGE('',*,*,#6321,.T.);
#6321 = EDGE_CURVE('',#6300,#6169,#6322,.T.);
#6322 = SURFACE_CURVE('',#6323,(#6327,#6334),.PCURVE_S1.);
#6323 = LINE('',#6324,#6325);
#6324 = CARTESIAN_POINT('',(-37.,47.,39.));
#6325 = VECTOR('',#6326,1.);
#6326 = DIRECTION('',(0.,0.,1.));
#6327 = PCURVE('',#6209,#6328);
#6328 = DEFINITIONAL_REPRESENTATION('',(#6329),#6333);
#6329 = LINE('',#6330,#6331);
#6330 = CARTESIAN_POINT('',(0.,-34.));
#6331 = VECTOR('',#6332,1.);
#6332 = DIRECTION('',(1.,0.));
#6333 = ( GEOMETRIC_REPRESENTATION_CONTEXT(2) 
PARAMETRIC_REPRESENTATION_CONTEXT() REPRESENTATION_CONTEXT('2D SPACE',''
  ) );
#6334 = PCURVE('',#6184,#6335);
#6335 = DEFINITIONAL_REPRESENTATION('',(#6336),#6340);
#6336 = LINE('',#6337,#6338);
#6337 = CARTESIAN_POINT('',(0.,0.));
#6338 = VECTOR('',#6339,1.);
#6339 = DIRECTION('',(1.,0.));
#6340 = ( GEOMETRIC_REPRESENTATION_CONTEXT(2) 
PARAMETRIC_REPRESENTATION_CONTEXT() REPRESENTATION_CONTEXT('2D SPACE',''
  ) );
#6341 = ORIENTED_EDGE('',*,*,#6195,.F.);
#6342 = ADVANCED_FACE('',(#6343),#6184,.T.);
#6343 = FACE_BOUND('',#6344,.T.);
#6344 = EDGE_LOOP('',(#6345,#6368,#6388,#6389));
#6345 = ORIENTED_EDGE('',*,*,#6346,.F.);
#6346 = EDGE_CURVE('',#6347,#6142,#6349,.T.);
#6347 = VERTEX_POINT('',#6348);
#6348 = CARTESIAN_POINT('',(-3.,47.,40.));
#6349 = SURFACE_CURVE('',#6350,(#6354,#6361),.PCURVE_S1.);
#6350 = LINE('',#6351,#6352);
#6351 = CARTESIAN_POINT('',(-3.,47.,39.));
#6352 = VECTOR('',#6353,1.);
#6353 = DIRECTION('',(0.,0.,1.));
#6354 = PCURVE('',#6184,#6355);
#6355 = DEFINITIONAL_REPRESENTATION('',(#6356),#6360);
#6356 = LINE('',#6357,#6358);
#6357 = CARTESIAN_POINT('',(0.,34.));
#6358 = VECTOR('',#6359,1.);
#6359 = DIRECTION('',(1.,0.));
#6360 = ( GEOMETRIC_REPRESENTATION_CONTEXT(2) 
PARAMETRIC_REPRESENTATION_CONTEXT() REPRESENTATION_CONTEXT('2D SPACE',''
  ) );
#6361 = PCURVE('',#6157,#6362);
#6362 = DEFINITIONAL_REPRESENTATION('',(#6363),#6367);
#6363 = LINE('',#6364,#6365);
#6364 = CARTESIAN_POINT('',(0.,-34.));
#6365 = VECTOR('',#6366,1.);
#6366 = DIRECTION('',(1.,0.));
#6367 = ( GEOMETRIC_REPRESENTATION_CONTEXT(2) 
PARAMETRIC_REPRESENTATION_CONTEXT() REPRESENTATION_CONTEXT('2D SPACE',''
  ) );
#6368 = ORIENTED_EDGE('',*,*,#6369,.T.);
#6369 = EDGE_CURVE('',#6347,#6300,#6370,.T.);
#6370 = SURFACE_CURVE('',#6371,(#6375,#6381),.PCURVE_S1.);
#6371 = LINE('',#6372,#6373);
#6372 = CARTESIAN_POINT('',(-38.5,47.,40.));
#6373 = VECTOR('',#6374,1.);
#6374 = DIRECTION('',(-1.,-0.,0.));
#6375 = PCURVE('',#6184,#6376);
#6376 = DEFINITIONAL_REPRESENTATION('',(#6377),#6380);
#6377 = B_SPLINE_CURVE_WITH_KNOTS('',1,(#6378,#6379),.UNSPECIFIED.,.F.,
  .F.,(2,2),(-35.5,-1.5),.PIECEWISE_BEZIER_KNOTS.);
#6378 = CARTESIAN_POINT('',(1.,34.));
#6379 = CARTESIAN_POINT('',(1.,0.));
#6380 = ( GEOMETRIC_REPRESENTATION_CONTEXT(2) 
PARAMETRIC_REPRESENTATION_CONTEXT() REPRESENTATION_CONTEXT('2D SPACE',''
  ) );
#6381 = PCURVE('',#6261,#6382);
#6382 = DEFINITIONAL_REPRESENTATION('',(#6383),#6387);
#6383 = LINE('',#6384,#6385);
#6384 = CARTESIAN_POINT('',(661.5,497.));
#6385 = VECTOR('',#6386,1.);
#6386 = DIRECTION('',(-1.,0.));
#6387 = ( GEOMETRIC_REPRESENTATION_CONTEXT(2) 
PARAMETRIC_REPRESENTATION_CONTEXT() REPRESENTATION_CONTEXT('2D SPACE',''
  ) );
#6388 = ORIENTED_EDGE('',*,*,#6321,.T.);
#6389 = ORIENTED_EDGE('',*,*,#6168,.F.);
#6390 = ADVANCED_FACE('',(#6391),#6157,.T.);
#6391 = FACE_BOUND('',#6392,.T.);
#6392 = EDGE_LOOP('',(#6393,#6394,#6414,#6415));
#6393 = ORIENTED_EDGE('',*,*,#6223,.F.);
#6394 = ORIENTED_EDGE('',*,*,#6395,.T.);
#6395 = EDGE_CURVE('',#6224,#6347,#6396,.T.);
#6396 = SURFACE_CURVE('',#6397,(#6401,#6407),.PCURVE_S1.);
#6397 = LINE('',#6398,#6399);
#6398 = CARTESIAN_POINT('',(-3.,11.5,40.));
#6399 = VECTOR('',#6400,1.);
#6400 = DIRECTION('',(-0.,1.,0.));
#6401 = PCURVE('',#6157,#6402);
#6402 = DEFINITIONAL_REPRESENTATION('',(#6403),#6406);
#6403 = B_SPLINE_CURVE_WITH_KNOTS('',1,(#6404,#6405),.UNSPECIFIED.,.F.,
  .F.,(2,2),(1.5,35.5),.PIECEWISE_BEZIER_KNOTS.);
#6404 = CARTESIAN_POINT('',(1.,0.));
#6405 = CARTESIAN_POINT('',(1.,-34.));
#6406 = ( GEOMETRIC_REPRESENTATION_CONTEXT(2) 
PARAMETRIC_REPRESENTATION_CONTEXT() REPRESENTATION_CONTEXT('2D SPACE',''
  ) );
#6407 = PCURVE('',#6261,#6408);
#6408 = DEFINITIONAL_REPRESENTATION('',(#6409),#6413);
#6409 = LINE('',#6410,#6411);
#6410 = CARTESIAN_POINT('',(697.,461.5));
#6411 = VECTOR('',#6412,1.);
#6412 = DIRECTION('',(0.,1.));
#6413 = ( GEOMETRIC_REPRESENTATION_CONTEXT(2) 
PARAMETRIC_REPRESENTATION_CONTEXT() REPRESENTATION_CONTEXT('2D SPACE',''
  ) );
#6414 = ORIENTED_EDGE('',*,*,#6346,.T.);
#6415 = ORIENTED_EDGE('',*,*,#6141,.F.);
#6416 = ADVANCED_FACE('',(#6417),#6261,.F.);
#6417 = FACE_BOUND('',#6418,.F.);
#6418 = EDGE_LOOP('',(#6419,#6420,#6421,#6422));
#6419 = ORIENTED_EDGE('',*,*,#6246,.F.);
#6420 = ORIENTED_EDGE('',*,*,#6395,.T.);
#6421 = ORIENTED_EDGE('',*,*,#6369,.T.);
#6422 = ORIENTED_EDGE('',*,*,#6299,.F.);
#6423 = ORIENTED_CLOSED_SHELL('',*,#6424,.F.);
#6424 = CLOSED_SHELL('',(#6425,#6541,#6616,#6664,#6712,#6738));
#6425 = ADVANCED_FACE('',(#6426),#6440,.T.);
#6426 = FACE_BOUND('',#6427,.T.);
#6427 = EDGE_LOOP('',(#6428,#6462,#6489,#6516));
#6428 = ORIENTED_EDGE('',*,*,#6429,.F.);
#6429 = EDGE_CURVE('',#6430,#6432,#6434,.T.);
#6430 = VERTEX_POINT('',#6431);
#6431 = CARTESIAN_POINT('',(-37.,10.,557.));
#6432 = VERTEX_POINT('',#6433);
#6433 = CARTESIAN_POINT('',(-37.,10.,523.));
#6434 = SURFACE_CURVE('',#6435,(#6439,#6451),.PCURVE_S1.);
#6435 = LINE('',#6436,#6437);
#6436 = CARTESIAN_POINT('',(-37.,10.,521.5));
#6437 = VECTOR('',#6438,1.);
#6438 = DIRECTION('',(-0.,0.,-1.));
#6439 = PCURVE('',#6440,#6445);
#6440 = PLANE('',#6441);
#6441 = AXIS2_PLACEMENT_3D('',#6442,#6443,#6444);
#6442 = CARTESIAN_POINT('',(-700.,10.,520.));
#6443 = DIRECTION('',(-0.,1.,0.));
#6444 = DIRECTION('',(0.,0.,1.));
#6445 = DEFINITIONAL_REPRESENTATION('',(#6446),#6450);
#6446 = LINE('',#6447,#6448);
#6447 = CARTESIAN_POINT('',(1.5,663.));
#6448 = VECTOR('',#6449,1.);
#6449 = DIRECTION('',(-1.,0.));
#6450 = ( GEOMETRIC_REPRESENTATION_CONTEXT(2) 
PARAMETRIC_REPRESENTATION_CONTEXT() REPRESENTATION_CONTEXT('2D SPACE',''
  ) );
#6451 = PCURVE('',#6452,#6457);
#6452 = PLANE('',#6453);
#6453 = AXIS2_PLACEMENT_3D('',#6454,#6455,#6456);
#6454 = CARTESIAN_POINT('',(-37.,-411.,523.));
#6455 = DIRECTION('',(1.,0.,-0.));
#6456 = DIRECTION('',(0.,0.,1.));
#6457 = DEFINITIONAL_REPRESENTATION('',(#6458),#6461);
#6458 = B_SPLINE_CURVE_WITH_KNOTS('',1,(#6459,#6460),.UNSPECIFIED.,.F.,
  .F.,(2,2),(-35.5,-1.5),.PIECEWISE_BEZIER_KNOTS.);
#6459 = CARTESIAN_POINT('',(34.,-421.));
#6460 = CARTESIAN_POINT('',(0.,-421.));
#6461 = ( GEOMETRIC_REPRESENTATION_CONTEXT(2) 
PARAMETRIC_REPRESENTATION_CONTEXT() REPRESENTATION_CONTEXT('2D SPACE',''
  ) );
#6462 = ORIENTED_EDGE('',*,*,#6463,.T.);
#6463 = EDGE_CURVE('',#6430,#6464,#6466,.T.);
#6464 = VERTEX_POINT('',#6465);
#6465 = CARTESIAN_POINT('',(-3.,10.,557.));
#6466 = SURFACE_CURVE('',#6467,(#6471,#6478),.PCURVE_S1.);
#6467 = LINE('',#6468,#6469);
#6468 = CARTESIAN_POINT('',(-38.5,10.,557.));
#6469 = VECTOR('',#6470,1.);
#6470 = DIRECTION('',(1.,0.,-0.));
#6471 = PCURVE('',#6440,#6472);
#6472 = DEFINITIONAL_REPRESENTATION('',(#6473),#6477);
#6473 = LINE('',#6474,#6475);
#6474 = CARTESIAN_POINT('',(37.,661.5));
#6475 = VECTOR('',#6476,1.);
#6476 = DIRECTION('',(0.,1.));
#6477 = ( GEOMETRIC_REPRESENTATION_CONTEXT(2) 
PARAMETRIC_REPRESENTATION_CONTEXT() REPRESENTATION_CONTEXT('2D SPACE',''
  ) );
#6478 = PCURVE('',#6479,#6484);
#6479 = PLANE('',#6480);
#6480 = AXIS2_PLACEMENT_3D('',#6481,#6482,#6483);
#6481 = CARTESIAN_POINT('',(-37.,-411.,557.));
#6482 = DIRECTION('',(0.,0.,1.));
#6483 = DIRECTION('',(1.,0.,-0.));
#6484 = DEFINITIONAL_REPRESENTATION('',(#6485),#6488);
#6485 = B_SPLINE_CURVE_WITH_KNOTS('',1,(#6486,#6487),.UNSPECIFIED.,.F.,
  .F.,(2,2),(1.5,35.5),.PIECEWISE_BEZIER_KNOTS.);
#6486 = CARTESIAN_POINT('',(0.,421.));
#6487 = CARTESIAN_POINT('',(34.,421.));
#6488 = ( GEOMETRIC_REPRESENTATION_CONTEXT(2) 
PARAMETRIC_REPRESENTATION_CONTEXT() REPRESENTATION_CONTEXT('2D SPACE',''
  ) );
#6489 = ORIENTED_EDGE('',*,*,#6490,.T.);
#6490 = EDGE_CURVE('',#6464,#6491,#6493,.T.);
#6491 = VERTEX_POINT('',#6492);
#6492 = CARTESIAN_POINT('',(-3.,10.,523.));
#6493 = SURFACE_CURVE('',#6494,(#6498,#6505),.PCURVE_S1.);
#6494 = LINE('',#6495,#6496);
#6495 = CARTESIAN_POINT('',(-3.,10.,521.5));
#6496 = VECTOR('',#6497,1.);
#6497 = DIRECTION('',(-0.,0.,-1.));
#6498 = PCURVE('',#6440,#6499);
#6499 = DEFINITIONAL_REPRESENTATION('',(#6500),#6504);
#6500 = LINE('',#6501,#6502);
#6501 = CARTESIAN_POINT('',(1.5,697.));
#6502 = VECTOR('',#6503,1.);
#6503 = DIRECTION('',(-1.,0.));
#6504 = ( GEOMETRIC_REPRESENTATION_CONTEXT(2) 
PARAMETRIC_REPRESENTATION_CONTEXT() REPRESENTATION_CONTEXT('2D SPACE',''
  ) );
#6505 = PCURVE('',#6506,#6511);
#6506 = PLANE('',#6507);
#6507 = AXIS2_PLACEMENT_3D('',#6508,#6509,#6510);
#6508 = CARTESIAN_POINT('',(-3.,-411.,523.));
#6509 = DIRECTION('',(1.,0.,-0.));
#6510 = DIRECTION('',(0.,0.,1.));
#6511 = DEFINITIONAL_REPRESENTATION('',(#6512),#6515);
#6512 = B_SPLINE_CURVE_WITH_KNOTS('',1,(#6513,#6514),.UNSPECIFIED.,.F.,
  .F.,(2,2),(-35.5,-1.5),.PIECEWISE_BEZIER_KNOTS.);
#6513 = CARTESIAN_POINT('',(34.,-421.));
#6514 = CARTESIAN_POINT('',(0.,-421.));
#6515 = ( GEOMETRIC_REPRESENTATION_CONTEXT(2) 
PARAMETRIC_REPRESENTATION_CONTEXT() REPRESENTATION_CONTEXT('2D SPACE',''
  ) );
#6516 = ORIENTED_EDGE('',*,*,#6517,.F.);
#6517 = EDGE_CURVE('',#6432,#6491,#6518,.T.);
#6518 = SURFACE_CURVE('',#6519,(#6523,#6530),.PCURVE_S1.);
#6519 = LINE('',#6520,#6521);
#6520 = CARTESIAN_POINT('',(-38.5,10.,523.));
#6521 = VECTOR('',#6522,1.);
#6522 = DIRECTION('',(1.,0.,-0.));
#6523 = PCURVE('',#6440,#6524);
#6524 = DEFINITIONAL_REPRESENTATION('',(#6525),#6529);
#6525 = LINE('',#6526,#6527);
#6526 = CARTESIAN_POINT('',(3.,661.5));
#6527 = VECTOR('',#6528,1.);
#6528 = DIRECTION('',(0.,1.));
#6529 = ( GEOMETRIC_REPRESENTATION_CONTEXT(2) 
PARAMETRIC_REPRESENTATION_CONTEXT() REPRESENTATION_CONTEXT('2D SPACE',''
  ) );
#6530 = PCURVE('',#6531,#6536);
#6531 = PLANE('',#6532);
#6532 = AXIS2_PLACEMENT_3D('',#6533,#6534,#6535);
#6533 = CARTESIAN_POINT('',(-37.,-411.,523.));
#6534 = DIRECTION('',(0.,0.,1.));
#6535 = DIRECTION('',(1.,0.,-0.));
#6536 = DEFINITIONAL_REPRESENTATION('',(#6537),#6540);
#6537 = B_SPLINE_CURVE_WITH_KNOTS('',1,(#6538,#6539),.UNSPECIFIED.,.F.,
  .F.,(2,2),(1.5,35.5),.PIECEWISE_BEZIER_KNOTS.);
#6538 = CARTESIAN_POINT('',(0.,421.));
#6539 = CARTESIAN_POINT('',(34.,421.));
#6540 = ( GEOMETRIC_REPRESENTATION_CONTEXT(2) 
PARAMETRIC_REPRESENTATION_CONTEXT() REPRESENTATION_CONTEXT('2D SPACE',''
  ) );
#6541 = ADVANCED_FACE('',(#6542),#6452,.F.);
#6542 = FACE_BOUND('',#6543,.F.);
#6543 = EDGE_LOOP('',(#6544,#6567,#6594,#6615));
#6544 = ORIENTED_EDGE('',*,*,#6545,.F.);
#6545 = EDGE_CURVE('',#6546,#6430,#6548,.T.);
#6546 = VERTEX_POINT('',#6547);
#6547 = CARTESIAN_POINT('',(-37.,-410.,557.));
#6548 = SURFACE_CURVE('',#6549,(#6553,#6560),.PCURVE_S1.);
#6549 = LINE('',#6550,#6551);
#6550 = CARTESIAN_POINT('',(-37.,-411.,557.));
#6551 = VECTOR('',#6552,1.);
#6552 = DIRECTION('',(-0.,1.,0.));
#6553 = PCURVE('',#6452,#6554);
#6554 = DEFINITIONAL_REPRESENTATION('',(#6555),#6559);
#6555 = LINE('',#6556,#6557);
#6556 = CARTESIAN_POINT('',(34.,0.));
#6557 = VECTOR('',#6558,1.);
#6558 = DIRECTION('',(0.,-1.));
#6559 = ( GEOMETRIC_REPRESENTATION_CONTEXT(2) 
PARAMETRIC_REPRESENTATION_CONTEXT() REPRESENTATION_CONTEXT('2D SPACE',''
  ) );
#6560 = PCURVE('',#6479,#6561);
#6561 = DEFINITIONAL_REPRESENTATION('',(#6562),#6566);
#6562 = LINE('',#6563,#6564);
#6563 = CARTESIAN_POINT('',(0.,0.));
#6564 = VECTOR('',#6565,1.);
#6565 = DIRECTION('',(0.,1.));
#6566 = ( GEOMETRIC_REPRESENTATION_CONTEXT(2) 
PARAMETRIC_REPRESENTATION_CONTEXT() REPRESENTATION_CONTEXT('2D SPACE',''
  ) );
#6567 = ORIENTED_EDGE('',*,*,#6568,.T.);
#6568 = EDGE_CURVE('',#6546,#6569,#6571,.T.);
#6569 = VERTEX_POINT('',#6570);
#6570 = CARTESIAN_POINT('',(-37.,-410.,523.));
#6571 = SURFACE_CURVE('',#6572,(#6576,#6582),.PCURVE_S1.);
#6572 = LINE('',#6573,#6574);
#6573 = CARTESIAN_POINT('',(-37.,-410.,521.5));
#6574 = VECTOR('',#6575,1.);
#6575 = DIRECTION('',(-0.,0.,-1.));
#6576 = PCURVE('',#6452,#6577);
#6577 = DEFINITIONAL_REPRESENTATION('',(#6578),#6581);
#6578 = B_SPLINE_CURVE_WITH_KNOTS('',1,(#6579,#6580),.UNSPECIFIED.,.F.,
  .F.,(2,2),(-35.5,-1.5),.PIECEWISE_BEZIER_KNOTS.);
#6579 = CARTESIAN_POINT('',(34.,-1.));
#6580 = CARTESIAN_POINT('',(0.,-1.));
#6581 = ( GEOMETRIC_REPRESENTATION_CONTEXT(2) 
PARAMETRIC_REPRESENTATION_CONTEXT() REPRESENTATION_CONTEXT('2D SPACE',''
  ) );
#6582 = PCURVE('',#6583,#6588);
#6583 = PLANE('',#6584);
#6584 = AXIS2_PLACEMENT_3D('',#6585,#6586,#6587);
#6585 = CARTESIAN_POINT('',(-700.,-410.,520.));
#6586 = DIRECTION('',(-0.,1.,0.));
#6587 = DIRECTION('',(0.,0.,1.));
#6588 = DEFINITIONAL_REPRESENTATION('',(#6589),#6593);
#6589 = LINE('',#6590,#6591);
#6590 = CARTESIAN_POINT('',(1.5,663.));
#6591 = VECTOR('',#6592,1.);
#6592 = DIRECTION('',(-1.,0.));
#6593 = ( GEOMETRIC_REPRESENTATION_CONTEXT(2) 
PARAMETRIC_REPRESENTATION_CONTEXT() REPRESENTATION_CONTEXT('2D SPACE',''
  ) );
#6594 = ORIENTED_EDGE('',*,*,#6595,.T.);
#6595 = EDGE_CURVE('',#6569,#6432,#6596,.T.);
#6596 = SURFACE_CURVE('',#6597,(#6601,#6608),.PCURVE_S1.);
#6597 = LINE('',#6598,#6599);
#6598 = CARTESIAN_POINT('',(-37.,-411.,523.));
#6599 = VECTOR('',#6600,1.);
#6600 = DIRECTION('',(-0.,1.,0.));
#6601 = PCURVE('',#6452,#6602);
#6602 = DEFINITIONAL_REPRESENTATION('',(#6603),#6607);
#6603 = LINE('',#6604,#6605);
#6604 = CARTESIAN_POINT('',(0.,0.));
#6605 = VECTOR('',#6606,1.);
#6606 = DIRECTION('',(0.,-1.));
#6607 = ( GEOMETRIC_REPRESENTATION_CONTEXT(2) 
PARAMETRIC_REPRESENTATION_CONTEXT() REPRESENTATION_CONTEXT('2D SPACE',''
  ) );
#6608 = PCURVE('',#6531,#6609);
#6609 = DEFINITIONAL_REPRESENTATION('',(#6610),#6614);
#6610 = LINE('',#6611,#6612);
#6611 = CARTESIAN_POINT('',(0.,0.));
#6612 = VECTOR('',#6613,1.);
#6613 = DIRECTION('',(0.,1.));
#6614 = ( GEOMETRIC_REPRESENTATION_CONTEXT(2) 
PARAMETRIC_REPRESENTATION_CONTEXT() REPRESENTATION_CONTEXT('2D SPACE',''
  ) );
#6615 = ORIENTED_EDGE('',*,*,#6429,.F.);
#6616 = ADVANCED_FACE('',(#6617),#6531,.F.);
#6617 = FACE_BOUND('',#6618,.F.);
#6618 = EDGE_LOOP('',(#6619,#6620,#6642,#6663));
#6619 = ORIENTED_EDGE('',*,*,#6595,.F.);
#6620 = ORIENTED_EDGE('',*,*,#6621,.T.);
#6621 = EDGE_CURVE('',#6569,#6622,#6624,.T.);
#6622 = VERTEX_POINT('',#6623);
#6623 = CARTESIAN_POINT('',(-3.,-410.,523.));
#6624 = SURFACE_CURVE('',#6625,(#6629,#6635),.PCURVE_S1.);
#6625 = LINE('',#6626,#6627);
#6626 = CARTESIAN_POINT('',(-38.5,-410.,523.));
#6627 = VECTOR('',#6628,1.);
#6628 = DIRECTION('',(1.,0.,-0.));
#6629 = PCURVE('',#6531,#6630);
#6630 = DEFINITIONAL_REPRESENTATION('',(#6631),#6634);
#6631 = B_SPLINE_CURVE_WITH_KNOTS('',1,(#6632,#6633),.UNSPECIFIED.,.F.,
  .F.,(2,2),(1.5,35.5),.PIECEWISE_BEZIER_KNOTS.);
#6632 = CARTESIAN_POINT('',(0.,1.));
#6633 = CARTESIAN_POINT('',(34.,1.));
#6634 = ( GEOMETRIC_REPRESENTATION_CONTEXT(2) 
PARAMETRIC_REPRESENTATION_CONTEXT() REPRESENTATION_CONTEXT('2D SPACE',''
  ) );
#6635 = PCURVE('',#6583,#6636);
#6636 = DEFINITIONAL_REPRESENTATION('',(#6637),#6641);
#6637 = LINE('',#6638,#6639);
#6638 = CARTESIAN_POINT('',(3.,661.5));
#6639 = VECTOR('',#6640,1.);
#6640 = DIRECTION('',(0.,1.));
#6641 = ( GEOMETRIC_REPRESENTATION_CONTEXT(2) 
PARAMETRIC_REPRESENTATION_CONTEXT() REPRESENTATION_CONTEXT('2D SPACE',''
  ) );
#6642 = ORIENTED_EDGE('',*,*,#6643,.T.);
#6643 = EDGE_CURVE('',#6622,#6491,#6644,.T.);
#6644 = SURFACE_CURVE('',#6645,(#6649,#6656),.PCURVE_S1.);
#6645 = LINE('',#6646,#6647);
#6646 = CARTESIAN_POINT('',(-3.,-411.,523.));
#6647 = VECTOR('',#6648,1.);
#6648 = DIRECTION('',(-0.,1.,0.));
#6649 = PCURVE('',#6531,#6650);
#6650 = DEFINITIONAL_REPRESENTATION('',(#6651),#6655);
#6651 = LINE('',#6652,#6653);
#6652 = CARTESIAN_POINT('',(34.,0.));
#6653 = VECTOR('',#6654,1.);
#6654 = DIRECTION('',(0.,1.));
#6655 = ( GEOMETRIC_REPRESENTATION_CONTEXT(2) 
PARAMETRIC_REPRESENTATION_CONTEXT() REPRESENTATION_CONTEXT('2D SPACE',''
  ) );
#6656 = PCURVE('',#6506,#6657);
#6657 = DEFINITIONAL_REPRESENTATION('',(#6658),#6662);
#6658 = LINE('',#6659,#6660);
#6659 = CARTESIAN_POINT('',(0.,0.));
#6660 = VECTOR('',#6661,1.);
#6661 = DIRECTION('',(0.,-1.));
#6662 = ( GEOMETRIC_REPRESENTATION_CONTEXT(2) 
PARAMETRIC_REPRESENTATION_CONTEXT() REPRESENTATION_CONTEXT('2D SPACE',''
  ) );
#6663 = ORIENTED_EDGE('',*,*,#6517,.F.);
#6664 = ADVANCED_FACE('',(#6665),#6506,.T.);
#6665 = FACE_BOUND('',#6666,.T.);
#6666 = EDGE_LOOP('',(#6667,#6690,#6710,#6711));
#6667 = ORIENTED_EDGE('',*,*,#6668,.F.);
#6668 = EDGE_CURVE('',#6669,#6464,#6671,.T.);
#6669 = VERTEX_POINT('',#6670);
#6670 = CARTESIAN_POINT('',(-3.,-410.,557.));
#6671 = SURFACE_CURVE('',#6672,(#6676,#6683),.PCURVE_S1.);
#6672 = LINE('',#6673,#6674);
#6673 = CARTESIAN_POINT('',(-3.,-411.,557.));
#6674 = VECTOR('',#6675,1.);
#6675 = DIRECTION('',(-0.,1.,0.));
#6676 = PCURVE('',#6506,#6677);
#6677 = DEFINITIONAL_REPRESENTATION('',(#6678),#6682);
#6678 = LINE('',#6679,#6680);
#6679 = CARTESIAN_POINT('',(34.,0.));
#6680 = VECTOR('',#6681,1.);
#6681 = DIRECTION('',(0.,-1.));
#6682 = ( GEOMETRIC_REPRESENTATION_CONTEXT(2) 
PARAMETRIC_REPRESENTATION_CONTEXT() REPRESENTATION_CONTEXT('2D SPACE',''
  ) );
#6683 = PCURVE('',#6479,#6684);
#6684 = DEFINITIONAL_REPRESENTATION('',(#6685),#6689);
#6685 = LINE('',#6686,#6687);
#6686 = CARTESIAN_POINT('',(34.,0.));
#6687 = VECTOR('',#6688,1.);
#6688 = DIRECTION('',(0.,1.));
#6689 = ( GEOMETRIC_REPRESENTATION_CONTEXT(2) 
PARAMETRIC_REPRESENTATION_CONTEXT() REPRESENTATION_CONTEXT('2D SPACE',''
  ) );
#6690 = ORIENTED_EDGE('',*,*,#6691,.T.);
#6691 = EDGE_CURVE('',#6669,#6622,#6692,.T.);
#6692 = SURFACE_CURVE('',#6693,(#6697,#6703),.PCURVE_S1.);
#6693 = LINE('',#6694,#6695);
#6694 = CARTESIAN_POINT('',(-3.,-410.,521.5));
#6695 = VECTOR('',#6696,1.);
#6696 = DIRECTION('',(-0.,0.,-1.));
#6697 = PCURVE('',#6506,#6698);
#6698 = DEFINITIONAL_REPRESENTATION('',(#6699),#6702);
#6699 = B_SPLINE_CURVE_WITH_KNOTS('',1,(#6700,#6701),.UNSPECIFIED.,.F.,
  .F.,(2,2),(-35.5,-1.5),.PIECEWISE_BEZIER_KNOTS.);
#6700 = CARTESIAN_POINT('',(34.,-1.));
#6701 = CARTESIAN_POINT('',(0.,-1.));
#6702 = ( GEOMETRIC_REPRESENTATION_CONTEXT(2) 
PARAMETRIC_REPRESENTATION_CONTEXT() REPRESENTATION_CONTEXT('2D SPACE',''
  ) );
#6703 = PCURVE('',#6583,#6704);
#6704 = DEFINITIONAL_REPRESENTATION('',(#6705),#6709);
#6705 = LINE('',#6706,#6707);
#6706 = CARTESIAN_POINT('',(1.5,697.));
#6707 = VECTOR('',#6708,1.);
#6708 = DIRECTION('',(-1.,0.));
#6709 = ( GEOMETRIC_REPRESENTATION_CONTEXT(2) 
PARAMETRIC_REPRESENTATION_CONTEXT() REPRESENTATION_CONTEXT('2D SPACE',''
  ) );
#6710 = ORIENTED_EDGE('',*,*,#6643,.T.);
#6711 = ORIENTED_EDGE('',*,*,#6490,.F.);
#6712 = ADVANCED_FACE('',(#6713),#6479,.T.);
#6713 = FACE_BOUND('',#6714,.T.);
#6714 = EDGE_LOOP('',(#6715,#6716,#6736,#6737));
#6715 = ORIENTED_EDGE('',*,*,#6545,.F.);
#6716 = ORIENTED_EDGE('',*,*,#6717,.T.);
#6717 = EDGE_CURVE('',#6546,#6669,#6718,.T.);
#6718 = SURFACE_CURVE('',#6719,(#6723,#6729),.PCURVE_S1.);
#6719 = LINE('',#6720,#6721);
#6720 = CARTESIAN_POINT('',(-38.5,-410.,557.));
#6721 = VECTOR('',#6722,1.);
#6722 = DIRECTION('',(1.,0.,-0.));
#6723 = PCURVE('',#6479,#6724);
#6724 = DEFINITIONAL_REPRESENTATION('',(#6725),#6728);
#6725 = B_SPLINE_CURVE_WITH_KNOTS('',1,(#6726,#6727),.UNSPECIFIED.,.F.,
  .F.,(2,2),(1.5,35.5),.PIECEWISE_BEZIER_KNOTS.);
#6726 = CARTESIAN_POINT('',(0.,1.));
#6727 = CARTESIAN_POINT('',(34.,1.));
#6728 = ( GEOMETRIC_REPRESENTATION_CONTEXT(2) 
PARAMETRIC_REPRESENTATION_CONTEXT() REPRESENTATION_CONTEXT('2D SPACE',''
  ) );
#6729 = PCURVE('',#6583,#6730);
#6730 = DEFINITIONAL_REPRESENTATION('',(#6731),#6735);
#6731 = LINE('',#6732,#6733);
#6732 = CARTESIAN_POINT('',(37.,661.5));
#6733 = VECTOR('',#6734,1.);
#6734 = DIRECTION('',(0.,1.));
#6735 = ( GEOMETRIC_REPRESENTATION_CONTEXT(2) 
PARAMETRIC_REPRESENTATION_CONTEXT() REPRESENTATION_CONTEXT('2D SPACE',''
  ) );
#6736 = ORIENTED_EDGE('',*,*,#6668,.T.);
#6737 = ORIENTED_EDGE('',*,*,#6463,.F.);
#6738 = ADVANCED_FACE('',(#6739),#6583,.F.);
#6739 = FACE_BOUND('',#6740,.F.);
#6740 = EDGE_LOOP('',(#6741,#6742,#6743,#6744));
#6741 = ORIENTED_EDGE('',*,*,#6568,.F.);
#6742 = ORIENTED_EDGE('',*,*,#6717,.T.);
#6743 = ORIENTED_EDGE('',*,*,#6691,.T.);
#6744 = ORIENTED_EDGE('',*,*,#6621,.F.);
#6745 = BREP_WITH_VOIDS('',#6746,(#10899,#11221,#11543,#11865,#12187,
    #12509,#12831,#13153));
#6746 = CLOSED_SHELL('',(#6747,#7521,#7823,#8006,#8145,#8262,#8311,#8365
    ,#8397,#8499,#8749,#8885,#8955,#9003,#9051,#9077,#9147,#9195,#9243,
    #9269,#9339,#9387,#9435,#9461,#9531,#9579,#9627,#9653,#9722,#9749,
    #9798,#9830,#9990,#10044,#10071,#10144,#10224,#10251,#10342,#10369,
    #10418,#10445,#10452,#10479,#10526,#10573,#10600,#10649,#10676,
    #10703,#10730,#10757,#10804,#10831,#10878,#10885,#10892));
#6747 = ADVANCED_FACE('',(#6748,#7081,#7191,#7301,#7411),#6762,.F.);
#6748 = FACE_BOUND('',#6749,.F.);
#6749 = EDGE_LOOP('',(#6750,#6785,#6813,#6841,#6869,#6897,#6925,#6953,
    #6981,#7009,#7032,#7060));
#6750 = ORIENTED_EDGE('',*,*,#6751,.F.);
#6751 = EDGE_CURVE('',#6752,#6754,#6756,.T.);
#6752 = VERTEX_POINT('',#6753);
#6753 = CARTESIAN_POINT('',(-700.,190.,0.));
#6754 = VERTEX_POINT('',#6755);
#6755 = CARTESIAN_POINT('',(-700.,190.,560.));
#6756 = SURFACE_CURVE('',#6757,(#6761,#6773),.PCURVE_S1.);
#6757 = LINE('',#6758,#6759);
#6758 = CARTESIAN_POINT('',(-700.,190.,0.));
#6759 = VECTOR('',#6760,1.);
#6760 = DIRECTION('',(0.,0.,1.));
#6761 = PCURVE('',#6762,#6767);
#6762 = PLANE('',#6763);
#6763 = AXIS2_PLACEMENT_3D('',#6764,#6765,#6766);
#6764 = CARTESIAN_POINT('',(-700.,190.,520.));
#6765 = DIRECTION('',(1.,0.,-0.));
#6766 = DIRECTION('',(0.,0.,1.));
#6767 = DEFINITIONAL_REPRESENTATION('',(#6768),#6772);
#6768 = LINE('',#6769,#6770);
#6769 = CARTESIAN_POINT('',(-520.,0.));
#6770 = VECTOR('',#6771,1.);
#6771 = DIRECTION('',(1.,0.));
#6772 = ( GEOMETRIC_REPRESENTATION_CONTEXT(2) 
PARAMETRIC_REPRESENTATION_CONTEXT() REPRESENTATION_CONTEXT('2D SPACE',''
  ) );
#6773 = PCURVE('',#6774,#6779);
#6774 = PLANE('',#6775);
#6775 = AXIS2_PLACEMENT_3D('',#6776,#6777,#6778);
#6776 = CARTESIAN_POINT('',(-700.,190.,520.));
#6777 = DIRECTION('',(-0.,1.,0.));
#6778 = DIRECTION('',(0.,0.,1.));
#6779 = DEFINITIONAL_REPRESENTATION('',(#6780),#6784);
#6780 = LINE('',#6781,#6782);
#6781 = CARTESIAN_POINT('',(-520.,0.));
#6782 = VECTOR('',#6783,1.);
#6783 = DIRECTION('',(1.,0.));
#6784 = ( GEOMETRIC_REPRESENTATION_CONTEXT(2) 
PARAMETRIC_REPRESENTATION_CONTEXT() REPRESENTATION_CONTEXT('2D SPACE',''
  ) );
#6785 = ORIENTED_EDGE('',*,*,#6786,.F.);
#6786 = EDGE_CURVE('',#6787,#6752,#6789,.T.);
#6787 = VERTEX_POINT('',#6788);
#6788 = CARTESIAN_POINT('',(-700.,690.,0.));
#6789 = SURFACE_CURVE('',#6790,(#6794,#6801),.PCURVE_S1.);
#6790 = LINE('',#6791,#6792);
#6791 = CARTESIAN_POINT('',(-700.,690.,0.));
#6792 = VECTOR('',#6793,1.);
#6793 = DIRECTION('',(0.,-1.,0.));
#6794 = PCURVE('',#6762,#6795);
#6795 = DEFINITIONAL_REPRESENTATION('',(#6796),#6800);
#6796 = LINE('',#6797,#6798);
#6797 = CARTESIAN_POINT('',(-520.,-500.));
#6798 = VECTOR('',#6799,1.);
#6799 = DIRECTION('',(0.,1.));
#6800 = ( GEOMETRIC_REPRESENTATION_CONTEXT(2) 
PARAMETRIC_REPRESENTATION_CONTEXT() REPRESENTATION_CONTEXT('2D SPACE',''
  ) );
#6801 = PCURVE('',#6802,#6807);
#6802 = PLANE('',#6803);
#6803 = AXIS2_PLACEMENT_3D('',#6804,#6805,#6806);
#6804 = CARTESIAN_POINT('',(-700.,190.,0.));
#6805 = DIRECTION('',(0.,0.,1.));
#6806 = DIRECTION('',(1.,0.,-0.));
#6807 = DEFINITIONAL_REPRESENTATION('',(#6808),#6812);
#6808 = LINE('',#6809,#6810);
#6809 = CARTESIAN_POINT('',(0.,500.));
#6810 = VECTOR('',#6811,1.);
#6811 = DIRECTION('',(0.,-1.));
#6812 = ( GEOMETRIC_REPRESENTATION_CONTEXT(2) 
PARAMETRIC_REPRESENTATION_CONTEXT() REPRESENTATION_CONTEXT('2D SPACE',''
  ) );
#6813 = ORIENTED_EDGE('',*,*,#6814,.F.);
#6814 = EDGE_CURVE('',#6815,#6787,#6817,.T.);
#6815 = VERTEX_POINT('',#6816);
#6816 = CARTESIAN_POINT('',(-700.,690.,560.));
#6817 = SURFACE_CURVE('',#6818,(#6822,#6829),.PCURVE_S1.);
#6818 = LINE('',#6819,#6820);
#6819 = CARTESIAN_POINT('',(-700.,690.,560.));
#6820 = VECTOR('',#6821,1.);
#6821 = DIRECTION('',(0.,0.,-1.));
#6822 = PCURVE('',#6762,#6823);
#6823 = DEFINITIONAL_REPRESENTATION('',(#6824),#6828);
#6824 = LINE('',#6825,#6826);
#6825 = CARTESIAN_POINT('',(40.,-500.));
#6826 = VECTOR('',#6827,1.);
#6827 = DIRECTION('',(-1.,0.));
#6828 = ( GEOMETRIC_REPRESENTATION_CONTEXT(2) 
PARAMETRIC_REPRESENTATION_CONTEXT() REPRESENTATION_CONTEXT('2D SPACE',''
  ) );
#6829 = PCURVE('',#6830,#6835);
#6830 = PLANE('',#6831);
#6831 = AXIS2_PLACEMENT_3D('',#6832,#6833,#6834);
#6832 = CARTESIAN_POINT('',(-700.,690.,0.));
#6833 = DIRECTION('',(-0.,1.,0.));
#6834 = DIRECTION('',(0.,0.,1.));
#6835 = DEFINITIONAL_REPRESENTATION('',(#6836),#6840);
#6836 = LINE('',#6837,#6838);
#6837 = CARTESIAN_POINT('',(560.,0.));
#6838 = VECTOR('',#6839,1.);
#6839 = DIRECTION('',(-1.,0.));
#6840 = ( GEOMETRIC_REPRESENTATION_CONTEXT(2) 
PARAMETRIC_REPRESENTATION_CONTEXT() REPRESENTATION_CONTEXT('2D SPACE',''
  ) );
#6841 = ORIENTED_EDGE('',*,*,#6842,.F.);
#6842 = EDGE_CURVE('',#6843,#6815,#6845,.T.);
#6843 = VERTEX_POINT('',#6844);
#6844 = CARTESIAN_POINT('',(-700.,445.,560.));
#6845 = SURFACE_CURVE('',#6846,(#6850,#6857),.PCURVE_S1.);
#6846 = LINE('',#6847,#6848);
#6847 = CARTESIAN_POINT('',(-700.,190.,560.));
#6848 = VECTOR('',#6849,1.);
#6849 = DIRECTION('',(0.,1.,0.));
#6850 = PCURVE('',#6762,#6851);
#6851 = DEFINITIONAL_REPRESENTATION('',(#6852),#6856);
#6852 = LINE('',#6853,#6854);
#6853 = CARTESIAN_POINT('',(40.,0.));
#6854 = VECTOR('',#6855,1.);
#6855 = DIRECTION('',(0.,-1.));
#6856 = ( GEOMETRIC_REPRESENTATION_CONTEXT(2) 
PARAMETRIC_REPRESENTATION_CONTEXT() REPRESENTATION_CONTEXT('2D SPACE',''
  ) );
#6857 = PCURVE('',#6858,#6863);
#6858 = PLANE('',#6859);
#6859 = AXIS2_PLACEMENT_3D('',#6860,#6861,#6862);
#6860 = CARTESIAN_POINT('',(-700.,190.,560.));
#6861 = DIRECTION('',(0.,0.,1.));
#6862 = DIRECTION('',(1.,0.,-0.));
#6863 = DEFINITIONAL_REPRESENTATION('',(#6864),#6868);
#6864 = LINE('',#6865,#6866);
#6865 = CARTESIAN_POINT('',(0.,0.));
#6866 = VECTOR('',#6867,1.);
#6867 = DIRECTION('',(0.,1.));
#6868 = ( GEOMETRIC_REPRESENTATION_CONTEXT(2) 
PARAMETRIC_REPRESENTATION_CONTEXT() REPRESENTATION_CONTEXT('2D SPACE',''
  ) );
#6869 = ORIENTED_EDGE('',*,*,#6870,.F.);
#6870 = EDGE_CURVE('',#6871,#6843,#6873,.T.);
#6871 = VERTEX_POINT('',#6872);
#6872 = CARTESIAN_POINT('',(-700.,445.,520.));
#6873 = SURFACE_CURVE('',#6874,(#6878,#6885),.PCURVE_S1.);
#6874 = LINE('',#6875,#6876);
#6875 = CARTESIAN_POINT('',(-700.,445.,520.));
#6876 = VECTOR('',#6877,1.);
#6877 = DIRECTION('',(0.,0.,1.));
#6878 = PCURVE('',#6762,#6879);
#6879 = DEFINITIONAL_REPRESENTATION('',(#6880),#6884);
#6880 = LINE('',#6881,#6882);
#6881 = CARTESIAN_POINT('',(0.,-255.));
#6882 = VECTOR('',#6883,1.);
#6883 = DIRECTION('',(1.,0.));
#6884 = ( GEOMETRIC_REPRESENTATION_CONTEXT(2) 
PARAMETRIC_REPRESENTATION_CONTEXT() REPRESENTATION_CONTEXT('2D SPACE',''
  ) );
#6885 = PCURVE('',#6886,#6891);
#6886 = PLANE('',#6887);
#6887 = AXIS2_PLACEMENT_3D('',#6888,#6889,#6890);
#6888 = CARTESIAN_POINT('',(-760.,445.,520.));
#6889 = DIRECTION('',(-0.,1.,0.));
#6890 = DIRECTION('',(0.,0.,1.));
#6891 = DEFINITIONAL_REPRESENTATION('',(#6892),#6896);
#6892 = LINE('',#6893,#6894);
#6893 = CARTESIAN_POINT('',(0.,60.));
#6894 = VECTOR('',#6895,1.);
#6895 = DIRECTION('',(1.,0.));
#6896 = ( GEOMETRIC_REPRESENTATION_CONTEXT(2) 
PARAMETRIC_REPRESENTATION_CONTEXT() REPRESENTATION_CONTEXT('2D SPACE',''
  ) );
#6897 = ORIENTED_EDGE('',*,*,#6898,.F.);
#6898 = EDGE_CURVE('',#6899,#6871,#6901,.T.);
#6899 = VERTEX_POINT('',#6900);
#6900 = CARTESIAN_POINT('',(-700.,650.,520.));
#6901 = SURFACE_CURVE('',#6902,(#6906,#6913),.PCURVE_S1.);
#6902 = LINE('',#6903,#6904);
#6903 = CARTESIAN_POINT('',(-700.,690.,520.));
#6904 = VECTOR('',#6905,1.);
#6905 = DIRECTION('',(0.,-1.,0.));
#6906 = PCURVE('',#6762,#6907);
#6907 = DEFINITIONAL_REPRESENTATION('',(#6908),#6912);
#6908 = LINE('',#6909,#6910);
#6909 = CARTESIAN_POINT('',(0.,-500.));
#6910 = VECTOR('',#6911,1.);
#6911 = DIRECTION('',(0.,1.));
#6912 = ( GEOMETRIC_REPRESENTATION_CONTEXT(2) 
PARAMETRIC_REPRESENTATION_CONTEXT() REPRESENTATION_CONTEXT('2D SPACE',''
  ) );
#6913 = PCURVE('',#6914,#6919);
#6914 = PLANE('',#6915);
#6915 = AXIS2_PLACEMENT_3D('',#6916,#6917,#6918);
#6916 = CARTESIAN_POINT('',(-700.,190.,520.));
#6917 = DIRECTION('',(0.,0.,1.));
#6918 = DIRECTION('',(1.,0.,-0.));
#6919 = DEFINITIONAL_REPRESENTATION('',(#6920),#6924);
#6920 = LINE('',#6921,#6922);
#6921 = CARTESIAN_POINT('',(0.,500.));
#6922 = VECTOR('',#6923,1.);
#6923 = DIRECTION('',(0.,-1.));
#6924 = ( GEOMETRIC_REPRESENTATION_CONTEXT(2) 
PARAMETRIC_REPRESENTATION_CONTEXT() REPRESENTATION_CONTEXT('2D SPACE',''
  ) );
#6925 = ORIENTED_EDGE('',*,*,#6926,.F.);
#6926 = EDGE_CURVE('',#6927,#6899,#6929,.T.);
#6927 = VERTEX_POINT('',#6928);
#6928 = CARTESIAN_POINT('',(-700.,650.,40.));
#6929 = SURFACE_CURVE('',#6930,(#6934,#6941),.PCURVE_S1.);
#6930 = LINE('',#6931,#6932);
#6931 = CARTESIAN_POINT('',(-700.,650.,40.));
#6932 = VECTOR('',#6933,1.);
#6933 = DIRECTION('',(0.,0.,1.));
#6934 = PCURVE('',#6762,#6935);
#6935 = DEFINITIONAL_REPRESENTATION('',(#6936),#6940);
#6936 = LINE('',#6937,#6938);
#6937 = CARTESIAN_POINT('',(-480.,-460.));
#6938 = VECTOR('',#6939,1.);
#6939 = DIRECTION('',(1.,0.));
#6940 = ( GEOMETRIC_REPRESENTATION_CONTEXT(2) 
PARAMETRIC_REPRESENTATION_CONTEXT() REPRESENTATION_CONTEXT('2D SPACE',''
  ) );
#6941 = PCURVE('',#6942,#6947);
#6942 = PLANE('',#6943);
#6943 = AXIS2_PLACEMENT_3D('',#6944,#6945,#6946);
#6944 = CARTESIAN_POINT('',(-700.,650.,40.));
#6945 = DIRECTION('',(-0.,1.,0.));
#6946 = DIRECTION('',(0.,0.,1.));
#6947 = DEFINITIONAL_REPRESENTATION('',(#6948),#6952);
#6948 = LINE('',#6949,#6950);
#6949 = CARTESIAN_POINT('',(0.,0.));
#6950 = VECTOR('',#6951,1.);
#6951 = DIRECTION('',(1.,0.));
#6952 = ( GEOMETRIC_REPRESENTATION_CONTEXT(2) 
PARAMETRIC_REPRESENTATION_CONTEXT() REPRESENTATION_CONTEXT('2D SPACE',''
  ) );
#6953 = ORIENTED_EDGE('',*,*,#6954,.F.);
#6954 = EDGE_CURVE('',#6955,#6927,#6957,.T.);
#6955 = VERTEX_POINT('',#6956);
#6956 = CARTESIAN_POINT('',(-700.,230.,40.));
#6957 = SURFACE_CURVE('',#6958,(#6962,#6969),.PCURVE_S1.);
#6958 = LINE('',#6959,#6960);
#6959 = CARTESIAN_POINT('',(-700.,190.,40.));
#6960 = VECTOR('',#6961,1.);
#6961 = DIRECTION('',(0.,1.,0.));
#6962 = PCURVE('',#6762,#6963);
#6963 = DEFINITIONAL_REPRESENTATION('',(#6964),#6968);
#6964 = LINE('',#6965,#6966);
#6965 = CARTESIAN_POINT('',(-480.,0.));
#6966 = VECTOR('',#6967,1.);
#6967 = DIRECTION('',(0.,-1.));
#6968 = ( GEOMETRIC_REPRESENTATION_CONTEXT(2) 
PARAMETRIC_REPRESENTATION_CONTEXT() REPRESENTATION_CONTEXT('2D SPACE',''
  ) );
#6969 = PCURVE('',#6970,#6975);
#6970 = PLANE('',#6971);
#6971 = AXIS2_PLACEMENT_3D('',#6972,#6973,#6974);
#6972 = CARTESIAN_POINT('',(-700.,190.,40.));
#6973 = DIRECTION('',(0.,0.,1.));
#6974 = DIRECTION('',(1.,0.,-0.));
#6975 = DEFINITIONAL_REPRESENTATION('',(#6976),#6980);
#6976 = LINE('',#6977,#6978);
#6977 = CARTESIAN_POINT('',(0.,0.));
#6978 = VECTOR('',#6979,1.);
#6979 = DIRECTION('',(0.,1.));
#6980 = ( GEOMETRIC_REPRESENTATION_CONTEXT(2) 
PARAMETRIC_REPRESENTATION_CONTEXT() REPRESENTATION_CONTEXT('2D SPACE',''
  ) );
#6981 = ORIENTED_EDGE('',*,*,#6982,.T.);
#6982 = EDGE_CURVE('',#6955,#6983,#6985,.T.);
#6983 = VERTEX_POINT('',#6984);
#6984 = CARTESIAN_POINT('',(-700.,230.,520.));
#6985 = SURFACE_CURVE('',#6986,(#6990,#6997),.PCURVE_S1.);
#6986 = LINE('',#6987,#6988);
#6987 = CARTESIAN_POINT('',(-700.,230.,40.));
#6988 = VECTOR('',#6989,1.);
#6989 = DIRECTION('',(0.,0.,1.));
#6990 = PCURVE('',#6762,#6991);
#6991 = DEFINITIONAL_REPRESENTATION('',(#6992),#6996);
#6992 = LINE('',#6993,#6994);
#6993 = CARTESIAN_POINT('',(-480.,-40.));
#6994 = VECTOR('',#6995,1.);
#6995 = DIRECTION('',(1.,0.));
#6996 = ( GEOMETRIC_REPRESENTATION_CONTEXT(2) 
PARAMETRIC_REPRESENTATION_CONTEXT() REPRESENTATION_CONTEXT('2D SPACE',''
  ) );
#6997 = PCURVE('',#6998,#7003);
#6998 = PLANE('',#6999);
#6999 = AXIS2_PLACEMENT_3D('',#7000,#7001,#7002);
#7000 = CARTESIAN_POINT('',(-700.,230.,40.));
#7001 = DIRECTION('',(-0.,1.,0.));
#7002 = DIRECTION('',(0.,0.,1.));
#7003 = DEFINITIONAL_REPRESENTATION('',(#7004),#7008);
#7004 = LINE('',#7005,#7006);
#7005 = CARTESIAN_POINT('',(0.,0.));
#7006 = VECTOR('',#7007,1.);
#7007 = DIRECTION('',(1.,0.));
#7008 = ( GEOMETRIC_REPRESENTATION_CONTEXT(2) 
PARAMETRIC_REPRESENTATION_CONTEXT() REPRESENTATION_CONTEXT('2D SPACE',''
  ) );
#7009 = ORIENTED_EDGE('',*,*,#7010,.F.);
#7010 = EDGE_CURVE('',#7011,#6983,#7013,.T.);
#7011 = VERTEX_POINT('',#7012);
#7012 = CARTESIAN_POINT('',(-700.,435.,520.));
#7013 = SURFACE_CURVE('',#7014,(#7018,#7025),.PCURVE_S1.);
#7014 = LINE('',#7015,#7016);
#7015 = CARTESIAN_POINT('',(-700.,690.,520.));
#7016 = VECTOR('',#7017,1.);
#7017 = DIRECTION('',(0.,-1.,0.));
#7018 = PCURVE('',#6762,#7019);
#7019 = DEFINITIONAL_REPRESENTATION('',(#7020),#7024);
#7020 = LINE('',#7021,#7022);
#7021 = CARTESIAN_POINT('',(0.,-500.));
#7022 = VECTOR('',#7023,1.);
#7023 = DIRECTION('',(0.,1.));
#7024 = ( GEOMETRIC_REPRESENTATION_CONTEXT(2) 
PARAMETRIC_REPRESENTATION_CONTEXT() REPRESENTATION_CONTEXT('2D SPACE',''
  ) );
#7025 = PCURVE('',#6914,#7026);
#7026 = DEFINITIONAL_REPRESENTATION('',(#7027),#7031);
#7027 = LINE('',#7028,#7029);
#7028 = CARTESIAN_POINT('',(0.,500.));
#7029 = VECTOR('',#7030,1.);
#7030 = DIRECTION('',(0.,-1.));
#7031 = ( GEOMETRIC_REPRESENTATION_CONTEXT(2) 
PARAMETRIC_REPRESENTATION_CONTEXT() REPRESENTATION_CONTEXT('2D SPACE',''
  ) );
#7032 = ORIENTED_EDGE('',*,*,#7033,.T.);
#7033 = EDGE_CURVE('',#7011,#7034,#7036,.T.);
#7034 = VERTEX_POINT('',#7035);
#7035 = CARTESIAN_POINT('',(-700.,435.,560.));
#7036 = SURFACE_CURVE('',#7037,(#7041,#7048),.PCURVE_S1.);
#7037 = LINE('',#7038,#7039);
#7038 = CARTESIAN_POINT('',(-700.,435.,520.));
#7039 = VECTOR('',#7040,1.);
#7040 = DIRECTION('',(0.,0.,1.));
#7041 = PCURVE('',#6762,#7042);
#7042 = DEFINITIONAL_REPRESENTATION('',(#7043),#7047);
#7043 = LINE('',#7044,#7045);
#7044 = CARTESIAN_POINT('',(0.,-245.));
#7045 = VECTOR('',#7046,1.);
#7046 = DIRECTION('',(1.,0.));
#7047 = ( GEOMETRIC_REPRESENTATION_CONTEXT(2) 
PARAMETRIC_REPRESENTATION_CONTEXT() REPRESENTATION_CONTEXT('2D SPACE',''
  ) );
#7048 = PCURVE('',#7049,#7054);
#7049 = PLANE('',#7050);
#7050 = AXIS2_PLACEMENT_3D('',#7051,#7052,#7053);
#7051 = CARTESIAN_POINT('',(-760.,435.,520.));
#7052 = DIRECTION('',(-0.,1.,0.));
#7053 = DIRECTION('',(0.,0.,1.));
#7054 = DEFINITIONAL_REPRESENTATION('',(#7055),#7059);
#7055 = LINE('',#7056,#7057);
#7056 = CARTESIAN_POINT('',(0.,60.));
#7057 = VECTOR('',#7058,1.);
#7058 = DIRECTION('',(1.,0.));
#7059 = ( GEOMETRIC_REPRESENTATION_CONTEXT(2) 
PARAMETRIC_REPRESENTATION_CONTEXT() REPRESENTATION_CONTEXT('2D SPACE',''
  ) );
#7060 = ORIENTED_EDGE('',*,*,#7061,.F.);
#7061 = EDGE_CURVE('',#6754,#7034,#7062,.T.);
#7062 = SURFACE_CURVE('',#7063,(#7067,#7074),.PCURVE_S1.);
#7063 = LINE('',#7064,#7065);
#7064 = CARTESIAN_POINT('',(-700.,190.,560.));
#7065 = VECTOR('',#7066,1.);
#7066 = DIRECTION('',(0.,1.,0.));
#7067 = PCURVE('',#6762,#7068);
#7068 = DEFINITIONAL_REPRESENTATION('',(#7069),#7073);
#7069 = LINE('',#7070,#7071);
#7070 = CARTESIAN_POINT('',(40.,0.));
#7071 = VECTOR('',#7072,1.);
#7072 = DIRECTION('',(0.,-1.));
#7073 = ( GEOMETRIC_REPRESENTATION_CONTEXT(2) 
PARAMETRIC_REPRESENTATION_CONTEXT() REPRESENTATION_CONTEXT('2D SPACE',''
  ) );
#7074 = PCURVE('',#6858,#7075);
#7075 = DEFINITIONAL_REPRESENTATION('',(#7076),#7080);
#7076 = LINE('',#7077,#7078);
#7077 = CARTESIAN_POINT('',(0.,0.));
#7078 = VECTOR('',#7079,1.);
#7079 = DIRECTION('',(0.,1.));
#7080 = ( GEOMETRIC_REPRESENTATION_CONTEXT(2) 
PARAMETRIC_REPRESENTATION_CONTEXT() REPRESENTATION_CONTEXT('2D SPACE',''
  ) );
#7081 = FACE_BOUND('',#7082,.F.);
#7082 = EDGE_LOOP('',(#7083,#7112,#7139,#7166));
#7083 = ORIENTED_EDGE('',*,*,#7084,.T.);
#7084 = EDGE_CURVE('',#7085,#7087,#7089,.T.);
#7085 = VERTEX_POINT('',#7086);
#7086 = CARTESIAN_POINT('',(-700.,687.,3.));
#7087 = VERTEX_POINT('',#7088);
#7088 = CARTESIAN_POINT('',(-700.,653.,3.));
#7089 = SURFACE_CURVE('',#7090,(#7094,#7101),.PCURVE_S1.);
#7090 = LINE('',#7091,#7092);
#7091 = CARTESIAN_POINT('',(-700.,651.5,3.));
#7092 = VECTOR('',#7093,1.);
#7093 = DIRECTION('',(0.,-1.,0.));
#7094 = PCURVE('',#6762,#7095);
#7095 = DEFINITIONAL_REPRESENTATION('',(#7096),#7100);
#7096 = LINE('',#7097,#7098);
#7097 = CARTESIAN_POINT('',(-517.,-461.5));
#7098 = VECTOR('',#7099,1.);
#7099 = DIRECTION('',(0.,1.));
#7100 = ( GEOMETRIC_REPRESENTATION_CONTEXT(2) 
PARAMETRIC_REPRESENTATION_CONTEXT() REPRESENTATION_CONTEXT('2D SPACE',''
  ) );
#7101 = PCURVE('',#7102,#7107);
#7102 = PLANE('',#7103);
#7103 = AXIS2_PLACEMENT_3D('',#7104,#7105,#7106);
#7104 = CARTESIAN_POINT('',(-701.,653.,3.));
#7105 = DIRECTION('',(0.,0.,1.));
#7106 = DIRECTION('',(1.,0.,-0.));
#7107 = DEFINITIONAL_REPRESENTATION('',(#7108),#7111);
#7108 = B_SPLINE_CURVE_WITH_KNOTS('',1,(#7109,#7110),.UNSPECIFIED.,.F.,
  .F.,(2,2),(-35.5,-1.5),.PIECEWISE_BEZIER_KNOTS.);
#7109 = CARTESIAN_POINT('',(1.,34.));
#7110 = CARTESIAN_POINT('',(1.,0.));
#7111 = ( GEOMETRIC_REPRESENTATION_CONTEXT(2) 
PARAMETRIC_REPRESENTATION_CONTEXT() REPRESENTATION_CONTEXT('2D SPACE',''
  ) );
#7112 = ORIENTED_EDGE('',*,*,#7113,.T.);
#7113 = EDGE_CURVE('',#7087,#7114,#7116,.T.);
#7114 = VERTEX_POINT('',#7115);
#7115 = CARTESIAN_POINT('',(-700.,653.,37.));
#7116 = SURFACE_CURVE('',#7117,(#7121,#7128),.PCURVE_S1.);
#7117 = LINE('',#7118,#7119);
#7118 = CARTESIAN_POINT('',(-700.,653.,1.5));
#7119 = VECTOR('',#7120,1.);
#7120 = DIRECTION('',(0.,0.,1.));
#7121 = PCURVE('',#6762,#7122);
#7122 = DEFINITIONAL_REPRESENTATION('',(#7123),#7127);
#7123 = LINE('',#7124,#7125);
#7124 = CARTESIAN_POINT('',(-518.5,-463.));
#7125 = VECTOR('',#7126,1.);
#7126 = DIRECTION('',(1.,0.));
#7127 = ( GEOMETRIC_REPRESENTATION_CONTEXT(2) 
PARAMETRIC_REPRESENTATION_CONTEXT() REPRESENTATION_CONTEXT('2D SPACE',''
  ) );
#7128 = PCURVE('',#7129,#7134);
#7129 = PLANE('',#7130);
#7130 = AXIS2_PLACEMENT_3D('',#7131,#7132,#7133);
#7131 = CARTESIAN_POINT('',(-701.,653.,3.));
#7132 = DIRECTION('',(-0.,1.,0.));
#7133 = DIRECTION('',(0.,0.,1.));
#7134 = DEFINITIONAL_REPRESENTATION('',(#7135),#7138);
#7135 = B_SPLINE_CURVE_WITH_KNOTS('',1,(#7136,#7137),.UNSPECIFIED.,.F.,
  .F.,(2,2),(1.5,35.5),.PIECEWISE_BEZIER_KNOTS.);
#7136 = CARTESIAN_POINT('',(0.,1.));
#7137 = CARTESIAN_POINT('',(34.,1.));
#7138 = ( GEOMETRIC_REPRESENTATION_CONTEXT(2) 
PARAMETRIC_REPRESENTATION_CONTEXT() REPRESENTATION_CONTEXT('2D SPACE',''
  ) );
#7139 = ORIENTED_EDGE('',*,*,#7140,.F.);
#7140 = EDGE_CURVE('',#7141,#7114,#7143,.T.);
#7141 = VERTEX_POINT('',#7142);
#7142 = CARTESIAN_POINT('',(-700.,687.,37.));
#7143 = SURFACE_CURVE('',#7144,(#7148,#7155),.PCURVE_S1.);
#7144 = LINE('',#7145,#7146);
#7145 = CARTESIAN_POINT('',(-700.,651.5,37.));
#7146 = VECTOR('',#7147,1.);
#7147 = DIRECTION('',(0.,-1.,0.));
#7148 = PCURVE('',#6762,#7149);
#7149 = DEFINITIONAL_REPRESENTATION('',(#7150),#7154);
#7150 = LINE('',#7151,#7152);
#7151 = CARTESIAN_POINT('',(-483.,-461.5));
#7152 = VECTOR('',#7153,1.);
#7153 = DIRECTION('',(0.,1.));
#7154 = ( GEOMETRIC_REPRESENTATION_CONTEXT(2) 
PARAMETRIC_REPRESENTATION_CONTEXT() REPRESENTATION_CONTEXT('2D SPACE',''
  ) );
#7155 = PCURVE('',#7156,#7161);
#7156 = PLANE('',#7157);
#7157 = AXIS2_PLACEMENT_3D('',#7158,#7159,#7160);
#7158 = CARTESIAN_POINT('',(-701.,653.,37.));
#7159 = DIRECTION('',(0.,0.,1.));
#7160 = DIRECTION('',(1.,0.,-0.));
#7161 = DEFINITIONAL_REPRESENTATION('',(#7162),#7165);
#7162 = B_SPLINE_CURVE_WITH_KNOTS('',1,(#7163,#7164),.UNSPECIFIED.,.F.,
  .F.,(2,2),(-35.5,-1.5),.PIECEWISE_BEZIER_KNOTS.);
#7163 = CARTESIAN_POINT('',(1.,34.));
#7164 = CARTESIAN_POINT('',(1.,0.));
#7165 = ( GEOMETRIC_REPRESENTATION_CONTEXT(2) 
PARAMETRIC_REPRESENTATION_CONTEXT() REPRESENTATION_CONTEXT('2D SPACE',''
  ) );
#7166 = ORIENTED_EDGE('',*,*,#7167,.F.);
#7167 = EDGE_CURVE('',#7085,#7141,#7168,.T.);
#7168 = SURFACE_CURVE('',#7169,(#7173,#7180),.PCURVE_S1.);
#7169 = LINE('',#7170,#7171);
#7170 = CARTESIAN_POINT('',(-700.,687.,1.5));
#7171 = VECTOR('',#7172,1.);
#7172 = DIRECTION('',(0.,0.,1.));
#7173 = PCURVE('',#6762,#7174);
#7174 = DEFINITIONAL_REPRESENTATION('',(#7175),#7179);
#7175 = LINE('',#7176,#7177);
#7176 = CARTESIAN_POINT('',(-518.5,-497.));
#7177 = VECTOR('',#7178,1.);
#7178 = DIRECTION('',(1.,0.));
#7179 = ( GEOMETRIC_REPRESENTATION_CONTEXT(2) 
PARAMETRIC_REPRESENTATION_CONTEXT() REPRESENTATION_CONTEXT('2D SPACE',''
  ) );
#7180 = PCURVE('',#7181,#7186);
#7181 = PLANE('',#7182);
#7182 = AXIS2_PLACEMENT_3D('',#7183,#7184,#7185);
#7183 = CARTESIAN_POINT('',(-701.,687.,3.));
#7184 = DIRECTION('',(-0.,1.,0.));
#7185 = DIRECTION('',(0.,0.,1.));
#7186 = DEFINITIONAL_REPRESENTATION('',(#7187),#7190);
#7187 = B_SPLINE_CURVE_WITH_KNOTS('',1,(#7188,#7189),.UNSPECIFIED.,.F.,
  .F.,(2,2),(1.5,35.5),.PIECEWISE_BEZIER_KNOTS.);
#7188 = CARTESIAN_POINT('',(0.,1.));
#7189 = CARTESIAN_POINT('',(34.,1.));
#7190 = ( GEOMETRIC_REPRESENTATION_CONTEXT(2) 
PARAMETRIC_REPRESENTATION_CONTEXT() REPRESENTATION_CONTEXT('2D SPACE',''
  ) );
#7191 = FACE_BOUND('',#7192,.F.);
#7192 = EDGE_LOOP('',(#7193,#7222,#7249,#7276));
#7193 = ORIENTED_EDGE('',*,*,#7194,.T.);
#7194 = EDGE_CURVE('',#7195,#7197,#7199,.T.);
#7195 = VERTEX_POINT('',#7196);
#7196 = CARTESIAN_POINT('',(-700.,653.,523.));
#7197 = VERTEX_POINT('',#7198);
#7198 = CARTESIAN_POINT('',(-700.,653.,557.));
#7199 = SURFACE_CURVE('',#7200,(#7204,#7211),.PCURVE_S1.);
#7200 = LINE('',#7201,#7202);
#7201 = CARTESIAN_POINT('',(-700.,653.,521.5));
#7202 = VECTOR('',#7203,1.);
#7203 = DIRECTION('',(0.,0.,1.));
#7204 = PCURVE('',#6762,#7205);
#7205 = DEFINITIONAL_REPRESENTATION('',(#7206),#7210);
#7206 = LINE('',#7207,#7208);
#7207 = CARTESIAN_POINT('',(1.5,-463.));
#7208 = VECTOR('',#7209,1.);
#7209 = DIRECTION('',(1.,0.));
#7210 = ( GEOMETRIC_REPRESENTATION_CONTEXT(2) 
PARAMETRIC_REPRESENTATION_CONTEXT() REPRESENTATION_CONTEXT('2D SPACE',''
  ) );
#7211 = PCURVE('',#7212,#7217);
#7212 = PLANE('',#7213);
#7213 = AXIS2_PLACEMENT_3D('',#7214,#7215,#7216);
#7214 = CARTESIAN_POINT('',(-701.,653.,523.));
#7215 = DIRECTION('',(-0.,1.,0.));
#7216 = DIRECTION('',(0.,0.,1.));
#7217 = DEFINITIONAL_REPRESENTATION('',(#7218),#7221);
#7218 = B_SPLINE_CURVE_WITH_KNOTS('',1,(#7219,#7220),.UNSPECIFIED.,.F.,
  .F.,(2,2),(1.5,35.5),.PIECEWISE_BEZIER_KNOTS.);
#7219 = CARTESIAN_POINT('',(0.,1.));
#7220 = CARTESIAN_POINT('',(34.,1.));
#7221 = ( GEOMETRIC_REPRESENTATION_CONTEXT(2) 
PARAMETRIC_REPRESENTATION_CONTEXT() REPRESENTATION_CONTEXT('2D SPACE',''
  ) );
#7222 = ORIENTED_EDGE('',*,*,#7223,.F.);
#7223 = EDGE_CURVE('',#7224,#7197,#7226,.T.);
#7224 = VERTEX_POINT('',#7225);
#7225 = CARTESIAN_POINT('',(-700.,687.,557.));
#7226 = SURFACE_CURVE('',#7227,(#7231,#7238),.PCURVE_S1.);
#7227 = LINE('',#7228,#7229);
#7228 = CARTESIAN_POINT('',(-700.,651.5,557.));
#7229 = VECTOR('',#7230,1.);
#7230 = DIRECTION('',(0.,-1.,0.));
#7231 = PCURVE('',#6762,#7232);
#7232 = DEFINITIONAL_REPRESENTATION('',(#7233),#7237);
#7233 = LINE('',#7234,#7235);
#7234 = CARTESIAN_POINT('',(37.,-461.5));
#7235 = VECTOR('',#7236,1.);
#7236 = DIRECTION('',(0.,1.));
#7237 = ( GEOMETRIC_REPRESENTATION_CONTEXT(2) 
PARAMETRIC_REPRESENTATION_CONTEXT() REPRESENTATION_CONTEXT('2D SPACE',''
  ) );
#7238 = PCURVE('',#7239,#7244);
#7239 = PLANE('',#7240);
#7240 = AXIS2_PLACEMENT_3D('',#7241,#7242,#7243);
#7241 = CARTESIAN_POINT('',(-701.,653.,557.));
#7242 = DIRECTION('',(0.,0.,1.));
#7243 = DIRECTION('',(1.,0.,-0.));
#7244 = DEFINITIONAL_REPRESENTATION('',(#7245),#7248);
#7245 = B_SPLINE_CURVE_WITH_KNOTS('',1,(#7246,#7247),.UNSPECIFIED.,.F.,
  .F.,(2,2),(-35.5,-1.5),.PIECEWISE_BEZIER_KNOTS.);
#7246 = CARTESIAN_POINT('',(1.,34.));
#7247 = CARTESIAN_POINT('',(1.,0.));
#7248 = ( GEOMETRIC_REPRESENTATION_CONTEXT(2) 
PARAMETRIC_REPRESENTATION_CONTEXT() REPRESENTATION_CONTEXT('2D SPACE',''
  ) );
#7249 = ORIENTED_EDGE('',*,*,#7250,.F.);
#7250 = EDGE_CURVE('',#7251,#7224,#7253,.T.);
#7251 = VERTEX_POINT('',#7252);
#7252 = CARTESIAN_POINT('',(-700.,687.,523.));
#7253 = SURFACE_CURVE('',#7254,(#7258,#7265),.PCURVE_S1.);
#7254 = LINE('',#7255,#7256);
#7255 = CARTESIAN_POINT('',(-700.,687.,521.5));
#7256 = VECTOR('',#7257,1.);
#7257 = DIRECTION('',(0.,0.,1.));
#7258 = PCURVE('',#6762,#7259);
#7259 = DEFINITIONAL_REPRESENTATION('',(#7260),#7264);
#7260 = LINE('',#7261,#7262);
#7261 = CARTESIAN_POINT('',(1.5,-497.));
#7262 = VECTOR('',#7263,1.);
#7263 = DIRECTION('',(1.,0.));
#7264 = ( GEOMETRIC_REPRESENTATION_CONTEXT(2) 
PARAMETRIC_REPRESENTATION_CONTEXT() REPRESENTATION_CONTEXT('2D SPACE',''
  ) );
#7265 = PCURVE('',#7266,#7271);
#7266 = PLANE('',#7267);
#7267 = AXIS2_PLACEMENT_3D('',#7268,#7269,#7270);
#7268 = CARTESIAN_POINT('',(-701.,687.,523.));
#7269 = DIRECTION('',(-0.,1.,0.));
#7270 = DIRECTION('',(0.,0.,1.));
#7271 = DEFINITIONAL_REPRESENTATION('',(#7272),#7275);
#7272 = B_SPLINE_CURVE_WITH_KNOTS('',1,(#7273,#7274),.UNSPECIFIED.,.F.,
  .F.,(2,2),(1.5,35.5),.PIECEWISE_BEZIER_KNOTS.);
#7273 = CARTESIAN_POINT('',(0.,1.));
#7274 = CARTESIAN_POINT('',(34.,1.));
#7275 = ( GEOMETRIC_REPRESENTATION_CONTEXT(2) 
PARAMETRIC_REPRESENTATION_CONTEXT() REPRESENTATION_CONTEXT('2D SPACE',''
  ) );
#7276 = ORIENTED_EDGE('',*,*,#7277,.T.);
#7277 = EDGE_CURVE('',#7251,#7195,#7278,.T.);
#7278 = SURFACE_CURVE('',#7279,(#7283,#7290),.PCURVE_S1.);
#7279 = LINE('',#7280,#7281);
#7280 = CARTESIAN_POINT('',(-700.,651.5,523.));
#7281 = VECTOR('',#7282,1.);
#7282 = DIRECTION('',(0.,-1.,0.));
#7283 = PCURVE('',#6762,#7284);
#7284 = DEFINITIONAL_REPRESENTATION('',(#7285),#7289);
#7285 = LINE('',#7286,#7287);
#7286 = CARTESIAN_POINT('',(3.,-461.5));
#7287 = VECTOR('',#7288,1.);
#7288 = DIRECTION('',(0.,1.));
#7289 = ( GEOMETRIC_REPRESENTATION_CONTEXT(2) 
PARAMETRIC_REPRESENTATION_CONTEXT() REPRESENTATION_CONTEXT('2D SPACE',''
  ) );
#7290 = PCURVE('',#7291,#7296);
#7291 = PLANE('',#7292);
#7292 = AXIS2_PLACEMENT_3D('',#7293,#7294,#7295);
#7293 = CARTESIAN_POINT('',(-701.,653.,523.));
#7294 = DIRECTION('',(0.,0.,1.));
#7295 = DIRECTION('',(1.,0.,-0.));
#7296 = DEFINITIONAL_REPRESENTATION('',(#7297),#7300);
#7297 = B_SPLINE_CURVE_WITH_KNOTS('',1,(#7298,#7299),.UNSPECIFIED.,.F.,
  .F.,(2,2),(-35.5,-1.5),.PIECEWISE_BEZIER_KNOTS.);
#7298 = CARTESIAN_POINT('',(1.,34.));
#7299 = CARTESIAN_POINT('',(1.,0.));
#7300 = ( GEOMETRIC_REPRESENTATION_CONTEXT(2) 
PARAMETRIC_REPRESENTATION_CONTEXT() REPRESENTATION_CONTEXT('2D SPACE',''
  ) );
#7301 = FACE_BOUND('',#7302,.F.);
#7302 = EDGE_LOOP('',(#7303,#7332,#7359,#7386));
#7303 = ORIENTED_EDGE('',*,*,#7304,.T.);
#7304 = EDGE_CURVE('',#7305,#7307,#7309,.T.);
#7305 = VERTEX_POINT('',#7306);
#7306 = CARTESIAN_POINT('',(-700.,227.,3.));
#7307 = VERTEX_POINT('',#7308);
#7308 = CARTESIAN_POINT('',(-700.,193.,3.));
#7309 = SURFACE_CURVE('',#7310,(#7314,#7321),.PCURVE_S1.);
#7310 = LINE('',#7311,#7312);
#7311 = CARTESIAN_POINT('',(-700.,191.5,3.));
#7312 = VECTOR('',#7313,1.);
#7313 = DIRECTION('',(0.,-1.,0.));
#7314 = PCURVE('',#6762,#7315);
#7315 = DEFINITIONAL_REPRESENTATION('',(#7316),#7320);
#7316 = LINE('',#7317,#7318);
#7317 = CARTESIAN_POINT('',(-517.,-1.5));
#7318 = VECTOR('',#7319,1.);
#7319 = DIRECTION('',(0.,1.));
#7320 = ( GEOMETRIC_REPRESENTATION_CONTEXT(2) 
PARAMETRIC_REPRESENTATION_CONTEXT() REPRESENTATION_CONTEXT('2D SPACE',''
  ) );
#7321 = PCURVE('',#7322,#7327);
#7322 = PLANE('',#7323);
#7323 = AXIS2_PLACEMENT_3D('',#7324,#7325,#7326);
#7324 = CARTESIAN_POINT('',(-701.,193.,3.));
#7325 = DIRECTION('',(0.,0.,1.));
#7326 = DIRECTION('',(1.,0.,-0.));
#7327 = DEFINITIONAL_REPRESENTATION('',(#7328),#7331);
#7328 = B_SPLINE_CURVE_WITH_KNOTS('',1,(#7329,#7330),.UNSPECIFIED.,.F.,
  .F.,(2,2),(-35.5,-1.5),.PIECEWISE_BEZIER_KNOTS.);
#7329 = CARTESIAN_POINT('',(1.,34.));
#7330 = CARTESIAN_POINT('',(1.,0.));
#7331 = ( GEOMETRIC_REPRESENTATION_CONTEXT(2) 
PARAMETRIC_REPRESENTATION_CONTEXT() REPRESENTATION_CONTEXT('2D SPACE',''
  ) );
#7332 = ORIENTED_EDGE('',*,*,#7333,.T.);
#7333 = EDGE_CURVE('',#7307,#7334,#7336,.T.);
#7334 = VERTEX_POINT('',#7335);
#7335 = CARTESIAN_POINT('',(-700.,193.,37.));
#7336 = SURFACE_CURVE('',#7337,(#7341,#7348),.PCURVE_S1.);
#7337 = LINE('',#7338,#7339);
#7338 = CARTESIAN_POINT('',(-700.,193.,1.5));
#7339 = VECTOR('',#7340,1.);
#7340 = DIRECTION('',(0.,0.,1.));
#7341 = PCURVE('',#6762,#7342);
#7342 = DEFINITIONAL_REPRESENTATION('',(#7343),#7347);
#7343 = LINE('',#7344,#7345);
#7344 = CARTESIAN_POINT('',(-518.5,-3.));
#7345 = VECTOR('',#7346,1.);
#7346 = DIRECTION('',(1.,0.));
#7347 = ( GEOMETRIC_REPRESENTATION_CONTEXT(2) 
PARAMETRIC_REPRESENTATION_CONTEXT() REPRESENTATION_CONTEXT('2D SPACE',''
  ) );
#7348 = PCURVE('',#7349,#7354);
#7349 = PLANE('',#7350);
#7350 = AXIS2_PLACEMENT_3D('',#7351,#7352,#7353);
#7351 = CARTESIAN_POINT('',(-701.,193.,3.));
#7352 = DIRECTION('',(-0.,1.,0.));
#7353 = DIRECTION('',(0.,0.,1.));
#7354 = DEFINITIONAL_REPRESENTATION('',(#7355),#7358);
#7355 = B_SPLINE_CURVE_WITH_KNOTS('',1,(#7356,#7357),.UNSPECIFIED.,.F.,
  .F.,(2,2),(1.5,35.5),.PIECEWISE_BEZIER_KNOTS.);
#7356 = CARTESIAN_POINT('',(0.,1.));
#7357 = CARTESIAN_POINT('',(34.,1.));
#7358 = ( GEOMETRIC_REPRESENTATION_CONTEXT(2) 
PARAMETRIC_REPRESENTATION_CONTEXT() REPRESENTATION_CONTEXT('2D SPACE',''
  ) );
#7359 = ORIENTED_EDGE('',*,*,#7360,.F.);
#7360 = EDGE_CURVE('',#7361,#7334,#7363,.T.);
#7361 = VERTEX_POINT('',#7362);
#7362 = CARTESIAN_POINT('',(-700.,227.,37.));
#7363 = SURFACE_CURVE('',#7364,(#7368,#7375),.PCURVE_S1.);
#7364 = LINE('',#7365,#7366);
#7365 = CARTESIAN_POINT('',(-700.,191.5,37.));
#7366 = VECTOR('',#7367,1.);
#7367 = DIRECTION('',(0.,-1.,0.));
#7368 = PCURVE('',#6762,#7369);
#7369 = DEFINITIONAL_REPRESENTATION('',(#7370),#7374);
#7370 = LINE('',#7371,#7372);
#7371 = CARTESIAN_POINT('',(-483.,-1.5));
#7372 = VECTOR('',#7373,1.);
#7373 = DIRECTION('',(0.,1.));
#7374 = ( GEOMETRIC_REPRESENTATION_CONTEXT(2) 
PARAMETRIC_REPRESENTATION_CONTEXT() REPRESENTATION_CONTEXT('2D SPACE',''
  ) );
#7375 = PCURVE('',#7376,#7381);
#7376 = PLANE('',#7377);
#7377 = AXIS2_PLACEMENT_3D('',#7378,#7379,#7380);
#7378 = CARTESIAN_POINT('',(-701.,193.,37.));
#7379 = DIRECTION('',(0.,0.,1.));
#7380 = DIRECTION('',(1.,0.,-0.));
#7381 = DEFINITIONAL_REPRESENTATION('',(#7382),#7385);
#7382 = B_SPLINE_CURVE_WITH_KNOTS('',1,(#7383,#7384),.UNSPECIFIED.,.F.,
  .F.,(2,2),(-35.5,-1.5),.PIECEWISE_BEZIER_KNOTS.);
#7383 = CARTESIAN_POINT('',(1.,34.));
#7384 = CARTESIAN_POINT('',(1.,0.));
#7385 = ( GEOMETRIC_REPRESENTATION_CONTEXT(2) 
PARAMETRIC_REPRESENTATION_CONTEXT() REPRESENTATION_CONTEXT('2D SPACE',''
  ) );
#7386 = ORIENTED_EDGE('',*,*,#7387,.F.);
#7387 = EDGE_CURVE('',#7305,#7361,#7388,.T.);
#7388 = SURFACE_CURVE('',#7389,(#7393,#7400),.PCURVE_S1.);
#7389 = LINE('',#7390,#7391);
#7390 = CARTESIAN_POINT('',(-700.,227.,1.5));
#7391 = VECTOR('',#7392,1.);
#7392 = DIRECTION('',(0.,0.,1.));
#7393 = PCURVE('',#6762,#7394);
#7394 = DEFINITIONAL_REPRESENTATION('',(#7395),#7399);
#7395 = LINE('',#7396,#7397);
#7396 = CARTESIAN_POINT('',(-518.5,-37.));
#7397 = VECTOR('',#7398,1.);
#7398 = DIRECTION('',(1.,0.));
#7399 = ( GEOMETRIC_REPRESENTATION_CONTEXT(2) 
PARAMETRIC_REPRESENTATION_CONTEXT() REPRESENTATION_CONTEXT('2D SPACE',''
  ) );
#7400 = PCURVE('',#7401,#7406);
#7401 = PLANE('',#7402);
#7402 = AXIS2_PLACEMENT_3D('',#7403,#7404,#7405);
#7403 = CARTESIAN_POINT('',(-701.,227.,3.));
#7404 = DIRECTION('',(-0.,1.,0.));
#7405 = DIRECTION('',(0.,0.,1.));
#7406 = DEFINITIONAL_REPRESENTATION('',(#7407),#7410);
#7407 = B_SPLINE_CURVE_WITH_KNOTS('',1,(#7408,#7409),.UNSPECIFIED.,.F.,
  .F.,(2,2),(1.5,35.5),.PIECEWISE_BEZIER_KNOTS.);
#7408 = CARTESIAN_POINT('',(0.,1.));
#7409 = CARTESIAN_POINT('',(34.,1.));
#7410 = ( GEOMETRIC_REPRESENTATION_CONTEXT(2) 
PARAMETRIC_REPRESENTATION_CONTEXT() REPRESENTATION_CONTEXT('2D SPACE',''
  ) );
#7411 = FACE_BOUND('',#7412,.F.);
#7412 = EDGE_LOOP('',(#7413,#7442,#7469,#7496));
#7413 = ORIENTED_EDGE('',*,*,#7414,.T.);
#7414 = EDGE_CURVE('',#7415,#7417,#7419,.T.);
#7415 = VERTEX_POINT('',#7416);
#7416 = CARTESIAN_POINT('',(-700.,227.,523.));
#7417 = VERTEX_POINT('',#7418);
#7418 = CARTESIAN_POINT('',(-700.,193.,523.));
#7419 = SURFACE_CURVE('',#7420,(#7424,#7431),.PCURVE_S1.);
#7420 = LINE('',#7421,#7422);
#7421 = CARTESIAN_POINT('',(-700.,191.5,523.));
#7422 = VECTOR('',#7423,1.);
#7423 = DIRECTION('',(0.,-1.,0.));
#7424 = PCURVE('',#6762,#7425);
#7425 = DEFINITIONAL_REPRESENTATION('',(#7426),#7430);
#7426 = LINE('',#7427,#7428);
#7427 = CARTESIAN_POINT('',(3.,-1.5));
#7428 = VECTOR('',#7429,1.);
#7429 = DIRECTION('',(0.,1.));
#7430 = ( GEOMETRIC_REPRESENTATION_CONTEXT(2) 
PARAMETRIC_REPRESENTATION_CONTEXT() REPRESENTATION_CONTEXT('2D SPACE',''
  ) );
#7431 = PCURVE('',#7432,#7437);
#7432 = PLANE('',#7433);
#7433 = AXIS2_PLACEMENT_3D('',#7434,#7435,#7436);
#7434 = CARTESIAN_POINT('',(-701.,193.,523.));
#7435 = DIRECTION('',(0.,0.,1.));
#7436 = DIRECTION('',(1.,0.,-0.));
#7437 = DEFINITIONAL_REPRESENTATION('',(#7438),#7441);
#7438 = B_SPLINE_CURVE_WITH_KNOTS('',1,(#7439,#7440),.UNSPECIFIED.,.F.,
  .F.,(2,2),(-35.5,-1.5),.PIECEWISE_BEZIER_KNOTS.);
#7439 = CARTESIAN_POINT('',(1.,34.));
#7440 = CARTESIAN_POINT('',(1.,0.));
#7441 = ( GEOMETRIC_REPRESENTATION_CONTEXT(2) 
PARAMETRIC_REPRESENTATION_CONTEXT() REPRESENTATION_CONTEXT('2D SPACE',''
  ) );
#7442 = ORIENTED_EDGE('',*,*,#7443,.T.);
#7443 = EDGE_CURVE('',#7417,#7444,#7446,.T.);
#7444 = VERTEX_POINT('',#7445);
#7445 = CARTESIAN_POINT('',(-700.,193.,557.));
#7446 = SURFACE_CURVE('',#7447,(#7451,#7458),.PCURVE_S1.);
#7447 = LINE('',#7448,#7449);
#7448 = CARTESIAN_POINT('',(-700.,193.,521.5));
#7449 = VECTOR('',#7450,1.);
#7450 = DIRECTION('',(0.,0.,1.));
#7451 = PCURVE('',#6762,#7452);
#7452 = DEFINITIONAL_REPRESENTATION('',(#7453),#7457);
#7453 = LINE('',#7454,#7455);
#7454 = CARTESIAN_POINT('',(1.5,-3.));
#7455 = VECTOR('',#7456,1.);
#7456 = DIRECTION('',(1.,0.));
#7457 = ( GEOMETRIC_REPRESENTATION_CONTEXT(2) 
PARAMETRIC_REPRESENTATION_CONTEXT() REPRESENTATION_CONTEXT('2D SPACE',''
  ) );
#7458 = PCURVE('',#7459,#7464);
#7459 = PLANE('',#7460);
#7460 = AXIS2_PLACEMENT_3D('',#7461,#7462,#7463);
#7461 = CARTESIAN_POINT('',(-701.,193.,523.));
#7462 = DIRECTION('',(-0.,1.,0.));
#7463 = DIRECTION('',(0.,0.,1.));
#7464 = DEFINITIONAL_REPRESENTATION('',(#7465),#7468);
#7465 = B_SPLINE_CURVE_WITH_KNOTS('',1,(#7466,#7467),.UNSPECIFIED.,.F.,
  .F.,(2,2),(1.5,35.5),.PIECEWISE_BEZIER_KNOTS.);
#7466 = CARTESIAN_POINT('',(0.,1.));
#7467 = CARTESIAN_POINT('',(34.,1.));
#7468 = ( GEOMETRIC_REPRESENTATION_CONTEXT(2) 
PARAMETRIC_REPRESENTATION_CONTEXT() REPRESENTATION_CONTEXT('2D SPACE',''
  ) );
#7469 = ORIENTED_EDGE('',*,*,#7470,.F.);
#7470 = EDGE_CURVE('',#7471,#7444,#7473,.T.);
#7471 = VERTEX_POINT('',#7472);
#7472 = CARTESIAN_POINT('',(-700.,227.,557.));
#7473 = SURFACE_CURVE('',#7474,(#7478,#7485),.PCURVE_S1.);
#7474 = LINE('',#7475,#7476);
#7475 = CARTESIAN_POINT('',(-700.,191.5,557.));
#7476 = VECTOR('',#7477,1.);
#7477 = DIRECTION('',(0.,-1.,0.));
#7478 = PCURVE('',#6762,#7479);
#7479 = DEFINITIONAL_REPRESENTATION('',(#7480),#7484);
#7480 = LINE('',#7481,#7482);
#7481 = CARTESIAN_POINT('',(37.,-1.5));
#7482 = VECTOR('',#7483,1.);
#7483 = DIRECTION('',(0.,1.));
#7484 = ( GEOMETRIC_REPRESENTATION_CONTEXT(2) 
PARAMETRIC_REPRESENTATION_CONTEXT() REPRESENTATION_CONTEXT('2D SPACE',''
  ) );
#7485 = PCURVE('',#7486,#7491);
#7486 = PLANE('',#7487);
#7487 = AXIS2_PLACEMENT_3D('',#7488,#7489,#7490);
#7488 = CARTESIAN_POINT('',(-701.,193.,557.));
#7489 = DIRECTION('',(0.,0.,1.));
#7490 = DIRECTION('',(1.,0.,-0.));
#7491 = DEFINITIONAL_REPRESENTATION('',(#7492),#7495);
#7492 = B_SPLINE_CURVE_WITH_KNOTS('',1,(#7493,#7494),.UNSPECIFIED.,.F.,
  .F.,(2,2),(-35.5,-1.5),.PIECEWISE_BEZIER_KNOTS.);
#7493 = CARTESIAN_POINT('',(1.,34.));
#7494 = CARTESIAN_POINT('',(1.,0.));
#7495 = ( GEOMETRIC_REPRESENTATION_CONTEXT(2) 
PARAMETRIC_REPRESENTATION_CONTEXT() REPRESENTATION_CONTEXT('2D SPACE',''
  ) );
#7496 = ORIENTED_EDGE('',*,*,#7497,.F.);
#7497 = EDGE_CURVE('',#7415,#7471,#7498,.T.);
#7498 = SURFACE_CURVE('',#7499,(#7503,#7510),.PCURVE_S1.);
#7499 = LINE('',#7500,#7501);
#7500 = CARTESIAN_POINT('',(-700.,227.,521.5));
#7501 = VECTOR('',#7502,1.);
#7502 = DIRECTION('',(0.,0.,1.));
#7503 = PCURVE('',#6762,#7504);
#7504 = DEFINITIONAL_REPRESENTATION('',(#7505),#7509);
#7505 = LINE('',#7506,#7507);
#7506 = CARTESIAN_POINT('',(1.5,-37.));
#7507 = VECTOR('',#7508,1.);
#7508 = DIRECTION('',(1.,0.));
#7509 = ( GEOMETRIC_REPRESENTATION_CONTEXT(2) 
PARAMETRIC_REPRESENTATION_CONTEXT() REPRESENTATION_CONTEXT('2D SPACE',''
  ) );
#7510 = PCURVE('',#7511,#7516);
#7511 = PLANE('',#7512);
#7512 = AXIS2_PLACEMENT_3D('',#7513,#7514,#7515);
#7513 = CARTESIAN_POINT('',(-701.,227.,523.));
#7514 = DIRECTION('',(-0.,1.,0.));
#7515 = DIRECTION('',(0.,0.,1.));
#7516 = DEFINITIONAL_REPRESENTATION('',(#7517),#7520);
#7517 = B_SPLINE_CURVE_WITH_KNOTS('',1,(#7518,#7519),.UNSPECIFIED.,.F.,
  .F.,(2,2),(1.5,35.5),.PIECEWISE_BEZIER_KNOTS.);
#7518 = CARTESIAN_POINT('',(0.,1.));
#7519 = CARTESIAN_POINT('',(34.,1.));
#7520 = ( GEOMETRIC_REPRESENTATION_CONTEXT(2) 
PARAMETRIC_REPRESENTATION_CONTEXT() REPRESENTATION_CONTEXT('2D SPACE',''
  ) );
#7521 = ADVANCED_FACE('',(#7522,#7636),#6774,.F.);
#7522 = FACE_BOUND('',#7523,.F.);
#7523 = EDGE_LOOP('',(#7524,#7554,#7582,#7610));
#7524 = ORIENTED_EDGE('',*,*,#7525,.F.);
#7525 = EDGE_CURVE('',#7526,#7528,#7530,.T.);
#7526 = VERTEX_POINT('',#7527);
#7527 = CARTESIAN_POINT('',(-660.,190.,520.));
#7528 = VERTEX_POINT('',#7529);
#7529 = CARTESIAN_POINT('',(-40.,190.,520.));
#7530 = SURFACE_CURVE('',#7531,(#7535,#7542),.PCURVE_S1.);
#7531 = LINE('',#7532,#7533);
#7532 = CARTESIAN_POINT('',(-700.,190.,520.));
#7533 = VECTOR('',#7534,1.);
#7534 = DIRECTION('',(1.,0.,-0.));
#7535 = PCURVE('',#6774,#7536);
#7536 = DEFINITIONAL_REPRESENTATION('',(#7537),#7541);
#7537 = LINE('',#7538,#7539);
#7538 = CARTESIAN_POINT('',(0.,0.));
#7539 = VECTOR('',#7540,1.);
#7540 = DIRECTION('',(0.,1.));
#7541 = ( GEOMETRIC_REPRESENTATION_CONTEXT(2) 
PARAMETRIC_REPRESENTATION_CONTEXT() REPRESENTATION_CONTEXT('2D SPACE',''
  ) );
#7542 = PCURVE('',#7543,#7548);
#7543 = PLANE('',#7544);
#7544 = AXIS2_PLACEMENT_3D('',#7545,#7546,#7547);
#7545 = CARTESIAN_POINT('',(-700.,190.,520.));
#7546 = DIRECTION('',(0.,0.,1.));
#7547 = DIRECTION('',(1.,0.,-0.));
#7548 = DEFINITIONAL_REPRESENTATION('',(#7549),#7553);
#7549 = LINE('',#7550,#7551);
#7550 = CARTESIAN_POINT('',(0.,0.));
#7551 = VECTOR('',#7552,1.);
#7552 = DIRECTION('',(1.,0.));
#7553 = ( GEOMETRIC_REPRESENTATION_CONTEXT(2) 
PARAMETRIC_REPRESENTATION_CONTEXT() REPRESENTATION_CONTEXT('2D SPACE',''
  ) );
#7554 = ORIENTED_EDGE('',*,*,#7555,.F.);
#7555 = EDGE_CURVE('',#7556,#7526,#7558,.T.);
#7556 = VERTEX_POINT('',#7557);
#7557 = CARTESIAN_POINT('',(-660.,190.,40.));
#7558 = SURFACE_CURVE('',#7559,(#7563,#7570),.PCURVE_S1.);
#7559 = LINE('',#7560,#7561);
#7560 = CARTESIAN_POINT('',(-660.,190.,40.));
#7561 = VECTOR('',#7562,1.);
#7562 = DIRECTION('',(0.,0.,1.));
#7563 = PCURVE('',#6774,#7564);
#7564 = DEFINITIONAL_REPRESENTATION('',(#7565),#7569);
#7565 = LINE('',#7566,#7567);
#7566 = CARTESIAN_POINT('',(-480.,40.));
#7567 = VECTOR('',#7568,1.);
#7568 = DIRECTION('',(1.,0.));
#7569 = ( GEOMETRIC_REPRESENTATION_CONTEXT(2) 
PARAMETRIC_REPRESENTATION_CONTEXT() REPRESENTATION_CONTEXT('2D SPACE',''
  ) );
#7570 = PCURVE('',#7571,#7576);
#7571 = PLANE('',#7572);
#7572 = AXIS2_PLACEMENT_3D('',#7573,#7574,#7575);
#7573 = CARTESIAN_POINT('',(-660.,190.,40.));
#7574 = DIRECTION('',(1.,0.,-0.));
#7575 = DIRECTION('',(0.,0.,1.));
#7576 = DEFINITIONAL_REPRESENTATION('',(#7577),#7581);
#7577 = LINE('',#7578,#7579);
#7578 = CARTESIAN_POINT('',(0.,0.));
#7579 = VECTOR('',#7580,1.);
#7580 = DIRECTION('',(1.,0.));
#7581 = ( GEOMETRIC_REPRESENTATION_CONTEXT(2) 
PARAMETRIC_REPRESENTATION_CONTEXT() REPRESENTATION_CONTEXT('2D SPACE',''
  ) );
#7582 = ORIENTED_EDGE('',*,*,#7583,.T.);
#7583 = EDGE_CURVE('',#7556,#7584,#7586,.T.);
#7584 = VERTEX_POINT('',#7585);
#7585 = CARTESIAN_POINT('',(-40.,190.,40.));
#7586 = SURFACE_CURVE('',#7587,(#7591,#7598),.PCURVE_S1.);
#7587 = LINE('',#7588,#7589);
#7588 = CARTESIAN_POINT('',(-700.,190.,40.));
#7589 = VECTOR('',#7590,1.);
#7590 = DIRECTION('',(1.,0.,-0.));
#7591 = PCURVE('',#6774,#7592);
#7592 = DEFINITIONAL_REPRESENTATION('',(#7593),#7597);
#7593 = LINE('',#7594,#7595);
#7594 = CARTESIAN_POINT('',(-480.,0.));
#7595 = VECTOR('',#7596,1.);
#7596 = DIRECTION('',(0.,1.));
#7597 = ( GEOMETRIC_REPRESENTATION_CONTEXT(2) 
PARAMETRIC_REPRESENTATION_CONTEXT() REPRESENTATION_CONTEXT('2D SPACE',''
  ) );
#7598 = PCURVE('',#7599,#7604);
#7599 = PLANE('',#7600);
#7600 = AXIS2_PLACEMENT_3D('',#7601,#7602,#7603);
#7601 = CARTESIAN_POINT('',(-700.,190.,40.));
#7602 = DIRECTION('',(0.,0.,1.));
#7603 = DIRECTION('',(1.,0.,-0.));
#7604 = DEFINITIONAL_REPRESENTATION('',(#7605),#7609);
#7605 = LINE('',#7606,#7607);
#7606 = CARTESIAN_POINT('',(0.,0.));
#7607 = VECTOR('',#7608,1.);
#7608 = DIRECTION('',(1.,0.));
#7609 = ( GEOMETRIC_REPRESENTATION_CONTEXT(2) 
PARAMETRIC_REPRESENTATION_CONTEXT() REPRESENTATION_CONTEXT('2D SPACE',''
  ) );
#7610 = ORIENTED_EDGE('',*,*,#7611,.T.);
#7611 = EDGE_CURVE('',#7584,#7528,#7612,.T.);
#7612 = SURFACE_CURVE('',#7613,(#7617,#7624),.PCURVE_S1.);
#7613 = LINE('',#7614,#7615);
#7614 = CARTESIAN_POINT('',(-40.,190.,40.));
#7615 = VECTOR('',#7616,1.);
#7616 = DIRECTION('',(0.,0.,1.));
#7617 = PCURVE('',#6774,#7618);
#7618 = DEFINITIONAL_REPRESENTATION('',(#7619),#7623);
#7619 = LINE('',#7620,#7621);
#7620 = CARTESIAN_POINT('',(-480.,660.));
#7621 = VECTOR('',#7622,1.);
#7622 = DIRECTION('',(1.,0.));
#7623 = ( GEOMETRIC_REPRESENTATION_CONTEXT(2) 
PARAMETRIC_REPRESENTATION_CONTEXT() REPRESENTATION_CONTEXT('2D SPACE',''
  ) );
#7624 = PCURVE('',#7625,#7630);
#7625 = PLANE('',#7626);
#7626 = AXIS2_PLACEMENT_3D('',#7627,#7628,#7629);
#7627 = CARTESIAN_POINT('',(-40.,190.,40.));
#7628 = DIRECTION('',(1.,0.,-0.));
#7629 = DIRECTION('',(0.,0.,1.));
#7630 = DEFINITIONAL_REPRESENTATION('',(#7631),#7635);
#7631 = LINE('',#7632,#7633);
#7632 = CARTESIAN_POINT('',(0.,0.));
#7633 = VECTOR('',#7634,1.);
#7634 = DIRECTION('',(1.,0.));
#7635 = ( GEOMETRIC_REPRESENTATION_CONTEXT(2) 
PARAMETRIC_REPRESENTATION_CONTEXT() REPRESENTATION_CONTEXT('2D SPACE',''
  ) );
#7636 = FACE_BOUND('',#7637,.F.);
#7637 = EDGE_LOOP('',(#7638,#7668,#7689,#7690,#7713,#7741,#7769,#7797));
#7638 = ORIENTED_EDGE('',*,*,#7639,.F.);
#7639 = EDGE_CURVE('',#7640,#7642,#7644,.T.);
#7640 = VERTEX_POINT('',#7641);
#7641 = CARTESIAN_POINT('',(0.,190.,0.));
#7642 = VERTEX_POINT('',#7643);
#7643 = CARTESIAN_POINT('',(0.,190.,560.));
#7644 = SURFACE_CURVE('',#7645,(#7649,#7656),.PCURVE_S1.);
#7645 = LINE('',#7646,#7647);
#7646 = CARTESIAN_POINT('',(0.,190.,0.));
#7647 = VECTOR('',#7648,1.);
#7648 = DIRECTION('',(0.,0.,1.));
#7649 = PCURVE('',#6774,#7650);
#7650 = DEFINITIONAL_REPRESENTATION('',(#7651),#7655);
#7651 = LINE('',#7652,#7653);
#7652 = CARTESIAN_POINT('',(-520.,700.));
#7653 = VECTOR('',#7654,1.);
#7654 = DIRECTION('',(1.,0.));
#7655 = ( GEOMETRIC_REPRESENTATION_CONTEXT(2) 
PARAMETRIC_REPRESENTATION_CONTEXT() REPRESENTATION_CONTEXT('2D SPACE',''
  ) );
#7656 = PCURVE('',#7657,#7662);
#7657 = PLANE('',#7658);
#7658 = AXIS2_PLACEMENT_3D('',#7659,#7660,#7661);
#7659 = CARTESIAN_POINT('',(0.,190.,0.));
#7660 = DIRECTION('',(1.,0.,-0.));
#7661 = DIRECTION('',(0.,0.,1.));
#7662 = DEFINITIONAL_REPRESENTATION('',(#7663),#7667);
#7663 = LINE('',#7664,#7665);
#7664 = CARTESIAN_POINT('',(0.,0.));
#7665 = VECTOR('',#7666,1.);
#7666 = DIRECTION('',(1.,0.));
#7667 = ( GEOMETRIC_REPRESENTATION_CONTEXT(2) 
PARAMETRIC_REPRESENTATION_CONTEXT() REPRESENTATION_CONTEXT('2D SPACE',''
  ) );
#7668 = ORIENTED_EDGE('',*,*,#7669,.F.);
#7669 = EDGE_CURVE('',#6752,#7640,#7670,.T.);
#7670 = SURFACE_CURVE('',#7671,(#7675,#7682),.PCURVE_S1.);
#7671 = LINE('',#7672,#7673);
#7672 = CARTESIAN_POINT('',(-700.,190.,0.));
#7673 = VECTOR('',#7674,1.);
#7674 = DIRECTION('',(1.,0.,-0.));
#7675 = PCURVE('',#6774,#7676);
#7676 = DEFINITIONAL_REPRESENTATION('',(#7677),#7681);
#7677 = LINE('',#7678,#7679);
#7678 = CARTESIAN_POINT('',(-520.,0.));
#7679 = VECTOR('',#7680,1.);
#7680 = DIRECTION('',(0.,1.));
#7681 = ( GEOMETRIC_REPRESENTATION_CONTEXT(2) 
PARAMETRIC_REPRESENTATION_CONTEXT() REPRESENTATION_CONTEXT('2D SPACE',''
  ) );
#7682 = PCURVE('',#6802,#7683);
#7683 = DEFINITIONAL_REPRESENTATION('',(#7684),#7688);
#7684 = LINE('',#7685,#7686);
#7685 = CARTESIAN_POINT('',(0.,0.));
#7686 = VECTOR('',#7687,1.);
#7687 = DIRECTION('',(1.,0.));
#7688 = ( GEOMETRIC_REPRESENTATION_CONTEXT(2) 
PARAMETRIC_REPRESENTATION_CONTEXT() REPRESENTATION_CONTEXT('2D SPACE',''
  ) );
#7689 = ORIENTED_EDGE('',*,*,#6751,.T.);
#7690 = ORIENTED_EDGE('',*,*,#7691,.T.);
#7691 = EDGE_CURVE('',#6754,#7692,#7694,.T.);
#7692 = VERTEX_POINT('',#7693);
#7693 = CARTESIAN_POINT('',(-450.,190.,560.));
#7694 = SURFACE_CURVE('',#7695,(#7699,#7706),.PCURVE_S1.);
#7695 = LINE('',#7696,#7697);
#7696 = CARTESIAN_POINT('',(-700.,190.,560.));
#7697 = VECTOR('',#7698,1.);
#7698 = DIRECTION('',(1.,0.,-0.));
#7699 = PCURVE('',#6774,#7700);
#7700 = DEFINITIONAL_REPRESENTATION('',(#7701),#7705);
#7701 = LINE('',#7702,#7703);
#7702 = CARTESIAN_POINT('',(40.,0.));
#7703 = VECTOR('',#7704,1.);
#7704 = DIRECTION('',(0.,1.));
#7705 = ( GEOMETRIC_REPRESENTATION_CONTEXT(2) 
PARAMETRIC_REPRESENTATION_CONTEXT() REPRESENTATION_CONTEXT('2D SPACE',''
  ) );
#7706 = PCURVE('',#6858,#7707);
#7707 = DEFINITIONAL_REPRESENTATION('',(#7708),#7712);
#7708 = LINE('',#7709,#7710);
#7709 = CARTESIAN_POINT('',(0.,0.));
#7710 = VECTOR('',#7711,1.);
#7711 = DIRECTION('',(1.,0.));
#7712 = ( GEOMETRIC_REPRESENTATION_CONTEXT(2) 
PARAMETRIC_REPRESENTATION_CONTEXT() REPRESENTATION_CONTEXT('2D SPACE',''
  ) );
#7713 = ORIENTED_EDGE('',*,*,#7714,.T.);
#7714 = EDGE_CURVE('',#7692,#7715,#7717,.T.);
#7715 = VERTEX_POINT('',#7716);
#7716 = CARTESIAN_POINT('',(-450.,190.,570.));
#7717 = SURFACE_CURVE('',#7718,(#7722,#7729),.PCURVE_S1.);
#7718 = LINE('',#7719,#7720);
#7719 = CARTESIAN_POINT('',(-450.,190.,560.));
#7720 = VECTOR('',#7721,1.);
#7721 = DIRECTION('',(0.,0.,1.));
#7722 = PCURVE('',#6774,#7723);
#7723 = DEFINITIONAL_REPRESENTATION('',(#7724),#7728);
#7724 = LINE('',#7725,#7726);
#7725 = CARTESIAN_POINT('',(40.,250.));
#7726 = VECTOR('',#7727,1.);
#7727 = DIRECTION('',(1.,0.));
#7728 = ( GEOMETRIC_REPRESENTATION_CONTEXT(2) 
PARAMETRIC_REPRESENTATION_CONTEXT() REPRESENTATION_CONTEXT('2D SPACE',''
  ) );
#7729 = PCURVE('',#7730,#7735);
#7730 = PLANE('',#7731);
#7731 = AXIS2_PLACEMENT_3D('',#7732,#7733,#7734);
#7732 = CARTESIAN_POINT('',(-450.,190.,560.));
#7733 = DIRECTION('',(1.,0.,-0.));
#7734 = DIRECTION('',(0.,0.,1.));
#7735 = DEFINITIONAL_REPRESENTATION('',(#7736),#7740);
#7736 = LINE('',#7737,#7738);
#7737 = CARTESIAN_POINT('',(0.,0.));
#7738 = VECTOR('',#7739,1.);
#7739 = DIRECTION('',(1.,0.));
#7740 = ( GEOMETRIC_REPRESENTATION_CONTEXT(2) 
PARAMETRIC_REPRESENTATION_CONTEXT() REPRESENTATION_CONTEXT('2D SPACE',''
  ) );
#7741 = ORIENTED_EDGE('',*,*,#7742,.T.);
#7742 = EDGE_CURVE('',#7715,#7743,#7745,.T.);
#7743 = VERTEX_POINT('',#7744);
#7744 = CARTESIAN_POINT('',(-150.,190.,570.));
#7745 = SURFACE_CURVE('',#7746,(#7750,#7757),.PCURVE_S1.);
#7746 = LINE('',#7747,#7748);
#7747 = CARTESIAN_POINT('',(-450.,190.,570.));
#7748 = VECTOR('',#7749,1.);
#7749 = DIRECTION('',(1.,0.,-0.));
#7750 = PCURVE('',#6774,#7751);
#7751 = DEFINITIONAL_REPRESENTATION('',(#7752),#7756);
#7752 = LINE('',#7753,#7754);
#7753 = CARTESIAN_POINT('',(50.,250.));
#7754 = VECTOR('',#7755,1.);
#7755 = DIRECTION('',(0.,1.));
#7756 = ( GEOMETRIC_REPRESENTATION_CONTEXT(2) 
PARAMETRIC_REPRESENTATION_CONTEXT() REPRESENTATION_CONTEXT('2D SPACE',''
  ) );
#7757 = PCURVE('',#7758,#7763);
#7758 = PLANE('',#7759);
#7759 = AXIS2_PLACEMENT_3D('',#7760,#7761,#7762);
#7760 = CARTESIAN_POINT('',(-450.,190.,570.));
#7761 = DIRECTION('',(0.,0.,1.));
#7762 = DIRECTION('',(1.,0.,-0.));
#7763 = DEFINITIONAL_REPRESENTATION('',(#7764),#7768);
#7764 = LINE('',#7765,#7766);
#7765 = CARTESIAN_POINT('',(0.,0.));
#7766 = VECTOR('',#7767,1.);
#7767 = DIRECTION('',(1.,0.));
#7768 = ( GEOMETRIC_REPRESENTATION_CONTEXT(2) 
PARAMETRIC_REPRESENTATION_CONTEXT() REPRESENTATION_CONTEXT('2D SPACE',''
  ) );
#7769 = ORIENTED_EDGE('',*,*,#7770,.F.);
#7770 = EDGE_CURVE('',#7771,#7743,#7773,.T.);
#7771 = VERTEX_POINT('',#7772);
#7772 = CARTESIAN_POINT('',(-150.,190.,560.));
#7773 = SURFACE_CURVE('',#7774,(#7778,#7785),.PCURVE_S1.);
#7774 = LINE('',#7775,#7776);
#7775 = CARTESIAN_POINT('',(-150.,190.,560.));
#7776 = VECTOR('',#7777,1.);
#7777 = DIRECTION('',(0.,0.,1.));
#7778 = PCURVE('',#6774,#7779);
#7779 = DEFINITIONAL_REPRESENTATION('',(#7780),#7784);
#7780 = LINE('',#7781,#7782);
#7781 = CARTESIAN_POINT('',(40.,550.));
#7782 = VECTOR('',#7783,1.);
#7783 = DIRECTION('',(1.,0.));
#7784 = ( GEOMETRIC_REPRESENTATION_CONTEXT(2) 
PARAMETRIC_REPRESENTATION_CONTEXT() REPRESENTATION_CONTEXT('2D SPACE',''
  ) );
#7785 = PCURVE('',#7786,#7791);
#7786 = PLANE('',#7787);
#7787 = AXIS2_PLACEMENT_3D('',#7788,#7789,#7790);
#7788 = CARTESIAN_POINT('',(-150.,190.,560.));
#7789 = DIRECTION('',(1.,0.,-0.));
#7790 = DIRECTION('',(0.,0.,1.));
#7791 = DEFINITIONAL_REPRESENTATION('',(#7792),#7796);
#7792 = LINE('',#7793,#7794);
#7793 = CARTESIAN_POINT('',(0.,0.));
#7794 = VECTOR('',#7795,1.);
#7795 = DIRECTION('',(1.,0.));
#7796 = ( GEOMETRIC_REPRESENTATION_CONTEXT(2) 
PARAMETRIC_REPRESENTATION_CONTEXT() REPRESENTATION_CONTEXT('2D SPACE',''
  ) );
#7797 = ORIENTED_EDGE('',*,*,#7798,.T.);
#7798 = EDGE_CURVE('',#7771,#7642,#7799,.T.);
#7799 = SURFACE_CURVE('',#7800,(#7804,#7811),.PCURVE_S1.);
#7800 = LINE('',#7801,#7802);
#7801 = CARTESIAN_POINT('',(-700.,190.,560.));
#7802 = VECTOR('',#7803,1.);
#7803 = DIRECTION('',(1.,0.,-0.));
#7804 = PCURVE('',#6774,#7805);
#7805 = DEFINITIONAL_REPRESENTATION('',(#7806),#7810);
#7806 = LINE('',#7807,#7808);
#7807 = CARTESIAN_POINT('',(40.,0.));
#7808 = VECTOR('',#7809,1.);
#7809 = DIRECTION('',(0.,1.));
#7810 = ( GEOMETRIC_REPRESENTATION_CONTEXT(2) 
PARAMETRIC_REPRESENTATION_CONTEXT() REPRESENTATION_CONTEXT('2D SPACE',''
  ) );
#7811 = PCURVE('',#7812,#7817);
#7812 = PLANE('',#7813);
#7813 = AXIS2_PLACEMENT_3D('',#7814,#7815,#7816);
#7814 = CARTESIAN_POINT('',(-700.,190.,560.));
#7815 = DIRECTION('',(0.,0.,1.));
#7816 = DIRECTION('',(1.,0.,-0.));
#7817 = DEFINITIONAL_REPRESENTATION('',(#7818),#7822);
#7818 = LINE('',#7819,#7820);
#7819 = CARTESIAN_POINT('',(0.,0.));
#7820 = VECTOR('',#7821,1.);
#7821 = DIRECTION('',(1.,0.));
#7822 = ( GEOMETRIC_REPRESENTATION_CONTEXT(2) 
PARAMETRIC_REPRESENTATION_CONTEXT() REPRESENTATION_CONTEXT('2D SPACE',''
  ) );
#7823 = ADVANCED_FACE('',(#7824),#6858,.T.);
#7824 = FACE_BOUND('',#7825,.T.);
#7825 = EDGE_LOOP('',(#7826,#7827,#7828,#7851,#7879,#7907,#7935,#7958,
    #7979,#7980));
#7826 = ORIENTED_EDGE('',*,*,#7061,.F.);
#7827 = ORIENTED_EDGE('',*,*,#7691,.T.);
#7828 = ORIENTED_EDGE('',*,*,#7829,.T.);
#7829 = EDGE_CURVE('',#7692,#7830,#7832,.T.);
#7830 = VERTEX_POINT('',#7831);
#7831 = CARTESIAN_POINT('',(-450.,230.,560.));
#7832 = SURFACE_CURVE('',#7833,(#7837,#7844),.PCURVE_S1.);
#7833 = LINE('',#7834,#7835);
#7834 = CARTESIAN_POINT('',(-450.,190.,560.));
#7835 = VECTOR('',#7836,1.);
#7836 = DIRECTION('',(-0.,1.,0.));
#7837 = PCURVE('',#6858,#7838);
#7838 = DEFINITIONAL_REPRESENTATION('',(#7839),#7843);
#7839 = LINE('',#7840,#7841);
#7840 = CARTESIAN_POINT('',(250.,0.));
#7841 = VECTOR('',#7842,1.);
#7842 = DIRECTION('',(0.,1.));
#7843 = ( GEOMETRIC_REPRESENTATION_CONTEXT(2) 
PARAMETRIC_REPRESENTATION_CONTEXT() REPRESENTATION_CONTEXT('2D SPACE',''
  ) );
#7844 = PCURVE('',#7730,#7845);
#7845 = DEFINITIONAL_REPRESENTATION('',(#7846),#7850);
#7846 = LINE('',#7847,#7848);
#7847 = CARTESIAN_POINT('',(0.,0.));
#7848 = VECTOR('',#7849,1.);
#7849 = DIRECTION('',(0.,-1.));
#7850 = ( GEOMETRIC_REPRESENTATION_CONTEXT(2) 
PARAMETRIC_REPRESENTATION_CONTEXT() REPRESENTATION_CONTEXT('2D SPACE',''
  ) );
#7851 = ORIENTED_EDGE('',*,*,#7852,.F.);
#7852 = EDGE_CURVE('',#7853,#7830,#7855,.T.);
#7853 = VERTEX_POINT('',#7854);
#7854 = CARTESIAN_POINT('',(-660.,230.,560.));
#7855 = SURFACE_CURVE('',#7856,(#7860,#7867),.PCURVE_S1.);
#7856 = LINE('',#7857,#7858);
#7857 = CARTESIAN_POINT('',(-700.,230.,560.));
#7858 = VECTOR('',#7859,1.);
#7859 = DIRECTION('',(1.,0.,-0.));
#7860 = PCURVE('',#6858,#7861);
#7861 = DEFINITIONAL_REPRESENTATION('',(#7862),#7866);
#7862 = LINE('',#7863,#7864);
#7863 = CARTESIAN_POINT('',(0.,40.));
#7864 = VECTOR('',#7865,1.);
#7865 = DIRECTION('',(1.,0.));
#7866 = ( GEOMETRIC_REPRESENTATION_CONTEXT(2) 
PARAMETRIC_REPRESENTATION_CONTEXT() REPRESENTATION_CONTEXT('2D SPACE',''
  ) );
#7867 = PCURVE('',#7868,#7873);
#7868 = PLANE('',#7869);
#7869 = AXIS2_PLACEMENT_3D('',#7870,#7871,#7872);
#7870 = CARTESIAN_POINT('',(-700.,230.,520.));
#7871 = DIRECTION('',(-0.,1.,0.));
#7872 = DIRECTION('',(0.,0.,1.));
#7873 = DEFINITIONAL_REPRESENTATION('',(#7874),#7878);
#7874 = LINE('',#7875,#7876);
#7875 = CARTESIAN_POINT('',(40.,0.));
#7876 = VECTOR('',#7877,1.);
#7877 = DIRECTION('',(0.,1.));
#7878 = ( GEOMETRIC_REPRESENTATION_CONTEXT(2) 
PARAMETRIC_REPRESENTATION_CONTEXT() REPRESENTATION_CONTEXT('2D SPACE',''
  ) );
#7879 = ORIENTED_EDGE('',*,*,#7880,.T.);
#7880 = EDGE_CURVE('',#7853,#7881,#7883,.T.);
#7881 = VERTEX_POINT('',#7882);
#7882 = CARTESIAN_POINT('',(-660.,650.,560.));
#7883 = SURFACE_CURVE('',#7884,(#7888,#7895),.PCURVE_S1.);
#7884 = LINE('',#7885,#7886);
#7885 = CARTESIAN_POINT('',(-660.,230.,560.));
#7886 = VECTOR('',#7887,1.);
#7887 = DIRECTION('',(-0.,1.,0.));
#7888 = PCURVE('',#6858,#7889);
#7889 = DEFINITIONAL_REPRESENTATION('',(#7890),#7894);
#7890 = LINE('',#7891,#7892);
#7891 = CARTESIAN_POINT('',(40.,40.));
#7892 = VECTOR('',#7893,1.);
#7893 = DIRECTION('',(0.,1.));
#7894 = ( GEOMETRIC_REPRESENTATION_CONTEXT(2) 
PARAMETRIC_REPRESENTATION_CONTEXT() REPRESENTATION_CONTEXT('2D SPACE',''
  ) );
#7895 = PCURVE('',#7896,#7901);
#7896 = PLANE('',#7897);
#7897 = AXIS2_PLACEMENT_3D('',#7898,#7899,#7900);
#7898 = CARTESIAN_POINT('',(-660.,230.,520.));
#7899 = DIRECTION('',(1.,0.,-0.));
#7900 = DIRECTION('',(0.,0.,1.));
#7901 = DEFINITIONAL_REPRESENTATION('',(#7902),#7906);
#7902 = LINE('',#7903,#7904);
#7903 = CARTESIAN_POINT('',(40.,0.));
#7904 = VECTOR('',#7905,1.);
#7905 = DIRECTION('',(0.,-1.));
#7906 = ( GEOMETRIC_REPRESENTATION_CONTEXT(2) 
PARAMETRIC_REPRESENTATION_CONTEXT() REPRESENTATION_CONTEXT('2D SPACE',''
  ) );
#7907 = ORIENTED_EDGE('',*,*,#7908,.T.);
#7908 = EDGE_CURVE('',#7881,#7909,#7911,.T.);
#7909 = VERTEX_POINT('',#7910);
#7910 = CARTESIAN_POINT('',(-450.,650.,560.));
#7911 = SURFACE_CURVE('',#7912,(#7916,#7923),.PCURVE_S1.);
#7912 = LINE('',#7913,#7914);
#7913 = CARTESIAN_POINT('',(-700.,650.,560.));
#7914 = VECTOR('',#7915,1.);
#7915 = DIRECTION('',(1.,0.,-0.));
#7916 = PCURVE('',#6858,#7917);
#7917 = DEFINITIONAL_REPRESENTATION('',(#7918),#7922);
#7918 = LINE('',#7919,#7920);
#7919 = CARTESIAN_POINT('',(0.,460.));
#7920 = VECTOR('',#7921,1.);
#7921 = DIRECTION('',(1.,0.));
#7922 = ( GEOMETRIC_REPRESENTATION_CONTEXT(2) 
PARAMETRIC_REPRESENTATION_CONTEXT() REPRESENTATION_CONTEXT('2D SPACE',''
  ) );
#7923 = PCURVE('',#7924,#7929);
#7924 = PLANE('',#7925);
#7925 = AXIS2_PLACEMENT_3D('',#7926,#7927,#7928);
#7926 = CARTESIAN_POINT('',(-700.,650.,520.));
#7927 = DIRECTION('',(-0.,1.,0.));
#7928 = DIRECTION('',(0.,0.,1.));
#7929 = DEFINITIONAL_REPRESENTATION('',(#7930),#7934);
#7930 = LINE('',#7931,#7932);
#7931 = CARTESIAN_POINT('',(40.,0.));
#7932 = VECTOR('',#7933,1.);
#7933 = DIRECTION('',(0.,1.));
#7934 = ( GEOMETRIC_REPRESENTATION_CONTEXT(2) 
PARAMETRIC_REPRESENTATION_CONTEXT() REPRESENTATION_CONTEXT('2D SPACE',''
  ) );
#7935 = ORIENTED_EDGE('',*,*,#7936,.T.);
#7936 = EDGE_CURVE('',#7909,#7937,#7939,.T.);
#7937 = VERTEX_POINT('',#7938);
#7938 = CARTESIAN_POINT('',(-450.,690.,560.));
#7939 = SURFACE_CURVE('',#7940,(#7944,#7951),.PCURVE_S1.);
#7940 = LINE('',#7941,#7942);
#7941 = CARTESIAN_POINT('',(-450.,190.,560.));
#7942 = VECTOR('',#7943,1.);
#7943 = DIRECTION('',(-0.,1.,0.));
#7944 = PCURVE('',#6858,#7945);
#7945 = DEFINITIONAL_REPRESENTATION('',(#7946),#7950);
#7946 = LINE('',#7947,#7948);
#7947 = CARTESIAN_POINT('',(250.,0.));
#7948 = VECTOR('',#7949,1.);
#7949 = DIRECTION('',(0.,1.));
#7950 = ( GEOMETRIC_REPRESENTATION_CONTEXT(2) 
PARAMETRIC_REPRESENTATION_CONTEXT() REPRESENTATION_CONTEXT('2D SPACE',''
  ) );
#7951 = PCURVE('',#7730,#7952);
#7952 = DEFINITIONAL_REPRESENTATION('',(#7953),#7957);
#7953 = LINE('',#7954,#7955);
#7954 = CARTESIAN_POINT('',(0.,0.));
#7955 = VECTOR('',#7956,1.);
#7956 = DIRECTION('',(0.,-1.));
#7957 = ( GEOMETRIC_REPRESENTATION_CONTEXT(2) 
PARAMETRIC_REPRESENTATION_CONTEXT() REPRESENTATION_CONTEXT('2D SPACE',''
  ) );
#7958 = ORIENTED_EDGE('',*,*,#7959,.F.);
#7959 = EDGE_CURVE('',#6815,#7937,#7960,.T.);
#7960 = SURFACE_CURVE('',#7961,(#7965,#7972),.PCURVE_S1.);
#7961 = LINE('',#7962,#7963);
#7962 = CARTESIAN_POINT('',(-700.,690.,560.));
#7963 = VECTOR('',#7964,1.);
#7964 = DIRECTION('',(1.,0.,-0.));
#7965 = PCURVE('',#6858,#7966);
#7966 = DEFINITIONAL_REPRESENTATION('',(#7967),#7971);
#7967 = LINE('',#7968,#7969);
#7968 = CARTESIAN_POINT('',(0.,500.));
#7969 = VECTOR('',#7970,1.);
#7970 = DIRECTION('',(1.,0.));
#7971 = ( GEOMETRIC_REPRESENTATION_CONTEXT(2) 
PARAMETRIC_REPRESENTATION_CONTEXT() REPRESENTATION_CONTEXT('2D SPACE',''
  ) );
#7972 = PCURVE('',#6830,#7973);
#7973 = DEFINITIONAL_REPRESENTATION('',(#7974),#7978);
#7974 = LINE('',#7975,#7976);
#7975 = CARTESIAN_POINT('',(560.,0.));
#7976 = VECTOR('',#7977,1.);
#7977 = DIRECTION('',(0.,1.));
#7978 = ( GEOMETRIC_REPRESENTATION_CONTEXT(2) 
PARAMETRIC_REPRESENTATION_CONTEXT() REPRESENTATION_CONTEXT('2D SPACE',''
  ) );
#7979 = ORIENTED_EDGE('',*,*,#6842,.F.);
#7980 = ORIENTED_EDGE('',*,*,#7981,.F.);
#7981 = EDGE_CURVE('',#7034,#6843,#7982,.T.);
#7982 = SURFACE_CURVE('',#7983,(#7987,#7994),.PCURVE_S1.);
#7983 = LINE('',#7984,#7985);
#7984 = CARTESIAN_POINT('',(-700.,190.,560.));
#7985 = VECTOR('',#7986,1.);
#7986 = DIRECTION('',(0.,1.,0.));
#7987 = PCURVE('',#6858,#7988);
#7988 = DEFINITIONAL_REPRESENTATION('',(#7989),#7993);
#7989 = LINE('',#7990,#7991);
#7990 = CARTESIAN_POINT('',(0.,0.));
#7991 = VECTOR('',#7992,1.);
#7992 = DIRECTION('',(0.,1.));
#7993 = ( GEOMETRIC_REPRESENTATION_CONTEXT(2) 
PARAMETRIC_REPRESENTATION_CONTEXT() REPRESENTATION_CONTEXT('2D SPACE',''
  ) );
#7994 = PCURVE('',#7995,#8000);
#7995 = PLANE('',#7996);
#7996 = AXIS2_PLACEMENT_3D('',#7997,#7998,#7999);
#7997 = CARTESIAN_POINT('',(-700.,435.,520.));
#7998 = DIRECTION('',(1.,0.,-0.));
#7999 = DIRECTION('',(0.,0.,1.));
#8000 = DEFINITIONAL_REPRESENTATION('',(#8001),#8005);
#8001 = LINE('',#8002,#8003);
#8002 = CARTESIAN_POINT('',(40.,245.));
#8003 = VECTOR('',#8004,1.);
#8004 = DIRECTION('',(0.,-1.));
#8005 = ( GEOMETRIC_REPRESENTATION_CONTEXT(2) 
PARAMETRIC_REPRESENTATION_CONTEXT() REPRESENTATION_CONTEXT('2D SPACE',''
  ) );
#8006 = ADVANCED_FACE('',(#8007,#8110),#7049,.F.);
#8007 = FACE_BOUND('',#8008,.F.);
#8008 = EDGE_LOOP('',(#8009,#8032,#8060,#8088,#8109));
#8009 = ORIENTED_EDGE('',*,*,#8010,.F.);
#8010 = EDGE_CURVE('',#8011,#7011,#8013,.T.);
#8011 = VERTEX_POINT('',#8012);
#8012 = CARTESIAN_POINT('',(-760.,435.,520.));
#8013 = SURFACE_CURVE('',#8014,(#8018,#8025),.PCURVE_S1.);
#8014 = LINE('',#8015,#8016);
#8015 = CARTESIAN_POINT('',(-760.,435.,520.));
#8016 = VECTOR('',#8017,1.);
#8017 = DIRECTION('',(1.,0.,-0.));
#8018 = PCURVE('',#7049,#8019);
#8019 = DEFINITIONAL_REPRESENTATION('',(#8020),#8024);
#8020 = LINE('',#8021,#8022);
#8021 = CARTESIAN_POINT('',(0.,0.));
#8022 = VECTOR('',#8023,1.);
#8023 = DIRECTION('',(0.,1.));
#8024 = ( GEOMETRIC_REPRESENTATION_CONTEXT(2) 
PARAMETRIC_REPRESENTATION_CONTEXT() REPRESENTATION_CONTEXT('2D SPACE',''
  ) );
#8025 = PCURVE('',#6914,#8026);
#8026 = DEFINITIONAL_REPRESENTATION('',(#8027),#8031);
#8027 = LINE('',#8028,#8029);
#8028 = CARTESIAN_POINT('',(-60.,245.));
#8029 = VECTOR('',#8030,1.);
#8030 = DIRECTION('',(1.,0.));
#8031 = ( GEOMETRIC_REPRESENTATION_CONTEXT(2) 
PARAMETRIC_REPRESENTATION_CONTEXT() REPRESENTATION_CONTEXT('2D SPACE',''
  ) );
#8032 = ORIENTED_EDGE('',*,*,#8033,.T.);
#8033 = EDGE_CURVE('',#8011,#8034,#8036,.T.);
#8034 = VERTEX_POINT('',#8035);
#8035 = CARTESIAN_POINT('',(-760.,435.,670.));
#8036 = SURFACE_CURVE('',#8037,(#8041,#8048),.PCURVE_S1.);
#8037 = LINE('',#8038,#8039);
#8038 = CARTESIAN_POINT('',(-760.,435.,520.));
#8039 = VECTOR('',#8040,1.);
#8040 = DIRECTION('',(0.,0.,1.));
#8041 = PCURVE('',#7049,#8042);
#8042 = DEFINITIONAL_REPRESENTATION('',(#8043),#8047);
#8043 = LINE('',#8044,#8045);
#8044 = CARTESIAN_POINT('',(0.,0.));
#8045 = VECTOR('',#8046,1.);
#8046 = DIRECTION('',(1.,0.));
#8047 = ( GEOMETRIC_REPRESENTATION_CONTEXT(2) 
PARAMETRIC_REPRESENTATION_CONTEXT() REPRESENTATION_CONTEXT('2D SPACE',''
  ) );
#8048 = PCURVE('',#8049,#8054);
#8049 = PLANE('',#8050);
#8050 = AXIS2_PLACEMENT_3D('',#8051,#8052,#8053);
#8051 = CARTESIAN_POINT('',(-760.,435.,520.));
#8052 = DIRECTION('',(1.,0.,-0.));
#8053 = DIRECTION('',(0.,0.,1.));
#8054 = DEFINITIONAL_REPRESENTATION('',(#8055),#8059);
#8055 = LINE('',#8056,#8057);
#8056 = CARTESIAN_POINT('',(0.,0.));
#8057 = VECTOR('',#8058,1.);
#8058 = DIRECTION('',(1.,0.));
#8059 = ( GEOMETRIC_REPRESENTATION_CONTEXT(2) 
PARAMETRIC_REPRESENTATION_CONTEXT() REPRESENTATION_CONTEXT('2D SPACE',''
  ) );
#8060 = ORIENTED_EDGE('',*,*,#8061,.T.);
#8061 = EDGE_CURVE('',#8034,#8062,#8064,.T.);
#8062 = VERTEX_POINT('',#8063);
#8063 = CARTESIAN_POINT('',(-700.,435.,670.));
#8064 = SURFACE_CURVE('',#8065,(#8069,#8076),.PCURVE_S1.);
#8065 = LINE('',#8066,#8067);
#8066 = CARTESIAN_POINT('',(-760.,435.,670.));
#8067 = VECTOR('',#8068,1.);
#8068 = DIRECTION('',(1.,0.,-0.));
#8069 = PCURVE('',#7049,#8070);
#8070 = DEFINITIONAL_REPRESENTATION('',(#8071),#8075);
#8071 = LINE('',#8072,#8073);
#8072 = CARTESIAN_POINT('',(150.,0.));
#8073 = VECTOR('',#8074,1.);
#8074 = DIRECTION('',(0.,1.));
#8075 = ( GEOMETRIC_REPRESENTATION_CONTEXT(2) 
PARAMETRIC_REPRESENTATION_CONTEXT() REPRESENTATION_CONTEXT('2D SPACE',''
  ) );
#8076 = PCURVE('',#8077,#8082);
#8077 = PLANE('',#8078);
#8078 = AXIS2_PLACEMENT_3D('',#8079,#8080,#8081);
#8079 = CARTESIAN_POINT('',(-760.,435.,670.));
#8080 = DIRECTION('',(0.,0.,1.));
#8081 = DIRECTION('',(1.,0.,-0.));
#8082 = DEFINITIONAL_REPRESENTATION('',(#8083),#8087);
#8083 = LINE('',#8084,#8085);
#8084 = CARTESIAN_POINT('',(0.,0.));
#8085 = VECTOR('',#8086,1.);
#8086 = DIRECTION('',(1.,0.));
#8087 = ( GEOMETRIC_REPRESENTATION_CONTEXT(2) 
PARAMETRIC_REPRESENTATION_CONTEXT() REPRESENTATION_CONTEXT('2D SPACE',''
  ) );
#8088 = ORIENTED_EDGE('',*,*,#8089,.F.);
#8089 = EDGE_CURVE('',#7034,#8062,#8090,.T.);
#8090 = SURFACE_CURVE('',#8091,(#8095,#8102),.PCURVE_S1.);
#8091 = LINE('',#8092,#8093);
#8092 = CARTESIAN_POINT('',(-700.,435.,520.));
#8093 = VECTOR('',#8094,1.);
#8094 = DIRECTION('',(0.,0.,1.));
#8095 = PCURVE('',#7049,#8096);
#8096 = DEFINITIONAL_REPRESENTATION('',(#8097),#8101);
#8097 = LINE('',#8098,#8099);
#8098 = CARTESIAN_POINT('',(0.,60.));
#8099 = VECTOR('',#8100,1.);
#8100 = DIRECTION('',(1.,0.));
#8101 = ( GEOMETRIC_REPRESENTATION_CONTEXT(2) 
PARAMETRIC_REPRESENTATION_CONTEXT() REPRESENTATION_CONTEXT('2D SPACE',''
  ) );
#8102 = PCURVE('',#7995,#8103);
#8103 = DEFINITIONAL_REPRESENTATION('',(#8104),#8108);
#8104 = LINE('',#8105,#8106);
#8105 = CARTESIAN_POINT('',(0.,0.));
#8106 = VECTOR('',#8107,1.);
#8107 = DIRECTION('',(1.,0.));
#8108 = ( GEOMETRIC_REPRESENTATION_CONTEXT(2) 
PARAMETRIC_REPRESENTATION_CONTEXT() REPRESENTATION_CONTEXT('2D SPACE',''
  ) );
#8109 = ORIENTED_EDGE('',*,*,#7033,.F.);
#8110 = FACE_BOUND('',#8111,.F.);
#8111 = EDGE_LOOP('',(#8112));
#8112 = ORIENTED_EDGE('',*,*,#8113,.T.);
#8113 = EDGE_CURVE('',#8114,#8114,#8116,.T.);
#8114 = VERTEX_POINT('',#8115);
#8115 = CARTESIAN_POINT('',(-721.,435.,640.));
#8116 = SURFACE_CURVE('',#8117,(#8122,#8133),.PCURVE_S1.);
#8117 = CIRCLE('',#8118,11.);
#8118 = AXIS2_PLACEMENT_3D('',#8119,#8120,#8121);
#8119 = CARTESIAN_POINT('',(-732.,435.,640.));
#8120 = DIRECTION('',(0.,-1.,2.22044604925E-16));
#8121 = DIRECTION('',(1.,0.,0.));
#8122 = PCURVE('',#7049,#8123);
#8123 = DEFINITIONAL_REPRESENTATION('',(#8124),#8132);
#8124 = ( BOUNDED_CURVE() B_SPLINE_CURVE(2,(#8125,#8126,#8127,#8128,
#8129,#8130,#8131),.UNSPECIFIED.,.T.,.F.) B_SPLINE_CURVE_WITH_KNOTS((1,2
    ,2,2,2,1),(-2.094395102393,0.,2.094395102393,4.188790204786,
6.28318530718,8.377580409573),.UNSPECIFIED.) CURVE() 
GEOMETRIC_REPRESENTATION_ITEM() RATIONAL_B_SPLINE_CURVE((1.,0.5,1.,0.5,
1.,0.5,1.)) REPRESENTATION_ITEM('') );
#8125 = CARTESIAN_POINT('',(120.,39.));
#8126 = CARTESIAN_POINT('',(139.05255888325,39.));
#8127 = CARTESIAN_POINT('',(129.52627944162,22.5));
#8128 = CARTESIAN_POINT('',(120.,6.));
#8129 = CARTESIAN_POINT('',(110.47372055837,22.5));
#8130 = CARTESIAN_POINT('',(100.94744111674,39.));
#8131 = CARTESIAN_POINT('',(120.,39.));
#8132 = ( GEOMETRIC_REPRESENTATION_CONTEXT(2) 
PARAMETRIC_REPRESENTATION_CONTEXT() REPRESENTATION_CONTEXT('2D SPACE',''
  ) );
#8133 = PCURVE('',#8134,#8139);
#8134 = CYLINDRICAL_SURFACE('',#8135,11.);
#8135 = AXIS2_PLACEMENT_3D('',#8136,#8137,#8138);
#8136 = CARTESIAN_POINT('',(-732.,446.,640.));
#8137 = DIRECTION('',(0.,-1.,2.22044604925E-16));
#8138 = DIRECTION('',(1.,0.,0.));
#8139 = DEFINITIONAL_REPRESENTATION('',(#8140),#8144);
#8140 = LINE('',#8141,#8142);
#8141 = CARTESIAN_POINT('',(0.,11.));
#8142 = VECTOR('',#8143,1.);
#8143 = DIRECTION('',(1.,0.));
#8144 = ( GEOMETRIC_REPRESENTATION_CONTEXT(2) 
PARAMETRIC_REPRESENTATION_CONTEXT() REPRESENTATION_CONTEXT('2D SPACE',''
  ) );
#8145 = ADVANCED_FACE('',(#8146),#6914,.F.);
#8146 = FACE_BOUND('',#8147,.F.);
#8147 = EDGE_LOOP('',(#8148,#8171,#8194,#8215,#8216,#8239,#8260,#8261));
#8148 = ORIENTED_EDGE('',*,*,#8149,.T.);
#8149 = EDGE_CURVE('',#6983,#8150,#8152,.T.);
#8150 = VERTEX_POINT('',#8151);
#8151 = CARTESIAN_POINT('',(-660.,230.,520.));
#8152 = SURFACE_CURVE('',#8153,(#8157,#8164),.PCURVE_S1.);
#8153 = LINE('',#8154,#8155);
#8154 = CARTESIAN_POINT('',(-700.,230.,520.));
#8155 = VECTOR('',#8156,1.);
#8156 = DIRECTION('',(1.,0.,-0.));
#8157 = PCURVE('',#6914,#8158);
#8158 = DEFINITIONAL_REPRESENTATION('',(#8159),#8163);
#8159 = LINE('',#8160,#8161);
#8160 = CARTESIAN_POINT('',(0.,40.));
#8161 = VECTOR('',#8162,1.);
#8162 = DIRECTION('',(1.,0.));
#8163 = ( GEOMETRIC_REPRESENTATION_CONTEXT(2) 
PARAMETRIC_REPRESENTATION_CONTEXT() REPRESENTATION_CONTEXT('2D SPACE',''
  ) );
#8164 = PCURVE('',#6998,#8165);
#8165 = DEFINITIONAL_REPRESENTATION('',(#8166),#8170);
#8166 = LINE('',#8167,#8168);
#8167 = CARTESIAN_POINT('',(480.,0.));
#8168 = VECTOR('',#8169,1.);
#8169 = DIRECTION('',(0.,1.));
#8170 = ( GEOMETRIC_REPRESENTATION_CONTEXT(2) 
PARAMETRIC_REPRESENTATION_CONTEXT() REPRESENTATION_CONTEXT('2D SPACE',''
  ) );
#8171 = ORIENTED_EDGE('',*,*,#8172,.T.);
#8172 = EDGE_CURVE('',#8150,#8173,#8175,.T.);
#8173 = VERTEX_POINT('',#8174);
#8174 = CARTESIAN_POINT('',(-660.,650.,520.));
#8175 = SURFACE_CURVE('',#8176,(#8180,#8187),.PCURVE_S1.);
#8176 = LINE('',#8177,#8178);
#8177 = CARTESIAN_POINT('',(-660.,230.,520.));
#8178 = VECTOR('',#8179,1.);
#8179 = DIRECTION('',(-0.,1.,0.));
#8180 = PCURVE('',#6914,#8181);
#8181 = DEFINITIONAL_REPRESENTATION('',(#8182),#8186);
#8182 = LINE('',#8183,#8184);
#8183 = CARTESIAN_POINT('',(40.,40.));
#8184 = VECTOR('',#8185,1.);
#8185 = DIRECTION('',(0.,1.));
#8186 = ( GEOMETRIC_REPRESENTATION_CONTEXT(2) 
PARAMETRIC_REPRESENTATION_CONTEXT() REPRESENTATION_CONTEXT('2D SPACE',''
  ) );
#8187 = PCURVE('',#7896,#8188);
#8188 = DEFINITIONAL_REPRESENTATION('',(#8189),#8193);
#8189 = LINE('',#8190,#8191);
#8190 = CARTESIAN_POINT('',(0.,0.));
#8191 = VECTOR('',#8192,1.);
#8192 = DIRECTION('',(0.,-1.));
#8193 = ( GEOMETRIC_REPRESENTATION_CONTEXT(2) 
PARAMETRIC_REPRESENTATION_CONTEXT() REPRESENTATION_CONTEXT('2D SPACE',''
  ) );
#8194 = ORIENTED_EDGE('',*,*,#8195,.F.);
#8195 = EDGE_CURVE('',#6899,#8173,#8196,.T.);
#8196 = SURFACE_CURVE('',#8197,(#8201,#8208),.PCURVE_S1.);
#8197 = LINE('',#8198,#8199);
#8198 = CARTESIAN_POINT('',(-700.,650.,520.));
#8199 = VECTOR('',#8200,1.);
#8200 = DIRECTION('',(1.,0.,-0.));
#8201 = PCURVE('',#6914,#8202);
#8202 = DEFINITIONAL_REPRESENTATION('',(#8203),#8207);
#8203 = LINE('',#8204,#8205);
#8204 = CARTESIAN_POINT('',(0.,460.));
#8205 = VECTOR('',#8206,1.);
#8206 = DIRECTION('',(1.,0.));
#8207 = ( GEOMETRIC_REPRESENTATION_CONTEXT(2) 
PARAMETRIC_REPRESENTATION_CONTEXT() REPRESENTATION_CONTEXT('2D SPACE',''
  ) );
#8208 = PCURVE('',#6942,#8209);
#8209 = DEFINITIONAL_REPRESENTATION('',(#8210),#8214);
#8210 = LINE('',#8211,#8212);
#8211 = CARTESIAN_POINT('',(480.,0.));
#8212 = VECTOR('',#8213,1.);
#8213 = DIRECTION('',(0.,1.));
#8214 = ( GEOMETRIC_REPRESENTATION_CONTEXT(2) 
PARAMETRIC_REPRESENTATION_CONTEXT() REPRESENTATION_CONTEXT('2D SPACE',''
  ) );
#8215 = ORIENTED_EDGE('',*,*,#6898,.T.);
#8216 = ORIENTED_EDGE('',*,*,#8217,.F.);
#8217 = EDGE_CURVE('',#8218,#6871,#8220,.T.);
#8218 = VERTEX_POINT('',#8219);
#8219 = CARTESIAN_POINT('',(-760.,445.,520.));
#8220 = SURFACE_CURVE('',#8221,(#8225,#8232),.PCURVE_S1.);
#8221 = LINE('',#8222,#8223);
#8222 = CARTESIAN_POINT('',(-760.,445.,520.));
#8223 = VECTOR('',#8224,1.);
#8224 = DIRECTION('',(1.,0.,-0.));
#8225 = PCURVE('',#6914,#8226);
#8226 = DEFINITIONAL_REPRESENTATION('',(#8227),#8231);
#8227 = LINE('',#8228,#8229);
#8228 = CARTESIAN_POINT('',(-60.,255.));
#8229 = VECTOR('',#8230,1.);
#8230 = DIRECTION('',(1.,0.));
#8231 = ( GEOMETRIC_REPRESENTATION_CONTEXT(2) 
PARAMETRIC_REPRESENTATION_CONTEXT() REPRESENTATION_CONTEXT('2D SPACE',''
  ) );
#8232 = PCURVE('',#6886,#8233);
#8233 = DEFINITIONAL_REPRESENTATION('',(#8234),#8238);
#8234 = LINE('',#8235,#8236);
#8235 = CARTESIAN_POINT('',(0.,0.));
#8236 = VECTOR('',#8237,1.);
#8237 = DIRECTION('',(0.,1.));
#8238 = ( GEOMETRIC_REPRESENTATION_CONTEXT(2) 
PARAMETRIC_REPRESENTATION_CONTEXT() REPRESENTATION_CONTEXT('2D SPACE',''
  ) );
#8239 = ORIENTED_EDGE('',*,*,#8240,.F.);
#8240 = EDGE_CURVE('',#8011,#8218,#8241,.T.);
#8241 = SURFACE_CURVE('',#8242,(#8246,#8253),.PCURVE_S1.);
#8242 = LINE('',#8243,#8244);
#8243 = CARTESIAN_POINT('',(-760.,435.,520.));
#8244 = VECTOR('',#8245,1.);
#8245 = DIRECTION('',(-0.,1.,0.));
#8246 = PCURVE('',#6914,#8247);
#8247 = DEFINITIONAL_REPRESENTATION('',(#8248),#8252);
#8248 = LINE('',#8249,#8250);
#8249 = CARTESIAN_POINT('',(-60.,245.));
#8250 = VECTOR('',#8251,1.);
#8251 = DIRECTION('',(0.,1.));
#8252 = ( GEOMETRIC_REPRESENTATION_CONTEXT(2) 
PARAMETRIC_REPRESENTATION_CONTEXT() REPRESENTATION_CONTEXT('2D SPACE',''
  ) );
#8253 = PCURVE('',#8049,#8254);
#8254 = DEFINITIONAL_REPRESENTATION('',(#8255),#8259);
#8255 = LINE('',#8256,#8257);
#8256 = CARTESIAN_POINT('',(0.,0.));
#8257 = VECTOR('',#8258,1.);
#8258 = DIRECTION('',(0.,-1.));
#8259 = ( GEOMETRIC_REPRESENTATION_CONTEXT(2) 
PARAMETRIC_REPRESENTATION_CONTEXT() REPRESENTATION_CONTEXT('2D SPACE',''
  ) );
#8260 = ORIENTED_EDGE('',*,*,#8010,.T.);
#8261 = ORIENTED_EDGE('',*,*,#7010,.T.);
#8262 = ADVANCED_FACE('',(#8263),#6998,.T.);
#8263 = FACE_BOUND('',#8264,.T.);
#8264 = EDGE_LOOP('',(#8265,#8288,#8289,#8290));
#8265 = ORIENTED_EDGE('',*,*,#8266,.F.);
#8266 = EDGE_CURVE('',#6955,#8267,#8269,.T.);
#8267 = VERTEX_POINT('',#8268);
#8268 = CARTESIAN_POINT('',(-660.,230.,40.));
#8269 = SURFACE_CURVE('',#8270,(#8274,#8281),.PCURVE_S1.);
#8270 = LINE('',#8271,#8272);
#8271 = CARTESIAN_POINT('',(-700.,230.,40.));
#8272 = VECTOR('',#8273,1.);
#8273 = DIRECTION('',(1.,0.,-0.));
#8274 = PCURVE('',#6998,#8275);
#8275 = DEFINITIONAL_REPRESENTATION('',(#8276),#8280);
#8276 = LINE('',#8277,#8278);
#8277 = CARTESIAN_POINT('',(0.,0.));
#8278 = VECTOR('',#8279,1.);
#8279 = DIRECTION('',(0.,1.));
#8280 = ( GEOMETRIC_REPRESENTATION_CONTEXT(2) 
PARAMETRIC_REPRESENTATION_CONTEXT() REPRESENTATION_CONTEXT('2D SPACE',''
  ) );
#8281 = PCURVE('',#6970,#8282);
#8282 = DEFINITIONAL_REPRESENTATION('',(#8283),#8287);
#8283 = LINE('',#8284,#8285);
#8284 = CARTESIAN_POINT('',(0.,40.));
#8285 = VECTOR('',#8286,1.);
#8286 = DIRECTION('',(1.,0.));
#8287 = ( GEOMETRIC_REPRESENTATION_CONTEXT(2) 
PARAMETRIC_REPRESENTATION_CONTEXT() REPRESENTATION_CONTEXT('2D SPACE',''
  ) );
#8288 = ORIENTED_EDGE('',*,*,#6982,.T.);
#8289 = ORIENTED_EDGE('',*,*,#8149,.T.);
#8290 = ORIENTED_EDGE('',*,*,#8291,.F.);
#8291 = EDGE_CURVE('',#8267,#8150,#8292,.T.);
#8292 = SURFACE_CURVE('',#8293,(#8297,#8304),.PCURVE_S1.);
#8293 = LINE('',#8294,#8295);
#8294 = CARTESIAN_POINT('',(-660.,230.,40.));
#8295 = VECTOR('',#8296,1.);
#8296 = DIRECTION('',(0.,0.,1.));
#8297 = PCURVE('',#6998,#8298);
#8298 = DEFINITIONAL_REPRESENTATION('',(#8299),#8303);
#8299 = LINE('',#8300,#8301);
#8300 = CARTESIAN_POINT('',(0.,40.));
#8301 = VECTOR('',#8302,1.);
#8302 = DIRECTION('',(1.,0.));
#8303 = ( GEOMETRIC_REPRESENTATION_CONTEXT(2) 
PARAMETRIC_REPRESENTATION_CONTEXT() REPRESENTATION_CONTEXT('2D SPACE',''
  ) );
#8304 = PCURVE('',#7571,#8305);
#8305 = DEFINITIONAL_REPRESENTATION('',(#8306),#8310);
#8306 = LINE('',#8307,#8308);
#8307 = CARTESIAN_POINT('',(0.,-40.));
#8308 = VECTOR('',#8309,1.);
#8309 = DIRECTION('',(1.,0.));
#8310 = ( GEOMETRIC_REPRESENTATION_CONTEXT(2) 
PARAMETRIC_REPRESENTATION_CONTEXT() REPRESENTATION_CONTEXT('2D SPACE',''
  ) );
#8311 = ADVANCED_FACE('',(#8312),#6970,.T.);
#8312 = FACE_BOUND('',#8313,.T.);
#8313 = EDGE_LOOP('',(#8314,#8315,#8316,#8344));
#8314 = ORIENTED_EDGE('',*,*,#6954,.F.);
#8315 = ORIENTED_EDGE('',*,*,#8266,.T.);
#8316 = ORIENTED_EDGE('',*,*,#8317,.T.);
#8317 = EDGE_CURVE('',#8267,#8318,#8320,.T.);
#8318 = VERTEX_POINT('',#8319);
#8319 = CARTESIAN_POINT('',(-660.,650.,40.));
#8320 = SURFACE_CURVE('',#8321,(#8325,#8332),.PCURVE_S1.);
#8321 = LINE('',#8322,#8323);
#8322 = CARTESIAN_POINT('',(-660.,230.,40.));
#8323 = VECTOR('',#8324,1.);
#8324 = DIRECTION('',(-0.,1.,0.));
#8325 = PCURVE('',#6970,#8326);
#8326 = DEFINITIONAL_REPRESENTATION('',(#8327),#8331);
#8327 = LINE('',#8328,#8329);
#8328 = CARTESIAN_POINT('',(40.,40.));
#8329 = VECTOR('',#8330,1.);
#8330 = DIRECTION('',(0.,1.));
#8331 = ( GEOMETRIC_REPRESENTATION_CONTEXT(2) 
PARAMETRIC_REPRESENTATION_CONTEXT() REPRESENTATION_CONTEXT('2D SPACE',''
  ) );
#8332 = PCURVE('',#8333,#8338);
#8333 = PLANE('',#8334);
#8334 = AXIS2_PLACEMENT_3D('',#8335,#8336,#8337);
#8335 = CARTESIAN_POINT('',(-660.,230.,0.));
#8336 = DIRECTION('',(1.,0.,-0.));
#8337 = DIRECTION('',(0.,0.,1.));
#8338 = DEFINITIONAL_REPRESENTATION('',(#8339),#8343);
#8339 = LINE('',#8340,#8341);
#8340 = CARTESIAN_POINT('',(40.,0.));
#8341 = VECTOR('',#8342,1.);
#8342 = DIRECTION('',(0.,-1.));
#8343 = ( GEOMETRIC_REPRESENTATION_CONTEXT(2) 
PARAMETRIC_REPRESENTATION_CONTEXT() REPRESENTATION_CONTEXT('2D SPACE',''
  ) );
#8344 = ORIENTED_EDGE('',*,*,#8345,.F.);
#8345 = EDGE_CURVE('',#6927,#8318,#8346,.T.);
#8346 = SURFACE_CURVE('',#8347,(#8351,#8358),.PCURVE_S1.);
#8347 = LINE('',#8348,#8349);
#8348 = CARTESIAN_POINT('',(-700.,650.,40.));
#8349 = VECTOR('',#8350,1.);
#8350 = DIRECTION('',(1.,0.,-0.));
#8351 = PCURVE('',#6970,#8352);
#8352 = DEFINITIONAL_REPRESENTATION('',(#8353),#8357);
#8353 = LINE('',#8354,#8355);
#8354 = CARTESIAN_POINT('',(0.,460.));
#8355 = VECTOR('',#8356,1.);
#8356 = DIRECTION('',(1.,0.));
#8357 = ( GEOMETRIC_REPRESENTATION_CONTEXT(2) 
PARAMETRIC_REPRESENTATION_CONTEXT() REPRESENTATION_CONTEXT('2D SPACE',''
  ) );
#8358 = PCURVE('',#6942,#8359);
#8359 = DEFINITIONAL_REPRESENTATION('',(#8360),#8364);
#8360 = LINE('',#8361,#8362);
#8361 = CARTESIAN_POINT('',(0.,0.));
#8362 = VECTOR('',#8363,1.);
#8363 = DIRECTION('',(0.,1.));
#8364 = ( GEOMETRIC_REPRESENTATION_CONTEXT(2) 
PARAMETRIC_REPRESENTATION_CONTEXT() REPRESENTATION_CONTEXT('2D SPACE',''
  ) );
#8365 = ADVANCED_FACE('',(#8366),#6942,.F.);
#8366 = FACE_BOUND('',#8367,.F.);
#8367 = EDGE_LOOP('',(#8368,#8369,#8370,#8371));
#8368 = ORIENTED_EDGE('',*,*,#8345,.F.);
#8369 = ORIENTED_EDGE('',*,*,#6926,.T.);
#8370 = ORIENTED_EDGE('',*,*,#8195,.T.);
#8371 = ORIENTED_EDGE('',*,*,#8372,.F.);
#8372 = EDGE_CURVE('',#8318,#8173,#8373,.T.);
#8373 = SURFACE_CURVE('',#8374,(#8378,#8385),.PCURVE_S1.);
#8374 = LINE('',#8375,#8376);
#8375 = CARTESIAN_POINT('',(-660.,650.,40.));
#8376 = VECTOR('',#8377,1.);
#8377 = DIRECTION('',(0.,0.,1.));
#8378 = PCURVE('',#6942,#8379);
#8379 = DEFINITIONAL_REPRESENTATION('',(#8380),#8384);
#8380 = LINE('',#8381,#8382);
#8381 = CARTESIAN_POINT('',(0.,40.));
#8382 = VECTOR('',#8383,1.);
#8383 = DIRECTION('',(1.,0.));
#8384 = ( GEOMETRIC_REPRESENTATION_CONTEXT(2) 
PARAMETRIC_REPRESENTATION_CONTEXT() REPRESENTATION_CONTEXT('2D SPACE',''
  ) );
#8385 = PCURVE('',#8386,#8391);
#8386 = PLANE('',#8387);
#8387 = AXIS2_PLACEMENT_3D('',#8388,#8389,#8390);
#8388 = CARTESIAN_POINT('',(-660.,650.,40.));
#8389 = DIRECTION('',(1.,0.,-0.));
#8390 = DIRECTION('',(0.,0.,1.));
#8391 = DEFINITIONAL_REPRESENTATION('',(#8392),#8396);
#8392 = LINE('',#8393,#8394);
#8393 = CARTESIAN_POINT('',(0.,0.));
#8394 = VECTOR('',#8395,1.);
#8395 = DIRECTION('',(1.,0.));
#8396 = ( GEOMETRIC_REPRESENTATION_CONTEXT(2) 
PARAMETRIC_REPRESENTATION_CONTEXT() REPRESENTATION_CONTEXT('2D SPACE',''
  ) );
#8397 = ADVANCED_FACE('',(#8398,#8469),#6886,.T.);
#8398 = FACE_BOUND('',#8399,.T.);
#8399 = EDGE_LOOP('',(#8400,#8401,#8424,#8447,#8468));
#8400 = ORIENTED_EDGE('',*,*,#8217,.F.);
#8401 = ORIENTED_EDGE('',*,*,#8402,.T.);
#8402 = EDGE_CURVE('',#8218,#8403,#8405,.T.);
#8403 = VERTEX_POINT('',#8404);
#8404 = CARTESIAN_POINT('',(-760.,445.,670.));
#8405 = SURFACE_CURVE('',#8406,(#8410,#8417),.PCURVE_S1.);
#8406 = LINE('',#8407,#8408);
#8407 = CARTESIAN_POINT('',(-760.,445.,520.));
#8408 = VECTOR('',#8409,1.);
#8409 = DIRECTION('',(0.,0.,1.));
#8410 = PCURVE('',#6886,#8411);
#8411 = DEFINITIONAL_REPRESENTATION('',(#8412),#8416);
#8412 = LINE('',#8413,#8414);
#8413 = CARTESIAN_POINT('',(0.,0.));
#8414 = VECTOR('',#8415,1.);
#8415 = DIRECTION('',(1.,0.));
#8416 = ( GEOMETRIC_REPRESENTATION_CONTEXT(2) 
PARAMETRIC_REPRESENTATION_CONTEXT() REPRESENTATION_CONTEXT('2D SPACE',''
  ) );
#8417 = PCURVE('',#8049,#8418);
#8418 = DEFINITIONAL_REPRESENTATION('',(#8419),#8423);
#8419 = LINE('',#8420,#8421);
#8420 = CARTESIAN_POINT('',(0.,-10.));
#8421 = VECTOR('',#8422,1.);
#8422 = DIRECTION('',(1.,0.));
#8423 = ( GEOMETRIC_REPRESENTATION_CONTEXT(2) 
PARAMETRIC_REPRESENTATION_CONTEXT() REPRESENTATION_CONTEXT('2D SPACE',''
  ) );
#8424 = ORIENTED_EDGE('',*,*,#8425,.T.);
#8425 = EDGE_CURVE('',#8403,#8426,#8428,.T.);
#8426 = VERTEX_POINT('',#8427);
#8427 = CARTESIAN_POINT('',(-700.,445.,670.));
#8428 = SURFACE_CURVE('',#8429,(#8433,#8440),.PCURVE_S1.);
#8429 = LINE('',#8430,#8431);
#8430 = CARTESIAN_POINT('',(-760.,445.,670.));
#8431 = VECTOR('',#8432,1.);
#8432 = DIRECTION('',(1.,0.,-0.));
#8433 = PCURVE('',#6886,#8434);
#8434 = DEFINITIONAL_REPRESENTATION('',(#8435),#8439);
#8435 = LINE('',#8436,#8437);
#8436 = CARTESIAN_POINT('',(150.,0.));
#8437 = VECTOR('',#8438,1.);
#8438 = DIRECTION('',(0.,1.));
#8439 = ( GEOMETRIC_REPRESENTATION_CONTEXT(2) 
PARAMETRIC_REPRESENTATION_CONTEXT() REPRESENTATION_CONTEXT('2D SPACE',''
  ) );
#8440 = PCURVE('',#8077,#8441);
#8441 = DEFINITIONAL_REPRESENTATION('',(#8442),#8446);
#8442 = LINE('',#8443,#8444);
#8443 = CARTESIAN_POINT('',(0.,10.));
#8444 = VECTOR('',#8445,1.);
#8445 = DIRECTION('',(1.,0.));
#8446 = ( GEOMETRIC_REPRESENTATION_CONTEXT(2) 
PARAMETRIC_REPRESENTATION_CONTEXT() REPRESENTATION_CONTEXT('2D SPACE',''
  ) );
#8447 = ORIENTED_EDGE('',*,*,#8448,.F.);
#8448 = EDGE_CURVE('',#6843,#8426,#8449,.T.);
#8449 = SURFACE_CURVE('',#8450,(#8454,#8461),.PCURVE_S1.);
#8450 = LINE('',#8451,#8452);
#8451 = CARTESIAN_POINT('',(-700.,445.,520.));
#8452 = VECTOR('',#8453,1.);
#8453 = DIRECTION('',(0.,0.,1.));
#8454 = PCURVE('',#6886,#8455);
#8455 = DEFINITIONAL_REPRESENTATION('',(#8456),#8460);
#8456 = LINE('',#8457,#8458);
#8457 = CARTESIAN_POINT('',(0.,60.));
#8458 = VECTOR('',#8459,1.);
#8459 = DIRECTION('',(1.,0.));
#8460 = ( GEOMETRIC_REPRESENTATION_CONTEXT(2) 
PARAMETRIC_REPRESENTATION_CONTEXT() REPRESENTATION_CONTEXT('2D SPACE',''
  ) );
#8461 = PCURVE('',#7995,#8462);
#8462 = DEFINITIONAL_REPRESENTATION('',(#8463),#8467);
#8463 = LINE('',#8464,#8465);
#8464 = CARTESIAN_POINT('',(0.,-10.));
#8465 = VECTOR('',#8466,1.);
#8466 = DIRECTION('',(1.,0.));
#8467 = ( GEOMETRIC_REPRESENTATION_CONTEXT(2) 
PARAMETRIC_REPRESENTATION_CONTEXT() REPRESENTATION_CONTEXT('2D SPACE',''
  ) );
#8468 = ORIENTED_EDGE('',*,*,#6870,.F.);
#8469 = FACE_BOUND('',#8470,.T.);
#8470 = EDGE_LOOP('',(#8471));
#8471 = ORIENTED_EDGE('',*,*,#8472,.T.);
#8472 = EDGE_CURVE('',#8473,#8473,#8475,.T.);
#8473 = VERTEX_POINT('',#8474);
#8474 = CARTESIAN_POINT('',(-721.,445.,640.));
#8475 = SURFACE_CURVE('',#8476,(#8481,#8492),.PCURVE_S1.);
#8476 = CIRCLE('',#8477,11.);
#8477 = AXIS2_PLACEMENT_3D('',#8478,#8479,#8480);
#8478 = CARTESIAN_POINT('',(-732.,445.,640.));
#8479 = DIRECTION('',(0.,-1.,2.22044604925E-16));
#8480 = DIRECTION('',(1.,0.,0.));
#8481 = PCURVE('',#6886,#8482);
#8482 = DEFINITIONAL_REPRESENTATION('',(#8483),#8491);
#8483 = ( BOUNDED_CURVE() B_SPLINE_CURVE(2,(#8484,#8485,#8486,#8487,
#8488,#8489,#8490),.UNSPECIFIED.,.T.,.F.) B_SPLINE_CURVE_WITH_KNOTS((1,2
    ,2,2,2,1),(-2.094395102393,0.,2.094395102393,4.188790204786,
6.28318530718,8.377580409573),.UNSPECIFIED.) CURVE() 
GEOMETRIC_REPRESENTATION_ITEM() RATIONAL_B_SPLINE_CURVE((1.,0.5,1.,0.5,
1.,0.5,1.)) REPRESENTATION_ITEM('') );
#8484 = CARTESIAN_POINT('',(120.,39.));
#8485 = CARTESIAN_POINT('',(139.05255888325,39.));
#8486 = CARTESIAN_POINT('',(129.52627944162,22.5));
#8487 = CARTESIAN_POINT('',(120.,6.));
#8488 = CARTESIAN_POINT('',(110.47372055837,22.5));
#8489 = CARTESIAN_POINT('',(100.94744111674,39.));
#8490 = CARTESIAN_POINT('',(120.,39.));
#8491 = ( GEOMETRIC_REPRESENTATION_CONTEXT(2) 
PARAMETRIC_REPRESENTATION_CONTEXT() REPRESENTATION_CONTEXT('2D SPACE',''
  ) );
#8492 = PCURVE('',#8134,#8493);
#8493 = DEFINITIONAL_REPRESENTATION('',(#8494),#8498);
#8494 = LINE('',#8495,#8496);
#8495 = CARTESIAN_POINT('',(0.,1.));
#8496 = VECTOR('',#8497,1.);
#8497 = DIRECTION('',(1.,0.));
#8498 = ( GEOMETRIC_REPRESENTATION_CONTEXT(2) 
PARAMETRIC_REPRESENTATION_CONTEXT() REPRESENTATION_CONTEXT('2D SPACE',''
  ) );
#8499 = ADVANCED_FACE('',(#8500,#8640),#6830,.T.);
#8500 = FACE_BOUND('',#8501,.T.);
#8501 = EDGE_LOOP('',(#8502,#8525,#8526,#8527,#8550,#8573,#8596,#8619));
#8502 = ORIENTED_EDGE('',*,*,#8503,.F.);
#8503 = EDGE_CURVE('',#6787,#8504,#8506,.T.);
#8504 = VERTEX_POINT('',#8505);
#8505 = CARTESIAN_POINT('',(0.,690.,0.));
#8506 = SURFACE_CURVE('',#8507,(#8511,#8518),.PCURVE_S1.);
#8507 = LINE('',#8508,#8509);
#8508 = CARTESIAN_POINT('',(-700.,690.,0.));
#8509 = VECTOR('',#8510,1.);
#8510 = DIRECTION('',(1.,0.,-0.));
#8511 = PCURVE('',#6830,#8512);
#8512 = DEFINITIONAL_REPRESENTATION('',(#8513),#8517);
#8513 = LINE('',#8514,#8515);
#8514 = CARTESIAN_POINT('',(0.,0.));
#8515 = VECTOR('',#8516,1.);
#8516 = DIRECTION('',(0.,1.));
#8517 = ( GEOMETRIC_REPRESENTATION_CONTEXT(2) 
PARAMETRIC_REPRESENTATION_CONTEXT() REPRESENTATION_CONTEXT('2D SPACE',''
  ) );
#8518 = PCURVE('',#6802,#8519);
#8519 = DEFINITIONAL_REPRESENTATION('',(#8520),#8524);
#8520 = LINE('',#8521,#8522);
#8521 = CARTESIAN_POINT('',(0.,500.));
#8522 = VECTOR('',#8523,1.);
#8523 = DIRECTION('',(1.,0.));
#8524 = ( GEOMETRIC_REPRESENTATION_CONTEXT(2) 
PARAMETRIC_REPRESENTATION_CONTEXT() REPRESENTATION_CONTEXT('2D SPACE',''
  ) );
#8525 = ORIENTED_EDGE('',*,*,#6814,.F.);
#8526 = ORIENTED_EDGE('',*,*,#7959,.T.);
#8527 = ORIENTED_EDGE('',*,*,#8528,.T.);
#8528 = EDGE_CURVE('',#7937,#8529,#8531,.T.);
#8529 = VERTEX_POINT('',#8530);
#8530 = CARTESIAN_POINT('',(-450.,690.,570.));
#8531 = SURFACE_CURVE('',#8532,(#8536,#8543),.PCURVE_S1.);
#8532 = LINE('',#8533,#8534);
#8533 = CARTESIAN_POINT('',(-450.,690.,560.));
#8534 = VECTOR('',#8535,1.);
#8535 = DIRECTION('',(0.,0.,1.));
#8536 = PCURVE('',#6830,#8537);
#8537 = DEFINITIONAL_REPRESENTATION('',(#8538),#8542);
#8538 = LINE('',#8539,#8540);
#8539 = CARTESIAN_POINT('',(560.,250.));
#8540 = VECTOR('',#8541,1.);
#8541 = DIRECTION('',(1.,0.));
#8542 = ( GEOMETRIC_REPRESENTATION_CONTEXT(2) 
PARAMETRIC_REPRESENTATION_CONTEXT() REPRESENTATION_CONTEXT('2D SPACE',''
  ) );
#8543 = PCURVE('',#7730,#8544);
#8544 = DEFINITIONAL_REPRESENTATION('',(#8545),#8549);
#8545 = LINE('',#8546,#8547);
#8546 = CARTESIAN_POINT('',(0.,-500.));
#8547 = VECTOR('',#8548,1.);
#8548 = DIRECTION('',(1.,0.));
#8549 = ( GEOMETRIC_REPRESENTATION_CONTEXT(2) 
PARAMETRIC_REPRESENTATION_CONTEXT() REPRESENTATION_CONTEXT('2D SPACE',''
  ) );
#8550 = ORIENTED_EDGE('',*,*,#8551,.T.);
#8551 = EDGE_CURVE('',#8529,#8552,#8554,.T.);
#8552 = VERTEX_POINT('',#8553);
#8553 = CARTESIAN_POINT('',(-150.,690.,570.));
#8554 = SURFACE_CURVE('',#8555,(#8559,#8566),.PCURVE_S1.);
#8555 = LINE('',#8556,#8557);
#8556 = CARTESIAN_POINT('',(-450.,690.,570.));
#8557 = VECTOR('',#8558,1.);
#8558 = DIRECTION('',(1.,0.,-0.));
#8559 = PCURVE('',#6830,#8560);
#8560 = DEFINITIONAL_REPRESENTATION('',(#8561),#8565);
#8561 = LINE('',#8562,#8563);
#8562 = CARTESIAN_POINT('',(570.,250.));
#8563 = VECTOR('',#8564,1.);
#8564 = DIRECTION('',(0.,1.));
#8565 = ( GEOMETRIC_REPRESENTATION_CONTEXT(2) 
PARAMETRIC_REPRESENTATION_CONTEXT() REPRESENTATION_CONTEXT('2D SPACE',''
  ) );
#8566 = PCURVE('',#7758,#8567);
#8567 = DEFINITIONAL_REPRESENTATION('',(#8568),#8572);
#8568 = LINE('',#8569,#8570);
#8569 = CARTESIAN_POINT('',(0.,500.));
#8570 = VECTOR('',#8571,1.);
#8571 = DIRECTION('',(1.,0.));
#8572 = ( GEOMETRIC_REPRESENTATION_CONTEXT(2) 
PARAMETRIC_REPRESENTATION_CONTEXT() REPRESENTATION_CONTEXT('2D SPACE',''
  ) );
#8573 = ORIENTED_EDGE('',*,*,#8574,.F.);
#8574 = EDGE_CURVE('',#8575,#8552,#8577,.T.);
#8575 = VERTEX_POINT('',#8576);
#8576 = CARTESIAN_POINT('',(-150.,690.,560.));
#8577 = SURFACE_CURVE('',#8578,(#8582,#8589),.PCURVE_S1.);
#8578 = LINE('',#8579,#8580);
#8579 = CARTESIAN_POINT('',(-150.,690.,560.));
#8580 = VECTOR('',#8581,1.);
#8581 = DIRECTION('',(0.,0.,1.));
#8582 = PCURVE('',#6830,#8583);
#8583 = DEFINITIONAL_REPRESENTATION('',(#8584),#8588);
#8584 = LINE('',#8585,#8586);
#8585 = CARTESIAN_POINT('',(560.,550.));
#8586 = VECTOR('',#8587,1.);
#8587 = DIRECTION('',(1.,0.));
#8588 = ( GEOMETRIC_REPRESENTATION_CONTEXT(2) 
PARAMETRIC_REPRESENTATION_CONTEXT() REPRESENTATION_CONTEXT('2D SPACE',''
  ) );
#8589 = PCURVE('',#7786,#8590);
#8590 = DEFINITIONAL_REPRESENTATION('',(#8591),#8595);
#8591 = LINE('',#8592,#8593);
#8592 = CARTESIAN_POINT('',(0.,-500.));
#8593 = VECTOR('',#8594,1.);
#8594 = DIRECTION('',(1.,0.));
#8595 = ( GEOMETRIC_REPRESENTATION_CONTEXT(2) 
PARAMETRIC_REPRESENTATION_CONTEXT() REPRESENTATION_CONTEXT('2D SPACE',''
  ) );
#8596 = ORIENTED_EDGE('',*,*,#8597,.T.);
#8597 = EDGE_CURVE('',#8575,#8598,#8600,.T.);
#8598 = VERTEX_POINT('',#8599);
#8599 = CARTESIAN_POINT('',(0.,690.,560.));
#8600 = SURFACE_CURVE('',#8601,(#8605,#8612),.PCURVE_S1.);
#8601 = LINE('',#8602,#8603);
#8602 = CARTESIAN_POINT('',(-700.,690.,560.));
#8603 = VECTOR('',#8604,1.);
#8604 = DIRECTION('',(1.,0.,-0.));
#8605 = PCURVE('',#6830,#8606);
#8606 = DEFINITIONAL_REPRESENTATION('',(#8607),#8611);
#8607 = LINE('',#8608,#8609);
#8608 = CARTESIAN_POINT('',(560.,0.));
#8609 = VECTOR('',#8610,1.);
#8610 = DIRECTION('',(0.,1.));
#8611 = ( GEOMETRIC_REPRESENTATION_CONTEXT(2) 
PARAMETRIC_REPRESENTATION_CONTEXT() REPRESENTATION_CONTEXT('2D SPACE',''
  ) );
#8612 = PCURVE('',#7812,#8613);
#8613 = DEFINITIONAL_REPRESENTATION('',(#8614),#8618);
#8614 = LINE('',#8615,#8616);
#8615 = CARTESIAN_POINT('',(0.,500.));
#8616 = VECTOR('',#8617,1.);
#8617 = DIRECTION('',(1.,0.));
#8618 = ( GEOMETRIC_REPRESENTATION_CONTEXT(2) 
PARAMETRIC_REPRESENTATION_CONTEXT() REPRESENTATION_CONTEXT('2D SPACE',''
  ) );
#8619 = ORIENTED_EDGE('',*,*,#8620,.T.);
#8620 = EDGE_CURVE('',#8598,#8504,#8621,.T.);
#8621 = SURFACE_CURVE('',#8622,(#8626,#8633),.PCURVE_S1.);
#8622 = LINE('',#8623,#8624);
#8623 = CARTESIAN_POINT('',(0.,690.,560.));
#8624 = VECTOR('',#8625,1.);
#8625 = DIRECTION('',(0.,0.,-1.));
#8626 = PCURVE('',#6830,#8627);
#8627 = DEFINITIONAL_REPRESENTATION('',(#8628),#8632);
#8628 = LINE('',#8629,#8630);
#8629 = CARTESIAN_POINT('',(560.,700.));
#8630 = VECTOR('',#8631,1.);
#8631 = DIRECTION('',(-1.,0.));
#8632 = ( GEOMETRIC_REPRESENTATION_CONTEXT(2) 
PARAMETRIC_REPRESENTATION_CONTEXT() REPRESENTATION_CONTEXT('2D SPACE',''
  ) );
#8633 = PCURVE('',#7657,#8634);
#8634 = DEFINITIONAL_REPRESENTATION('',(#8635),#8639);
#8635 = LINE('',#8636,#8637);
#8636 = CARTESIAN_POINT('',(560.,-500.));
#8637 = VECTOR('',#8638,1.);
#8638 = DIRECTION('',(-1.,0.));
#8639 = ( GEOMETRIC_REPRESENTATION_CONTEXT(2) 
PARAMETRIC_REPRESENTATION_CONTEXT() REPRESENTATION_CONTEXT('2D SPACE',''
  ) );
#8640 = FACE_BOUND('',#8641,.T.);
#8641 = EDGE_LOOP('',(#8642,#8672,#8695,#8723));
#8642 = ORIENTED_EDGE('',*,*,#8643,.F.);
#8643 = EDGE_CURVE('',#8644,#8646,#8648,.T.);
#8644 = VERTEX_POINT('',#8645);
#8645 = CARTESIAN_POINT('',(-660.,690.,520.));
#8646 = VERTEX_POINT('',#8647);
#8647 = CARTESIAN_POINT('',(-40.,690.,520.));
#8648 = SURFACE_CURVE('',#8649,(#8653,#8660),.PCURVE_S1.);
#8649 = LINE('',#8650,#8651);
#8650 = CARTESIAN_POINT('',(-700.,690.,520.));
#8651 = VECTOR('',#8652,1.);
#8652 = DIRECTION('',(1.,0.,-0.));
#8653 = PCURVE('',#6830,#8654);
#8654 = DEFINITIONAL_REPRESENTATION('',(#8655),#8659);
#8655 = LINE('',#8656,#8657);
#8656 = CARTESIAN_POINT('',(520.,0.));
#8657 = VECTOR('',#8658,1.);
#8658 = DIRECTION('',(0.,1.));
#8659 = ( GEOMETRIC_REPRESENTATION_CONTEXT(2) 
PARAMETRIC_REPRESENTATION_CONTEXT() REPRESENTATION_CONTEXT('2D SPACE',''
  ) );
#8660 = PCURVE('',#8661,#8666);
#8661 = PLANE('',#8662);
#8662 = AXIS2_PLACEMENT_3D('',#8663,#8664,#8665);
#8663 = CARTESIAN_POINT('',(-700.,190.,520.));
#8664 = DIRECTION('',(0.,0.,1.));
#8665 = DIRECTION('',(1.,0.,-0.));
#8666 = DEFINITIONAL_REPRESENTATION('',(#8667),#8671);
#8667 = LINE('',#8668,#8669);
#8668 = CARTESIAN_POINT('',(0.,500.));
#8669 = VECTOR('',#8670,1.);
#8670 = DIRECTION('',(1.,0.));
#8671 = ( GEOMETRIC_REPRESENTATION_CONTEXT(2) 
PARAMETRIC_REPRESENTATION_CONTEXT() REPRESENTATION_CONTEXT('2D SPACE',''
  ) );
#8672 = ORIENTED_EDGE('',*,*,#8673,.F.);
#8673 = EDGE_CURVE('',#8674,#8644,#8676,.T.);
#8674 = VERTEX_POINT('',#8675);
#8675 = CARTESIAN_POINT('',(-660.,690.,40.));
#8676 = SURFACE_CURVE('',#8677,(#8681,#8688),.PCURVE_S1.);
#8677 = LINE('',#8678,#8679);
#8678 = CARTESIAN_POINT('',(-660.,690.,40.));
#8679 = VECTOR('',#8680,1.);
#8680 = DIRECTION('',(0.,0.,1.));
#8681 = PCURVE('',#6830,#8682);
#8682 = DEFINITIONAL_REPRESENTATION('',(#8683),#8687);
#8683 = LINE('',#8684,#8685);
#8684 = CARTESIAN_POINT('',(40.,40.));
#8685 = VECTOR('',#8686,1.);
#8686 = DIRECTION('',(1.,0.));
#8687 = ( GEOMETRIC_REPRESENTATION_CONTEXT(2) 
PARAMETRIC_REPRESENTATION_CONTEXT() REPRESENTATION_CONTEXT('2D SPACE',''
  ) );
#8688 = PCURVE('',#8386,#8689);
#8689 = DEFINITIONAL_REPRESENTATION('',(#8690),#8694);
#8690 = LINE('',#8691,#8692);
#8691 = CARTESIAN_POINT('',(0.,-40.));
#8692 = VECTOR('',#8693,1.);
#8693 = DIRECTION('',(1.,0.));
#8694 = ( GEOMETRIC_REPRESENTATION_CONTEXT(2) 
PARAMETRIC_REPRESENTATION_CONTEXT() REPRESENTATION_CONTEXT('2D SPACE',''
  ) );
#8695 = ORIENTED_EDGE('',*,*,#8696,.T.);
#8696 = EDGE_CURVE('',#8674,#8697,#8699,.T.);
#8697 = VERTEX_POINT('',#8698);
#8698 = CARTESIAN_POINT('',(-40.,690.,40.));
#8699 = SURFACE_CURVE('',#8700,(#8704,#8711),.PCURVE_S1.);
#8700 = LINE('',#8701,#8702);
#8701 = CARTESIAN_POINT('',(-700.,690.,40.));
#8702 = VECTOR('',#8703,1.);
#8703 = DIRECTION('',(1.,0.,-0.));
#8704 = PCURVE('',#6830,#8705);
#8705 = DEFINITIONAL_REPRESENTATION('',(#8706),#8710);
#8706 = LINE('',#8707,#8708);
#8707 = CARTESIAN_POINT('',(40.,0.));
#8708 = VECTOR('',#8709,1.);
#8709 = DIRECTION('',(0.,1.));
#8710 = ( GEOMETRIC_REPRESENTATION_CONTEXT(2) 
PARAMETRIC_REPRESENTATION_CONTEXT() REPRESENTATION_CONTEXT('2D SPACE',''
  ) );
#8711 = PCURVE('',#8712,#8717);
#8712 = PLANE('',#8713);
#8713 = AXIS2_PLACEMENT_3D('',#8714,#8715,#8716);
#8714 = CARTESIAN_POINT('',(-700.,190.,40.));
#8715 = DIRECTION('',(0.,0.,1.));
#8716 = DIRECTION('',(1.,0.,-0.));
#8717 = DEFINITIONAL_REPRESENTATION('',(#8718),#8722);
#8718 = LINE('',#8719,#8720);
#8719 = CARTESIAN_POINT('',(0.,500.));
#8720 = VECTOR('',#8721,1.);
#8721 = DIRECTION('',(1.,0.));
#8722 = ( GEOMETRIC_REPRESENTATION_CONTEXT(2) 
PARAMETRIC_REPRESENTATION_CONTEXT() REPRESENTATION_CONTEXT('2D SPACE',''
  ) );
#8723 = ORIENTED_EDGE('',*,*,#8724,.T.);
#8724 = EDGE_CURVE('',#8697,#8646,#8725,.T.);
#8725 = SURFACE_CURVE('',#8726,(#8730,#8737),.PCURVE_S1.);
#8726 = LINE('',#8727,#8728);
#8727 = CARTESIAN_POINT('',(-40.,690.,40.));
#8728 = VECTOR('',#8729,1.);
#8729 = DIRECTION('',(0.,0.,1.));
#8730 = PCURVE('',#6830,#8731);
#8731 = DEFINITIONAL_REPRESENTATION('',(#8732),#8736);
#8732 = LINE('',#8733,#8734);
#8733 = CARTESIAN_POINT('',(40.,660.));
#8734 = VECTOR('',#8735,1.);
#8735 = DIRECTION('',(1.,0.));
#8736 = ( GEOMETRIC_REPRESENTATION_CONTEXT(2) 
PARAMETRIC_REPRESENTATION_CONTEXT() REPRESENTATION_CONTEXT('2D SPACE',''
  ) );
#8737 = PCURVE('',#8738,#8743);
#8738 = PLANE('',#8739);
#8739 = AXIS2_PLACEMENT_3D('',#8740,#8741,#8742);
#8740 = CARTESIAN_POINT('',(-40.,650.,40.));
#8741 = DIRECTION('',(1.,0.,-0.));
#8742 = DIRECTION('',(0.,0.,1.));
#8743 = DEFINITIONAL_REPRESENTATION('',(#8744),#8748);
#8744 = LINE('',#8745,#8746);
#8745 = CARTESIAN_POINT('',(0.,-40.));
#8746 = VECTOR('',#8747,1.);
#8747 = DIRECTION('',(1.,0.));
#8748 = ( GEOMETRIC_REPRESENTATION_CONTEXT(2) 
PARAMETRIC_REPRESENTATION_CONTEXT() REPRESENTATION_CONTEXT('2D SPACE',''
  ) );
#8749 = ADVANCED_FACE('',(#8750,#8776),#6802,.F.);
#8750 = FACE_BOUND('',#8751,.F.);
#8751 = EDGE_LOOP('',(#8752,#8753,#8774,#8775));
#8752 = ORIENTED_EDGE('',*,*,#7669,.T.);
#8753 = ORIENTED_EDGE('',*,*,#8754,.F.);
#8754 = EDGE_CURVE('',#8504,#7640,#8755,.T.);
#8755 = SURFACE_CURVE('',#8756,(#8760,#8767),.PCURVE_S1.);
#8756 = LINE('',#8757,#8758);
#8757 = CARTESIAN_POINT('',(0.,690.,0.));
#8758 = VECTOR('',#8759,1.);
#8759 = DIRECTION('',(0.,-1.,0.));
#8760 = PCURVE('',#6802,#8761);
#8761 = DEFINITIONAL_REPRESENTATION('',(#8762),#8766);
#8762 = LINE('',#8763,#8764);
#8763 = CARTESIAN_POINT('',(700.,500.));
#8764 = VECTOR('',#8765,1.);
#8765 = DIRECTION('',(0.,-1.));
#8766 = ( GEOMETRIC_REPRESENTATION_CONTEXT(2) 
PARAMETRIC_REPRESENTATION_CONTEXT() REPRESENTATION_CONTEXT('2D SPACE',''
  ) );
#8767 = PCURVE('',#7657,#8768);
#8768 = DEFINITIONAL_REPRESENTATION('',(#8769),#8773);
#8769 = LINE('',#8770,#8771);
#8770 = CARTESIAN_POINT('',(0.,-500.));
#8771 = VECTOR('',#8772,1.);
#8772 = DIRECTION('',(0.,1.));
#8773 = ( GEOMETRIC_REPRESENTATION_CONTEXT(2) 
PARAMETRIC_REPRESENTATION_CONTEXT() REPRESENTATION_CONTEXT('2D SPACE',''
  ) );
#8774 = ORIENTED_EDGE('',*,*,#8503,.F.);
#8775 = ORIENTED_EDGE('',*,*,#6786,.T.);
#8776 = FACE_BOUND('',#8777,.F.);
#8777 = EDGE_LOOP('',(#8778,#8808,#8831,#8859));
#8778 = ORIENTED_EDGE('',*,*,#8779,.F.);
#8779 = EDGE_CURVE('',#8780,#8782,#8784,.T.);
#8780 = VERTEX_POINT('',#8781);
#8781 = CARTESIAN_POINT('',(-660.,230.,0.));
#8782 = VERTEX_POINT('',#8783);
#8783 = CARTESIAN_POINT('',(-40.,230.,0.));
#8784 = SURFACE_CURVE('',#8785,(#8789,#8796),.PCURVE_S1.);
#8785 = LINE('',#8786,#8787);
#8786 = CARTESIAN_POINT('',(-700.,230.,0.));
#8787 = VECTOR('',#8788,1.);
#8788 = DIRECTION('',(1.,0.,-0.));
#8789 = PCURVE('',#6802,#8790);
#8790 = DEFINITIONAL_REPRESENTATION('',(#8791),#8795);
#8791 = LINE('',#8792,#8793);
#8792 = CARTESIAN_POINT('',(0.,40.));
#8793 = VECTOR('',#8794,1.);
#8794 = DIRECTION('',(1.,0.));
#8795 = ( GEOMETRIC_REPRESENTATION_CONTEXT(2) 
PARAMETRIC_REPRESENTATION_CONTEXT() REPRESENTATION_CONTEXT('2D SPACE',''
  ) );
#8796 = PCURVE('',#8797,#8802);
#8797 = PLANE('',#8798);
#8798 = AXIS2_PLACEMENT_3D('',#8799,#8800,#8801);
#8799 = CARTESIAN_POINT('',(-700.,230.,0.));
#8800 = DIRECTION('',(-0.,1.,0.));
#8801 = DIRECTION('',(0.,0.,1.));
#8802 = DEFINITIONAL_REPRESENTATION('',(#8803),#8807);
#8803 = LINE('',#8804,#8805);
#8804 = CARTESIAN_POINT('',(0.,0.));
#8805 = VECTOR('',#8806,1.);
#8806 = DIRECTION('',(0.,1.));
#8807 = ( GEOMETRIC_REPRESENTATION_CONTEXT(2) 
PARAMETRIC_REPRESENTATION_CONTEXT() REPRESENTATION_CONTEXT('2D SPACE',''
  ) );
#8808 = ORIENTED_EDGE('',*,*,#8809,.T.);
#8809 = EDGE_CURVE('',#8780,#8810,#8812,.T.);
#8810 = VERTEX_POINT('',#8811);
#8811 = CARTESIAN_POINT('',(-660.,650.,0.));
#8812 = SURFACE_CURVE('',#8813,(#8817,#8824),.PCURVE_S1.);
#8813 = LINE('',#8814,#8815);
#8814 = CARTESIAN_POINT('',(-660.,230.,0.));
#8815 = VECTOR('',#8816,1.);
#8816 = DIRECTION('',(-0.,1.,0.));
#8817 = PCURVE('',#6802,#8818);
#8818 = DEFINITIONAL_REPRESENTATION('',(#8819),#8823);
#8819 = LINE('',#8820,#8821);
#8820 = CARTESIAN_POINT('',(40.,40.));
#8821 = VECTOR('',#8822,1.);
#8822 = DIRECTION('',(0.,1.));
#8823 = ( GEOMETRIC_REPRESENTATION_CONTEXT(2) 
PARAMETRIC_REPRESENTATION_CONTEXT() REPRESENTATION_CONTEXT('2D SPACE',''
  ) );
#8824 = PCURVE('',#8333,#8825);
#8825 = DEFINITIONAL_REPRESENTATION('',(#8826),#8830);
#8826 = LINE('',#8827,#8828);
#8827 = CARTESIAN_POINT('',(0.,0.));
#8828 = VECTOR('',#8829,1.);
#8829 = DIRECTION('',(0.,-1.));
#8830 = ( GEOMETRIC_REPRESENTATION_CONTEXT(2) 
PARAMETRIC_REPRESENTATION_CONTEXT() REPRESENTATION_CONTEXT('2D SPACE',''
  ) );
#8831 = ORIENTED_EDGE('',*,*,#8832,.T.);
#8832 = EDGE_CURVE('',#8810,#8833,#8835,.T.);
#8833 = VERTEX_POINT('',#8834);
#8834 = CARTESIAN_POINT('',(-40.,650.,0.));
#8835 = SURFACE_CURVE('',#8836,(#8840,#8847),.PCURVE_S1.);
#8836 = LINE('',#8837,#8838);
#8837 = CARTESIAN_POINT('',(-700.,650.,0.));
#8838 = VECTOR('',#8839,1.);
#8839 = DIRECTION('',(1.,0.,-0.));
#8840 = PCURVE('',#6802,#8841);
#8841 = DEFINITIONAL_REPRESENTATION('',(#8842),#8846);
#8842 = LINE('',#8843,#8844);
#8843 = CARTESIAN_POINT('',(0.,460.));
#8844 = VECTOR('',#8845,1.);
#8845 = DIRECTION('',(1.,0.));
#8846 = ( GEOMETRIC_REPRESENTATION_CONTEXT(2) 
PARAMETRIC_REPRESENTATION_CONTEXT() REPRESENTATION_CONTEXT('2D SPACE',''
  ) );
#8847 = PCURVE('',#8848,#8853);
#8848 = PLANE('',#8849);
#8849 = AXIS2_PLACEMENT_3D('',#8850,#8851,#8852);
#8850 = CARTESIAN_POINT('',(-700.,650.,0.));
#8851 = DIRECTION('',(-0.,1.,0.));
#8852 = DIRECTION('',(0.,0.,1.));
#8853 = DEFINITIONAL_REPRESENTATION('',(#8854),#8858);
#8854 = LINE('',#8855,#8856);
#8855 = CARTESIAN_POINT('',(0.,0.));
#8856 = VECTOR('',#8857,1.);
#8857 = DIRECTION('',(0.,1.));
#8858 = ( GEOMETRIC_REPRESENTATION_CONTEXT(2) 
PARAMETRIC_REPRESENTATION_CONTEXT() REPRESENTATION_CONTEXT('2D SPACE',''
  ) );
#8859 = ORIENTED_EDGE('',*,*,#8860,.F.);
#8860 = EDGE_CURVE('',#8782,#8833,#8861,.T.);
#8861 = SURFACE_CURVE('',#8862,(#8866,#8873),.PCURVE_S1.);
#8862 = LINE('',#8863,#8864);
#8863 = CARTESIAN_POINT('',(-40.,230.,0.));
#8864 = VECTOR('',#8865,1.);
#8865 = DIRECTION('',(-0.,1.,0.));
#8866 = PCURVE('',#6802,#8867);
#8867 = DEFINITIONAL_REPRESENTATION('',(#8868),#8872);
#8868 = LINE('',#8869,#8870);
#8869 = CARTESIAN_POINT('',(660.,40.));
#8870 = VECTOR('',#8871,1.);
#8871 = DIRECTION('',(0.,1.));
#8872 = ( GEOMETRIC_REPRESENTATION_CONTEXT(2) 
PARAMETRIC_REPRESENTATION_CONTEXT() REPRESENTATION_CONTEXT('2D SPACE',''
  ) );
#8873 = PCURVE('',#8874,#8879);
#8874 = PLANE('',#8875);
#8875 = AXIS2_PLACEMENT_3D('',#8876,#8877,#8878);
#8876 = CARTESIAN_POINT('',(-40.,230.,0.));
#8877 = DIRECTION('',(1.,0.,-0.));
#8878 = DIRECTION('',(0.,0.,1.));
#8879 = DEFINITIONAL_REPRESENTATION('',(#8880),#8884);
#8880 = LINE('',#8881,#8882);
#8881 = CARTESIAN_POINT('',(0.,0.));
#8882 = VECTOR('',#8883,1.);
#8883 = DIRECTION('',(0.,-1.));
#8884 = ( GEOMETRIC_REPRESENTATION_CONTEXT(2) 
PARAMETRIC_REPRESENTATION_CONTEXT() REPRESENTATION_CONTEXT('2D SPACE',''
  ) );
#8885 = ADVANCED_FACE('',(#8886),#7102,.T.);
#8886 = FACE_BOUND('',#8887,.T.);
#8887 = EDGE_LOOP('',(#8888,#8911,#8912,#8935));
#8888 = ORIENTED_EDGE('',*,*,#8889,.F.);
#8889 = EDGE_CURVE('',#7085,#8890,#8892,.T.);
#8890 = VERTEX_POINT('',#8891);
#8891 = CARTESIAN_POINT('',(0.,687.,3.));
#8892 = SURFACE_CURVE('',#8893,(#8897,#8904),.PCURVE_S1.);
#8893 = LINE('',#8894,#8895);
#8894 = CARTESIAN_POINT('',(-701.,687.,3.));
#8895 = VECTOR('',#8896,1.);
#8896 = DIRECTION('',(1.,0.,-0.));
#8897 = PCURVE('',#7102,#8898);
#8898 = DEFINITIONAL_REPRESENTATION('',(#8899),#8903);
#8899 = LINE('',#8900,#8901);
#8900 = CARTESIAN_POINT('',(0.,34.));
#8901 = VECTOR('',#8902,1.);
#8902 = DIRECTION('',(1.,0.));
#8903 = ( GEOMETRIC_REPRESENTATION_CONTEXT(2) 
PARAMETRIC_REPRESENTATION_CONTEXT() REPRESENTATION_CONTEXT('2D SPACE',''
  ) );
#8904 = PCURVE('',#7181,#8905);
#8905 = DEFINITIONAL_REPRESENTATION('',(#8906),#8910);
#8906 = LINE('',#8907,#8908);
#8907 = CARTESIAN_POINT('',(0.,0.));
#8908 = VECTOR('',#8909,1.);
#8909 = DIRECTION('',(0.,1.));
#8910 = ( GEOMETRIC_REPRESENTATION_CONTEXT(2) 
PARAMETRIC_REPRESENTATION_CONTEXT() REPRESENTATION_CONTEXT('2D SPACE',''
  ) );
#8911 = ORIENTED_EDGE('',*,*,#7084,.T.);
#8912 = ORIENTED_EDGE('',*,*,#8913,.T.);
#8913 = EDGE_CURVE('',#7087,#8914,#8916,.T.);
#8914 = VERTEX_POINT('',#8915);
#8915 = CARTESIAN_POINT('',(0.,653.,3.));
#8916 = SURFACE_CURVE('',#8917,(#8921,#8928),.PCURVE_S1.);
#8917 = LINE('',#8918,#8919);
#8918 = CARTESIAN_POINT('',(-701.,653.,3.));
#8919 = VECTOR('',#8920,1.);
#8920 = DIRECTION('',(1.,0.,-0.));
#8921 = PCURVE('',#7102,#8922);
#8922 = DEFINITIONAL_REPRESENTATION('',(#8923),#8927);
#8923 = LINE('',#8924,#8925);
#8924 = CARTESIAN_POINT('',(0.,0.));
#8925 = VECTOR('',#8926,1.);
#8926 = DIRECTION('',(1.,0.));
#8927 = ( GEOMETRIC_REPRESENTATION_CONTEXT(2) 
PARAMETRIC_REPRESENTATION_CONTEXT() REPRESENTATION_CONTEXT('2D SPACE',''
  ) );
#8928 = PCURVE('',#7129,#8929);
#8929 = DEFINITIONAL_REPRESENTATION('',(#8930),#8934);
#8930 = LINE('',#8931,#8932);
#8931 = CARTESIAN_POINT('',(0.,0.));
#8932 = VECTOR('',#8933,1.);
#8933 = DIRECTION('',(0.,1.));
#8934 = ( GEOMETRIC_REPRESENTATION_CONTEXT(2) 
PARAMETRIC_REPRESENTATION_CONTEXT() REPRESENTATION_CONTEXT('2D SPACE',''
  ) );
#8935 = ORIENTED_EDGE('',*,*,#8936,.F.);
#8936 = EDGE_CURVE('',#8890,#8914,#8937,.T.);
#8937 = SURFACE_CURVE('',#8938,(#8942,#8948),.PCURVE_S1.);
#8938 = LINE('',#8939,#8940);
#8939 = CARTESIAN_POINT('',(0.,651.5,3.));
#8940 = VECTOR('',#8941,1.);
#8941 = DIRECTION('',(0.,-1.,0.));
#8942 = PCURVE('',#7102,#8943);
#8943 = DEFINITIONAL_REPRESENTATION('',(#8944),#8947);
#8944 = B_SPLINE_CURVE_WITH_KNOTS('',1,(#8945,#8946),.UNSPECIFIED.,.F.,
  .F.,(2,2),(-35.5,-1.5),.PIECEWISE_BEZIER_KNOTS.);
#8945 = CARTESIAN_POINT('',(701.,34.));
#8946 = CARTESIAN_POINT('',(701.,0.));
#8947 = ( GEOMETRIC_REPRESENTATION_CONTEXT(2) 
PARAMETRIC_REPRESENTATION_CONTEXT() REPRESENTATION_CONTEXT('2D SPACE',''
  ) );
#8948 = PCURVE('',#7657,#8949);
#8949 = DEFINITIONAL_REPRESENTATION('',(#8950),#8954);
#8950 = LINE('',#8951,#8952);
#8951 = CARTESIAN_POINT('',(3.,-461.5));
#8952 = VECTOR('',#8953,1.);
#8953 = DIRECTION('',(0.,1.));
#8954 = ( GEOMETRIC_REPRESENTATION_CONTEXT(2) 
PARAMETRIC_REPRESENTATION_CONTEXT() REPRESENTATION_CONTEXT('2D SPACE',''
  ) );
#8955 = ADVANCED_FACE('',(#8956),#7181,.F.);
#8956 = FACE_BOUND('',#8957,.F.);
#8957 = EDGE_LOOP('',(#8958,#8959,#8960,#8983));
#8958 = ORIENTED_EDGE('',*,*,#8889,.F.);
#8959 = ORIENTED_EDGE('',*,*,#7167,.T.);
#8960 = ORIENTED_EDGE('',*,*,#8961,.T.);
#8961 = EDGE_CURVE('',#7141,#8962,#8964,.T.);
#8962 = VERTEX_POINT('',#8963);
#8963 = CARTESIAN_POINT('',(0.,687.,37.));
#8964 = SURFACE_CURVE('',#8965,(#8969,#8976),.PCURVE_S1.);
#8965 = LINE('',#8966,#8967);
#8966 = CARTESIAN_POINT('',(-701.,687.,37.));
#8967 = VECTOR('',#8968,1.);
#8968 = DIRECTION('',(1.,0.,-0.));
#8969 = PCURVE('',#7181,#8970);
#8970 = DEFINITIONAL_REPRESENTATION('',(#8971),#8975);
#8971 = LINE('',#8972,#8973);
#8972 = CARTESIAN_POINT('',(34.,0.));
#8973 = VECTOR('',#8974,1.);
#8974 = DIRECTION('',(0.,1.));
#8975 = ( GEOMETRIC_REPRESENTATION_CONTEXT(2) 
PARAMETRIC_REPRESENTATION_CONTEXT() REPRESENTATION_CONTEXT('2D SPACE',''
  ) );
#8976 = PCURVE('',#7156,#8977);
#8977 = DEFINITIONAL_REPRESENTATION('',(#8978),#8982);
#8978 = LINE('',#8979,#8980);
#8979 = CARTESIAN_POINT('',(0.,34.));
#8980 = VECTOR('',#8981,1.);
#8981 = DIRECTION('',(1.,0.));
#8982 = ( GEOMETRIC_REPRESENTATION_CONTEXT(2) 
PARAMETRIC_REPRESENTATION_CONTEXT() REPRESENTATION_CONTEXT('2D SPACE',''
  ) );
#8983 = ORIENTED_EDGE('',*,*,#8984,.F.);
#8984 = EDGE_CURVE('',#8890,#8962,#8985,.T.);
#8985 = SURFACE_CURVE('',#8986,(#8990,#8996),.PCURVE_S1.);
#8986 = LINE('',#8987,#8988);
#8987 = CARTESIAN_POINT('',(0.,687.,1.5));
#8988 = VECTOR('',#8989,1.);
#8989 = DIRECTION('',(0.,0.,1.));
#8990 = PCURVE('',#7181,#8991);
#8991 = DEFINITIONAL_REPRESENTATION('',(#8992),#8995);
#8992 = B_SPLINE_CURVE_WITH_KNOTS('',1,(#8993,#8994),.UNSPECIFIED.,.F.,
  .F.,(2,2),(1.5,35.5),.PIECEWISE_BEZIER_KNOTS.);
#8993 = CARTESIAN_POINT('',(0.,701.));
#8994 = CARTESIAN_POINT('',(34.,701.));
#8995 = ( GEOMETRIC_REPRESENTATION_CONTEXT(2) 
PARAMETRIC_REPRESENTATION_CONTEXT() REPRESENTATION_CONTEXT('2D SPACE',''
  ) );
#8996 = PCURVE('',#7657,#8997);
#8997 = DEFINITIONAL_REPRESENTATION('',(#8998),#9002);
#8998 = LINE('',#8999,#9000);
#8999 = CARTESIAN_POINT('',(1.5,-497.));
#9000 = VECTOR('',#9001,1.);
#9001 = DIRECTION('',(1.,0.));
#9002 = ( GEOMETRIC_REPRESENTATION_CONTEXT(2) 
PARAMETRIC_REPRESENTATION_CONTEXT() REPRESENTATION_CONTEXT('2D SPACE',''
  ) );
#9003 = ADVANCED_FACE('',(#9004),#7129,.T.);
#9004 = FACE_BOUND('',#9005,.T.);
#9005 = EDGE_LOOP('',(#9006,#9007,#9008,#9031));
#9006 = ORIENTED_EDGE('',*,*,#8913,.F.);
#9007 = ORIENTED_EDGE('',*,*,#7113,.T.);
#9008 = ORIENTED_EDGE('',*,*,#9009,.T.);
#9009 = EDGE_CURVE('',#7114,#9010,#9012,.T.);
#9010 = VERTEX_POINT('',#9011);
#9011 = CARTESIAN_POINT('',(0.,653.,37.));
#9012 = SURFACE_CURVE('',#9013,(#9017,#9024),.PCURVE_S1.);
#9013 = LINE('',#9014,#9015);
#9014 = CARTESIAN_POINT('',(-701.,653.,37.));
#9015 = VECTOR('',#9016,1.);
#9016 = DIRECTION('',(1.,0.,-0.));
#9017 = PCURVE('',#7129,#9018);
#9018 = DEFINITIONAL_REPRESENTATION('',(#9019),#9023);
#9019 = LINE('',#9020,#9021);
#9020 = CARTESIAN_POINT('',(34.,0.));
#9021 = VECTOR('',#9022,1.);
#9022 = DIRECTION('',(0.,1.));
#9023 = ( GEOMETRIC_REPRESENTATION_CONTEXT(2) 
PARAMETRIC_REPRESENTATION_CONTEXT() REPRESENTATION_CONTEXT('2D SPACE',''
  ) );
#9024 = PCURVE('',#7156,#9025);
#9025 = DEFINITIONAL_REPRESENTATION('',(#9026),#9030);
#9026 = LINE('',#9027,#9028);
#9027 = CARTESIAN_POINT('',(0.,0.));
#9028 = VECTOR('',#9029,1.);
#9029 = DIRECTION('',(1.,0.));
#9030 = ( GEOMETRIC_REPRESENTATION_CONTEXT(2) 
PARAMETRIC_REPRESENTATION_CONTEXT() REPRESENTATION_CONTEXT('2D SPACE',''
  ) );
#9031 = ORIENTED_EDGE('',*,*,#9032,.F.);
#9032 = EDGE_CURVE('',#8914,#9010,#9033,.T.);
#9033 = SURFACE_CURVE('',#9034,(#9038,#9044),.PCURVE_S1.);
#9034 = LINE('',#9035,#9036);
#9035 = CARTESIAN_POINT('',(0.,653.,1.5));
#9036 = VECTOR('',#9037,1.);
#9037 = DIRECTION('',(0.,0.,1.));
#9038 = PCURVE('',#7129,#9039);
#9039 = DEFINITIONAL_REPRESENTATION('',(#9040),#9043);
#9040 = B_SPLINE_CURVE_WITH_KNOTS('',1,(#9041,#9042),.UNSPECIFIED.,.F.,
  .F.,(2,2),(1.5,35.5),.PIECEWISE_BEZIER_KNOTS.);
#9041 = CARTESIAN_POINT('',(0.,701.));
#9042 = CARTESIAN_POINT('',(34.,701.));
#9043 = ( GEOMETRIC_REPRESENTATION_CONTEXT(2) 
PARAMETRIC_REPRESENTATION_CONTEXT() REPRESENTATION_CONTEXT('2D SPACE',''
  ) );
#9044 = PCURVE('',#7657,#9045);
#9045 = DEFINITIONAL_REPRESENTATION('',(#9046),#9050);
#9046 = LINE('',#9047,#9048);
#9047 = CARTESIAN_POINT('',(1.5,-463.));
#9048 = VECTOR('',#9049,1.);
#9049 = DIRECTION('',(1.,0.));
#9050 = ( GEOMETRIC_REPRESENTATION_CONTEXT(2) 
PARAMETRIC_REPRESENTATION_CONTEXT() REPRESENTATION_CONTEXT('2D SPACE',''
  ) );
#9051 = ADVANCED_FACE('',(#9052),#7156,.F.);
#9052 = FACE_BOUND('',#9053,.F.);
#9053 = EDGE_LOOP('',(#9054,#9055,#9056,#9057));
#9054 = ORIENTED_EDGE('',*,*,#8961,.F.);
#9055 = ORIENTED_EDGE('',*,*,#7140,.T.);
#9056 = ORIENTED_EDGE('',*,*,#9009,.T.);
#9057 = ORIENTED_EDGE('',*,*,#9058,.F.);
#9058 = EDGE_CURVE('',#8962,#9010,#9059,.T.);
#9059 = SURFACE_CURVE('',#9060,(#9064,#9070),.PCURVE_S1.);
#9060 = LINE('',#9061,#9062);
#9061 = CARTESIAN_POINT('',(0.,651.5,37.));
#9062 = VECTOR('',#9063,1.);
#9063 = DIRECTION('',(0.,-1.,0.));
#9064 = PCURVE('',#7156,#9065);
#9065 = DEFINITIONAL_REPRESENTATION('',(#9066),#9069);
#9066 = B_SPLINE_CURVE_WITH_KNOTS('',1,(#9067,#9068),.UNSPECIFIED.,.F.,
  .F.,(2,2),(-35.5,-1.5),.PIECEWISE_BEZIER_KNOTS.);
#9067 = CARTESIAN_POINT('',(701.,34.));
#9068 = CARTESIAN_POINT('',(701.,0.));
#9069 = ( GEOMETRIC_REPRESENTATION_CONTEXT(2) 
PARAMETRIC_REPRESENTATION_CONTEXT() REPRESENTATION_CONTEXT('2D SPACE',''
  ) );
#9070 = PCURVE('',#7657,#9071);
#9071 = DEFINITIONAL_REPRESENTATION('',(#9072),#9076);
#9072 = LINE('',#9073,#9074);
#9073 = CARTESIAN_POINT('',(37.,-461.5));
#9074 = VECTOR('',#9075,1.);
#9075 = DIRECTION('',(0.,1.));
#9076 = ( GEOMETRIC_REPRESENTATION_CONTEXT(2) 
PARAMETRIC_REPRESENTATION_CONTEXT() REPRESENTATION_CONTEXT('2D SPACE',''
  ) );
#9077 = ADVANCED_FACE('',(#9078),#7212,.T.);
#9078 = FACE_BOUND('',#9079,.T.);
#9079 = EDGE_LOOP('',(#9080,#9103,#9104,#9127));
#9080 = ORIENTED_EDGE('',*,*,#9081,.F.);
#9081 = EDGE_CURVE('',#7195,#9082,#9084,.T.);
#9082 = VERTEX_POINT('',#9083);
#9083 = CARTESIAN_POINT('',(0.,653.,523.));
#9084 = SURFACE_CURVE('',#9085,(#9089,#9096),.PCURVE_S1.);
#9085 = LINE('',#9086,#9087);
#9086 = CARTESIAN_POINT('',(-701.,653.,523.));
#9087 = VECTOR('',#9088,1.);
#9088 = DIRECTION('',(1.,0.,-0.));
#9089 = PCURVE('',#7212,#9090);
#9090 = DEFINITIONAL_REPRESENTATION('',(#9091),#9095);
#9091 = LINE('',#9092,#9093);
#9092 = CARTESIAN_POINT('',(0.,0.));
#9093 = VECTOR('',#9094,1.);
#9094 = DIRECTION('',(0.,1.));
#9095 = ( GEOMETRIC_REPRESENTATION_CONTEXT(2) 
PARAMETRIC_REPRESENTATION_CONTEXT() REPRESENTATION_CONTEXT('2D SPACE',''
  ) );
#9096 = PCURVE('',#7291,#9097);
#9097 = DEFINITIONAL_REPRESENTATION('',(#9098),#9102);
#9098 = LINE('',#9099,#9100);
#9099 = CARTESIAN_POINT('',(0.,0.));
#9100 = VECTOR('',#9101,1.);
#9101 = DIRECTION('',(1.,0.));
#9102 = ( GEOMETRIC_REPRESENTATION_CONTEXT(2) 
PARAMETRIC_REPRESENTATION_CONTEXT() REPRESENTATION_CONTEXT('2D SPACE',''
  ) );
#9103 = ORIENTED_EDGE('',*,*,#7194,.T.);
#9104 = ORIENTED_EDGE('',*,*,#9105,.T.);
#9105 = EDGE_CURVE('',#7197,#9106,#9108,.T.);
#9106 = VERTEX_POINT('',#9107);
#9107 = CARTESIAN_POINT('',(0.,653.,557.));
#9108 = SURFACE_CURVE('',#9109,(#9113,#9120),.PCURVE_S1.);
#9109 = LINE('',#9110,#9111);
#9110 = CARTESIAN_POINT('',(-701.,653.,557.));
#9111 = VECTOR('',#9112,1.);
#9112 = DIRECTION('',(1.,0.,-0.));
#9113 = PCURVE('',#7212,#9114);
#9114 = DEFINITIONAL_REPRESENTATION('',(#9115),#9119);
#9115 = LINE('',#9116,#9117);
#9116 = CARTESIAN_POINT('',(34.,0.));
#9117 = VECTOR('',#9118,1.);
#9118 = DIRECTION('',(0.,1.));
#9119 = ( GEOMETRIC_REPRESENTATION_CONTEXT(2) 
PARAMETRIC_REPRESENTATION_CONTEXT() REPRESENTATION_CONTEXT('2D SPACE',''
  ) );
#9120 = PCURVE('',#7239,#9121);
#9121 = DEFINITIONAL_REPRESENTATION('',(#9122),#9126);
#9122 = LINE('',#9123,#9124);
#9123 = CARTESIAN_POINT('',(0.,0.));
#9124 = VECTOR('',#9125,1.);
#9125 = DIRECTION('',(1.,0.));
#9126 = ( GEOMETRIC_REPRESENTATION_CONTEXT(2) 
PARAMETRIC_REPRESENTATION_CONTEXT() REPRESENTATION_CONTEXT('2D SPACE',''
  ) );
#9127 = ORIENTED_EDGE('',*,*,#9128,.F.);
#9128 = EDGE_CURVE('',#9082,#9106,#9129,.T.);
#9129 = SURFACE_CURVE('',#9130,(#9134,#9140),.PCURVE_S1.);
#9130 = LINE('',#9131,#9132);
#9131 = CARTESIAN_POINT('',(0.,653.,521.5));
#9132 = VECTOR('',#9133,1.);
#9133 = DIRECTION('',(0.,0.,1.));
#9134 = PCURVE('',#7212,#9135);
#9135 = DEFINITIONAL_REPRESENTATION('',(#9136),#9139);
#9136 = B_SPLINE_CURVE_WITH_KNOTS('',1,(#9137,#9138),.UNSPECIFIED.,.F.,
  .F.,(2,2),(1.5,35.5),.PIECEWISE_BEZIER_KNOTS.);
#9137 = CARTESIAN_POINT('',(0.,701.));
#9138 = CARTESIAN_POINT('',(34.,701.));
#9139 = ( GEOMETRIC_REPRESENTATION_CONTEXT(2) 
PARAMETRIC_REPRESENTATION_CONTEXT() REPRESENTATION_CONTEXT('2D SPACE',''
  ) );
#9140 = PCURVE('',#7657,#9141);
#9141 = DEFINITIONAL_REPRESENTATION('',(#9142),#9146);
#9142 = LINE('',#9143,#9144);
#9143 = CARTESIAN_POINT('',(521.5,-463.));
#9144 = VECTOR('',#9145,1.);
#9145 = DIRECTION('',(1.,0.));
#9146 = ( GEOMETRIC_REPRESENTATION_CONTEXT(2) 
PARAMETRIC_REPRESENTATION_CONTEXT() REPRESENTATION_CONTEXT('2D SPACE',''
  ) );
#9147 = ADVANCED_FACE('',(#9148),#7291,.T.);
#9148 = FACE_BOUND('',#9149,.T.);
#9149 = EDGE_LOOP('',(#9150,#9173,#9174,#9175));
#9150 = ORIENTED_EDGE('',*,*,#9151,.F.);
#9151 = EDGE_CURVE('',#7251,#9152,#9154,.T.);
#9152 = VERTEX_POINT('',#9153);
#9153 = CARTESIAN_POINT('',(0.,687.,523.));
#9154 = SURFACE_CURVE('',#9155,(#9159,#9166),.PCURVE_S1.);
#9155 = LINE('',#9156,#9157);
#9156 = CARTESIAN_POINT('',(-701.,687.,523.));
#9157 = VECTOR('',#9158,1.);
#9158 = DIRECTION('',(1.,0.,-0.));
#9159 = PCURVE('',#7291,#9160);
#9160 = DEFINITIONAL_REPRESENTATION('',(#9161),#9165);
#9161 = LINE('',#9162,#9163);
#9162 = CARTESIAN_POINT('',(0.,34.));
#9163 = VECTOR('',#9164,1.);
#9164 = DIRECTION('',(1.,0.));
#9165 = ( GEOMETRIC_REPRESENTATION_CONTEXT(2) 
PARAMETRIC_REPRESENTATION_CONTEXT() REPRESENTATION_CONTEXT('2D SPACE',''
  ) );
#9166 = PCURVE('',#7266,#9167);
#9167 = DEFINITIONAL_REPRESENTATION('',(#9168),#9172);
#9168 = LINE('',#9169,#9170);
#9169 = CARTESIAN_POINT('',(0.,0.));
#9170 = VECTOR('',#9171,1.);
#9171 = DIRECTION('',(0.,1.));
#9172 = ( GEOMETRIC_REPRESENTATION_CONTEXT(2) 
PARAMETRIC_REPRESENTATION_CONTEXT() REPRESENTATION_CONTEXT('2D SPACE',''
  ) );
#9173 = ORIENTED_EDGE('',*,*,#7277,.T.);
#9174 = ORIENTED_EDGE('',*,*,#9081,.T.);
#9175 = ORIENTED_EDGE('',*,*,#9176,.F.);
#9176 = EDGE_CURVE('',#9152,#9082,#9177,.T.);
#9177 = SURFACE_CURVE('',#9178,(#9182,#9188),.PCURVE_S1.);
#9178 = LINE('',#9179,#9180);
#9179 = CARTESIAN_POINT('',(0.,651.5,523.));
#9180 = VECTOR('',#9181,1.);
#9181 = DIRECTION('',(0.,-1.,0.));
#9182 = PCURVE('',#7291,#9183);
#9183 = DEFINITIONAL_REPRESENTATION('',(#9184),#9187);
#9184 = B_SPLINE_CURVE_WITH_KNOTS('',1,(#9185,#9186),.UNSPECIFIED.,.F.,
  .F.,(2,2),(-35.5,-1.5),.PIECEWISE_BEZIER_KNOTS.);
#9185 = CARTESIAN_POINT('',(701.,34.));
#9186 = CARTESIAN_POINT('',(701.,0.));
#9187 = ( GEOMETRIC_REPRESENTATION_CONTEXT(2) 
PARAMETRIC_REPRESENTATION_CONTEXT() REPRESENTATION_CONTEXT('2D SPACE',''
  ) );
#9188 = PCURVE('',#7657,#9189);
#9189 = DEFINITIONAL_REPRESENTATION('',(#9190),#9194);
#9190 = LINE('',#9191,#9192);
#9191 = CARTESIAN_POINT('',(523.,-461.5));
#9192 = VECTOR('',#9193,1.);
#9193 = DIRECTION('',(0.,1.));
#9194 = ( GEOMETRIC_REPRESENTATION_CONTEXT(2) 
PARAMETRIC_REPRESENTATION_CONTEXT() REPRESENTATION_CONTEXT('2D SPACE',''
  ) );
#9195 = ADVANCED_FACE('',(#9196),#7239,.F.);
#9196 = FACE_BOUND('',#9197,.F.);
#9197 = EDGE_LOOP('',(#9198,#9221,#9222,#9223));
#9198 = ORIENTED_EDGE('',*,*,#9199,.F.);
#9199 = EDGE_CURVE('',#7224,#9200,#9202,.T.);
#9200 = VERTEX_POINT('',#9201);
#9201 = CARTESIAN_POINT('',(0.,687.,557.));
#9202 = SURFACE_CURVE('',#9203,(#9207,#9214),.PCURVE_S1.);
#9203 = LINE('',#9204,#9205);
#9204 = CARTESIAN_POINT('',(-701.,687.,557.));
#9205 = VECTOR('',#9206,1.);
#9206 = DIRECTION('',(1.,0.,-0.));
#9207 = PCURVE('',#7239,#9208);
#9208 = DEFINITIONAL_REPRESENTATION('',(#9209),#9213);
#9209 = LINE('',#9210,#9211);
#9210 = CARTESIAN_POINT('',(0.,34.));
#9211 = VECTOR('',#9212,1.);
#9212 = DIRECTION('',(1.,0.));
#9213 = ( GEOMETRIC_REPRESENTATION_CONTEXT(2) 
PARAMETRIC_REPRESENTATION_CONTEXT() REPRESENTATION_CONTEXT('2D SPACE',''
  ) );
#9214 = PCURVE('',#7266,#9215);
#9215 = DEFINITIONAL_REPRESENTATION('',(#9216),#9220);
#9216 = LINE('',#9217,#9218);
#9217 = CARTESIAN_POINT('',(34.,0.));
#9218 = VECTOR('',#9219,1.);
#9219 = DIRECTION('',(0.,1.));
#9220 = ( GEOMETRIC_REPRESENTATION_CONTEXT(2) 
PARAMETRIC_REPRESENTATION_CONTEXT() REPRESENTATION_CONTEXT('2D SPACE',''
  ) );
#9221 = ORIENTED_EDGE('',*,*,#7223,.T.);
#9222 = ORIENTED_EDGE('',*,*,#9105,.T.);
#9223 = ORIENTED_EDGE('',*,*,#9224,.F.);
#9224 = EDGE_CURVE('',#9200,#9106,#9225,.T.);
#9225 = SURFACE_CURVE('',#9226,(#9230,#9236),.PCURVE_S1.);
#9226 = LINE('',#9227,#9228);
#9227 = CARTESIAN_POINT('',(0.,651.5,557.));
#9228 = VECTOR('',#9229,1.);
#9229 = DIRECTION('',(0.,-1.,0.));
#9230 = PCURVE('',#7239,#9231);
#9231 = DEFINITIONAL_REPRESENTATION('',(#9232),#9235);
#9232 = B_SPLINE_CURVE_WITH_KNOTS('',1,(#9233,#9234),.UNSPECIFIED.,.F.,
  .F.,(2,2),(-35.5,-1.5),.PIECEWISE_BEZIER_KNOTS.);
#9233 = CARTESIAN_POINT('',(701.,34.));
#9234 = CARTESIAN_POINT('',(701.,0.));
#9235 = ( GEOMETRIC_REPRESENTATION_CONTEXT(2) 
PARAMETRIC_REPRESENTATION_CONTEXT() REPRESENTATION_CONTEXT('2D SPACE',''
  ) );
#9236 = PCURVE('',#7657,#9237);
#9237 = DEFINITIONAL_REPRESENTATION('',(#9238),#9242);
#9238 = LINE('',#9239,#9240);
#9239 = CARTESIAN_POINT('',(557.,-461.5));
#9240 = VECTOR('',#9241,1.);
#9241 = DIRECTION('',(0.,1.));
#9242 = ( GEOMETRIC_REPRESENTATION_CONTEXT(2) 
PARAMETRIC_REPRESENTATION_CONTEXT() REPRESENTATION_CONTEXT('2D SPACE',''
  ) );
#9243 = ADVANCED_FACE('',(#9244),#7266,.F.);
#9244 = FACE_BOUND('',#9245,.F.);
#9245 = EDGE_LOOP('',(#9246,#9247,#9248,#9249));
#9246 = ORIENTED_EDGE('',*,*,#9151,.F.);
#9247 = ORIENTED_EDGE('',*,*,#7250,.T.);
#9248 = ORIENTED_EDGE('',*,*,#9199,.T.);
#9249 = ORIENTED_EDGE('',*,*,#9250,.F.);
#9250 = EDGE_CURVE('',#9152,#9200,#9251,.T.);
#9251 = SURFACE_CURVE('',#9252,(#9256,#9262),.PCURVE_S1.);
#9252 = LINE('',#9253,#9254);
#9253 = CARTESIAN_POINT('',(0.,687.,521.5));
#9254 = VECTOR('',#9255,1.);
#9255 = DIRECTION('',(0.,0.,1.));
#9256 = PCURVE('',#7266,#9257);
#9257 = DEFINITIONAL_REPRESENTATION('',(#9258),#9261);
#9258 = B_SPLINE_CURVE_WITH_KNOTS('',1,(#9259,#9260),.UNSPECIFIED.,.F.,
  .F.,(2,2),(1.5,35.5),.PIECEWISE_BEZIER_KNOTS.);
#9259 = CARTESIAN_POINT('',(0.,701.));
#9260 = CARTESIAN_POINT('',(34.,701.));
#9261 = ( GEOMETRIC_REPRESENTATION_CONTEXT(2) 
PARAMETRIC_REPRESENTATION_CONTEXT() REPRESENTATION_CONTEXT('2D SPACE',''
  ) );
#9262 = PCURVE('',#7657,#9263);
#9263 = DEFINITIONAL_REPRESENTATION('',(#9264),#9268);
#9264 = LINE('',#9265,#9266);
#9265 = CARTESIAN_POINT('',(521.5,-497.));
#9266 = VECTOR('',#9267,1.);
#9267 = DIRECTION('',(1.,0.));
#9268 = ( GEOMETRIC_REPRESENTATION_CONTEXT(2) 
PARAMETRIC_REPRESENTATION_CONTEXT() REPRESENTATION_CONTEXT('2D SPACE',''
  ) );
#9269 = ADVANCED_FACE('',(#9270),#7322,.T.);
#9270 = FACE_BOUND('',#9271,.T.);
#9271 = EDGE_LOOP('',(#9272,#9295,#9296,#9319));
#9272 = ORIENTED_EDGE('',*,*,#9273,.F.);
#9273 = EDGE_CURVE('',#7305,#9274,#9276,.T.);
#9274 = VERTEX_POINT('',#9275);
#9275 = CARTESIAN_POINT('',(0.,227.,3.));
#9276 = SURFACE_CURVE('',#9277,(#9281,#9288),.PCURVE_S1.);
#9277 = LINE('',#9278,#9279);
#9278 = CARTESIAN_POINT('',(-701.,227.,3.));
#9279 = VECTOR('',#9280,1.);
#9280 = DIRECTION('',(1.,0.,-0.));
#9281 = PCURVE('',#7322,#9282);
#9282 = DEFINITIONAL_REPRESENTATION('',(#9283),#9287);
#9283 = LINE('',#9284,#9285);
#9284 = CARTESIAN_POINT('',(0.,34.));
#9285 = VECTOR('',#9286,1.);
#9286 = DIRECTION('',(1.,0.));
#9287 = ( GEOMETRIC_REPRESENTATION_CONTEXT(2) 
PARAMETRIC_REPRESENTATION_CONTEXT() REPRESENTATION_CONTEXT('2D SPACE',''
  ) );
#9288 = PCURVE('',#7401,#9289);
#9289 = DEFINITIONAL_REPRESENTATION('',(#9290),#9294);
#9290 = LINE('',#9291,#9292);
#9291 = CARTESIAN_POINT('',(0.,0.));
#9292 = VECTOR('',#9293,1.);
#9293 = DIRECTION('',(0.,1.));
#9294 = ( GEOMETRIC_REPRESENTATION_CONTEXT(2) 
PARAMETRIC_REPRESENTATION_CONTEXT() REPRESENTATION_CONTEXT('2D SPACE',''
  ) );
#9295 = ORIENTED_EDGE('',*,*,#7304,.T.);
#9296 = ORIENTED_EDGE('',*,*,#9297,.T.);
#9297 = EDGE_CURVE('',#7307,#9298,#9300,.T.);
#9298 = VERTEX_POINT('',#9299);
#9299 = CARTESIAN_POINT('',(0.,193.,3.));
#9300 = SURFACE_CURVE('',#9301,(#9305,#9312),.PCURVE_S1.);
#9301 = LINE('',#9302,#9303);
#9302 = CARTESIAN_POINT('',(-701.,193.,3.));
#9303 = VECTOR('',#9304,1.);
#9304 = DIRECTION('',(1.,0.,-0.));
#9305 = PCURVE('',#7322,#9306);
#9306 = DEFINITIONAL_REPRESENTATION('',(#9307),#9311);
#9307 = LINE('',#9308,#9309);
#9308 = CARTESIAN_POINT('',(0.,0.));
#9309 = VECTOR('',#9310,1.);
#9310 = DIRECTION('',(1.,0.));
#9311 = ( GEOMETRIC_REPRESENTATION_CONTEXT(2) 
PARAMETRIC_REPRESENTATION_CONTEXT() REPRESENTATION_CONTEXT('2D SPACE',''
  ) );
#9312 = PCURVE('',#7349,#9313);
#9313 = DEFINITIONAL_REPRESENTATION('',(#9314),#9318);
#9314 = LINE('',#9315,#9316);
#9315 = CARTESIAN_POINT('',(0.,0.));
#9316 = VECTOR('',#9317,1.);
#9317 = DIRECTION('',(0.,1.));
#9318 = ( GEOMETRIC_REPRESENTATION_CONTEXT(2) 
PARAMETRIC_REPRESENTATION_CONTEXT() REPRESENTATION_CONTEXT('2D SPACE',''
  ) );
#9319 = ORIENTED_EDGE('',*,*,#9320,.F.);
#9320 = EDGE_CURVE('',#9274,#9298,#9321,.T.);
#9321 = SURFACE_CURVE('',#9322,(#9326,#9332),.PCURVE_S1.);
#9322 = LINE('',#9323,#9324);
#9323 = CARTESIAN_POINT('',(0.,191.5,3.));
#9324 = VECTOR('',#9325,1.);
#9325 = DIRECTION('',(0.,-1.,0.));
#9326 = PCURVE('',#7322,#9327);
#9327 = DEFINITIONAL_REPRESENTATION('',(#9328),#9331);
#9328 = B_SPLINE_CURVE_WITH_KNOTS('',1,(#9329,#9330),.UNSPECIFIED.,.F.,
  .F.,(2,2),(-35.5,-1.5),.PIECEWISE_BEZIER_KNOTS.);
#9329 = CARTESIAN_POINT('',(701.,34.));
#9330 = CARTESIAN_POINT('',(701.,0.));
#9331 = ( GEOMETRIC_REPRESENTATION_CONTEXT(2) 
PARAMETRIC_REPRESENTATION_CONTEXT() REPRESENTATION_CONTEXT('2D SPACE',''
  ) );
#9332 = PCURVE('',#7657,#9333);
#9333 = DEFINITIONAL_REPRESENTATION('',(#9334),#9338);
#9334 = LINE('',#9335,#9336);
#9335 = CARTESIAN_POINT('',(3.,-1.5));
#9336 = VECTOR('',#9337,1.);
#9337 = DIRECTION('',(0.,1.));
#9338 = ( GEOMETRIC_REPRESENTATION_CONTEXT(2) 
PARAMETRIC_REPRESENTATION_CONTEXT() REPRESENTATION_CONTEXT('2D SPACE',''
  ) );
#9339 = ADVANCED_FACE('',(#9340),#7401,.F.);
#9340 = FACE_BOUND('',#9341,.F.);
#9341 = EDGE_LOOP('',(#9342,#9343,#9344,#9367));
#9342 = ORIENTED_EDGE('',*,*,#9273,.F.);
#9343 = ORIENTED_EDGE('',*,*,#7387,.T.);
#9344 = ORIENTED_EDGE('',*,*,#9345,.T.);
#9345 = EDGE_CURVE('',#7361,#9346,#9348,.T.);
#9346 = VERTEX_POINT('',#9347);
#9347 = CARTESIAN_POINT('',(0.,227.,37.));
#9348 = SURFACE_CURVE('',#9349,(#9353,#9360),.PCURVE_S1.);
#9349 = LINE('',#9350,#9351);
#9350 = CARTESIAN_POINT('',(-701.,227.,37.));
#9351 = VECTOR('',#9352,1.);
#9352 = DIRECTION('',(1.,0.,-0.));
#9353 = PCURVE('',#7401,#9354);
#9354 = DEFINITIONAL_REPRESENTATION('',(#9355),#9359);
#9355 = LINE('',#9356,#9357);
#9356 = CARTESIAN_POINT('',(34.,0.));
#9357 = VECTOR('',#9358,1.);
#9358 = DIRECTION('',(0.,1.));
#9359 = ( GEOMETRIC_REPRESENTATION_CONTEXT(2) 
PARAMETRIC_REPRESENTATION_CONTEXT() REPRESENTATION_CONTEXT('2D SPACE',''
  ) );
#9360 = PCURVE('',#7376,#9361);
#9361 = DEFINITIONAL_REPRESENTATION('',(#9362),#9366);
#9362 = LINE('',#9363,#9364);
#9363 = CARTESIAN_POINT('',(0.,34.));
#9364 = VECTOR('',#9365,1.);
#9365 = DIRECTION('',(1.,0.));
#9366 = ( GEOMETRIC_REPRESENTATION_CONTEXT(2) 
PARAMETRIC_REPRESENTATION_CONTEXT() REPRESENTATION_CONTEXT('2D SPACE',''
  ) );
#9367 = ORIENTED_EDGE('',*,*,#9368,.F.);
#9368 = EDGE_CURVE('',#9274,#9346,#9369,.T.);
#9369 = SURFACE_CURVE('',#9370,(#9374,#9380),.PCURVE_S1.);
#9370 = LINE('',#9371,#9372);
#9371 = CARTESIAN_POINT('',(0.,227.,1.5));
#9372 = VECTOR('',#9373,1.);
#9373 = DIRECTION('',(0.,0.,1.));
#9374 = PCURVE('',#7401,#9375);
#9375 = DEFINITIONAL_REPRESENTATION('',(#9376),#9379);
#9376 = B_SPLINE_CURVE_WITH_KNOTS('',1,(#9377,#9378),.UNSPECIFIED.,.F.,
  .F.,(2,2),(1.5,35.5),.PIECEWISE_BEZIER_KNOTS.);
#9377 = CARTESIAN_POINT('',(0.,701.));
#9378 = CARTESIAN_POINT('',(34.,701.));
#9379 = ( GEOMETRIC_REPRESENTATION_CONTEXT(2) 
PARAMETRIC_REPRESENTATION_CONTEXT() REPRESENTATION_CONTEXT('2D SPACE',''
  ) );
#9380 = PCURVE('',#7657,#9381);
#9381 = DEFINITIONAL_REPRESENTATION('',(#9382),#9386);
#9382 = LINE('',#9383,#9384);
#9383 = CARTESIAN_POINT('',(1.5,-37.));
#9384 = VECTOR('',#9385,1.);
#9385 = DIRECTION('',(1.,0.));
#9386 = ( GEOMETRIC_REPRESENTATION_CONTEXT(2) 
PARAMETRIC_REPRESENTATION_CONTEXT() REPRESENTATION_CONTEXT('2D SPACE',''
  ) );
#9387 = ADVANCED_FACE('',(#9388),#7349,.T.);
#9388 = FACE_BOUND('',#9389,.T.);
#9389 = EDGE_LOOP('',(#9390,#9391,#9392,#9415));
#9390 = ORIENTED_EDGE('',*,*,#9297,.F.);
#9391 = ORIENTED_EDGE('',*,*,#7333,.T.);
#9392 = ORIENTED_EDGE('',*,*,#9393,.T.);
#9393 = EDGE_CURVE('',#7334,#9394,#9396,.T.);
#9394 = VERTEX_POINT('',#9395);
#9395 = CARTESIAN_POINT('',(0.,193.,37.));
#9396 = SURFACE_CURVE('',#9397,(#9401,#9408),.PCURVE_S1.);
#9397 = LINE('',#9398,#9399);
#9398 = CARTESIAN_POINT('',(-701.,193.,37.));
#9399 = VECTOR('',#9400,1.);
#9400 = DIRECTION('',(1.,0.,-0.));
#9401 = PCURVE('',#7349,#9402);
#9402 = DEFINITIONAL_REPRESENTATION('',(#9403),#9407);
#9403 = LINE('',#9404,#9405);
#9404 = CARTESIAN_POINT('',(34.,0.));
#9405 = VECTOR('',#9406,1.);
#9406 = DIRECTION('',(0.,1.));
#9407 = ( GEOMETRIC_REPRESENTATION_CONTEXT(2) 
PARAMETRIC_REPRESENTATION_CONTEXT() REPRESENTATION_CONTEXT('2D SPACE',''
  ) );
#9408 = PCURVE('',#7376,#9409);
#9409 = DEFINITIONAL_REPRESENTATION('',(#9410),#9414);
#9410 = LINE('',#9411,#9412);
#9411 = CARTESIAN_POINT('',(0.,0.));
#9412 = VECTOR('',#9413,1.);
#9413 = DIRECTION('',(1.,0.));
#9414 = ( GEOMETRIC_REPRESENTATION_CONTEXT(2) 
PARAMETRIC_REPRESENTATION_CONTEXT() REPRESENTATION_CONTEXT('2D SPACE',''
  ) );
#9415 = ORIENTED_EDGE('',*,*,#9416,.F.);
#9416 = EDGE_CURVE('',#9298,#9394,#9417,.T.);
#9417 = SURFACE_CURVE('',#9418,(#9422,#9428),.PCURVE_S1.);
#9418 = LINE('',#9419,#9420);
#9419 = CARTESIAN_POINT('',(0.,193.,1.5));
#9420 = VECTOR('',#9421,1.);
#9421 = DIRECTION('',(0.,0.,1.));
#9422 = PCURVE('',#7349,#9423);
#9423 = DEFINITIONAL_REPRESENTATION('',(#9424),#9427);
#9424 = B_SPLINE_CURVE_WITH_KNOTS('',1,(#9425,#9426),.UNSPECIFIED.,.F.,
  .F.,(2,2),(1.5,35.5),.PIECEWISE_BEZIER_KNOTS.);
#9425 = CARTESIAN_POINT('',(0.,701.));
#9426 = CARTESIAN_POINT('',(34.,701.));
#9427 = ( GEOMETRIC_REPRESENTATION_CONTEXT(2) 
PARAMETRIC_REPRESENTATION_CONTEXT() REPRESENTATION_CONTEXT('2D SPACE',''
  ) );
#9428 = PCURVE('',#7657,#9429);
#9429 = DEFINITIONAL_REPRESENTATION('',(#9430),#9434);
#9430 = LINE('',#9431,#9432);
#9431 = CARTESIAN_POINT('',(1.5,-3.));
#9432 = VECTOR('',#9433,1.);
#9433 = DIRECTION('',(1.,0.));
#9434 = ( GEOMETRIC_REPRESENTATION_CONTEXT(2) 
PARAMETRIC_REPRESENTATION_CONTEXT() REPRESENTATION_CONTEXT('2D SPACE',''
  ) );
#9435 = ADVANCED_FACE('',(#9436),#7376,.F.);
#9436 = FACE_BOUND('',#9437,.F.);
#9437 = EDGE_LOOP('',(#9438,#9439,#9440,#9441));
#9438 = ORIENTED_EDGE('',*,*,#9345,.F.);
#9439 = ORIENTED_EDGE('',*,*,#7360,.T.);
#9440 = ORIENTED_EDGE('',*,*,#9393,.T.);
#9441 = ORIENTED_EDGE('',*,*,#9442,.F.);
#9442 = EDGE_CURVE('',#9346,#9394,#9443,.T.);
#9443 = SURFACE_CURVE('',#9444,(#9448,#9454),.PCURVE_S1.);
#9444 = LINE('',#9445,#9446);
#9445 = CARTESIAN_POINT('',(0.,191.5,37.));
#9446 = VECTOR('',#9447,1.);
#9447 = DIRECTION('',(0.,-1.,0.));
#9448 = PCURVE('',#7376,#9449);
#9449 = DEFINITIONAL_REPRESENTATION('',(#9450),#9453);
#9450 = B_SPLINE_CURVE_WITH_KNOTS('',1,(#9451,#9452),.UNSPECIFIED.,.F.,
  .F.,(2,2),(-35.5,-1.5),.PIECEWISE_BEZIER_KNOTS.);
#9451 = CARTESIAN_POINT('',(701.,34.));
#9452 = CARTESIAN_POINT('',(701.,0.));
#9453 = ( GEOMETRIC_REPRESENTATION_CONTEXT(2) 
PARAMETRIC_REPRESENTATION_CONTEXT() REPRESENTATION_CONTEXT('2D SPACE',''
  ) );
#9454 = PCURVE('',#7657,#9455);
#9455 = DEFINITIONAL_REPRESENTATION('',(#9456),#9460);
#9456 = LINE('',#9457,#9458);
#9457 = CARTESIAN_POINT('',(37.,-1.5));
#9458 = VECTOR('',#9459,1.);
#9459 = DIRECTION('',(0.,1.));
#9460 = ( GEOMETRIC_REPRESENTATION_CONTEXT(2) 
PARAMETRIC_REPRESENTATION_CONTEXT() REPRESENTATION_CONTEXT('2D SPACE',''
  ) );
#9461 = ADVANCED_FACE('',(#9462),#7432,.T.);
#9462 = FACE_BOUND('',#9463,.T.);
#9463 = EDGE_LOOP('',(#9464,#9487,#9488,#9511));
#9464 = ORIENTED_EDGE('',*,*,#9465,.F.);
#9465 = EDGE_CURVE('',#7415,#9466,#9468,.T.);
#9466 = VERTEX_POINT('',#9467);
#9467 = CARTESIAN_POINT('',(0.,227.,523.));
#9468 = SURFACE_CURVE('',#9469,(#9473,#9480),.PCURVE_S1.);
#9469 = LINE('',#9470,#9471);
#9470 = CARTESIAN_POINT('',(-701.,227.,523.));
#9471 = VECTOR('',#9472,1.);
#9472 = DIRECTION('',(1.,0.,-0.));
#9473 = PCURVE('',#7432,#9474);
#9474 = DEFINITIONAL_REPRESENTATION('',(#9475),#9479);
#9475 = LINE('',#9476,#9477);
#9476 = CARTESIAN_POINT('',(0.,34.));
#9477 = VECTOR('',#9478,1.);
#9478 = DIRECTION('',(1.,0.));
#9479 = ( GEOMETRIC_REPRESENTATION_CONTEXT(2) 
PARAMETRIC_REPRESENTATION_CONTEXT() REPRESENTATION_CONTEXT('2D SPACE',''
  ) );
#9480 = PCURVE('',#7511,#9481);
#9481 = DEFINITIONAL_REPRESENTATION('',(#9482),#9486);
#9482 = LINE('',#9483,#9484);
#9483 = CARTESIAN_POINT('',(0.,0.));
#9484 = VECTOR('',#9485,1.);
#9485 = DIRECTION('',(0.,1.));
#9486 = ( GEOMETRIC_REPRESENTATION_CONTEXT(2) 
PARAMETRIC_REPRESENTATION_CONTEXT() REPRESENTATION_CONTEXT('2D SPACE',''
  ) );
#9487 = ORIENTED_EDGE('',*,*,#7414,.T.);
#9488 = ORIENTED_EDGE('',*,*,#9489,.T.);
#9489 = EDGE_CURVE('',#7417,#9490,#9492,.T.);
#9490 = VERTEX_POINT('',#9491);
#9491 = CARTESIAN_POINT('',(0.,193.,523.));
#9492 = SURFACE_CURVE('',#9493,(#9497,#9504),.PCURVE_S1.);
#9493 = LINE('',#9494,#9495);
#9494 = CARTESIAN_POINT('',(-701.,193.,523.));
#9495 = VECTOR('',#9496,1.);
#9496 = DIRECTION('',(1.,0.,-0.));
#9497 = PCURVE('',#7432,#9498);
#9498 = DEFINITIONAL_REPRESENTATION('',(#9499),#9503);
#9499 = LINE('',#9500,#9501);
#9500 = CARTESIAN_POINT('',(0.,0.));
#9501 = VECTOR('',#9502,1.);
#9502 = DIRECTION('',(1.,0.));
#9503 = ( GEOMETRIC_REPRESENTATION_CONTEXT(2) 
PARAMETRIC_REPRESENTATION_CONTEXT() REPRESENTATION_CONTEXT('2D SPACE',''
  ) );
#9504 = PCURVE('',#7459,#9505);
#9505 = DEFINITIONAL_REPRESENTATION('',(#9506),#9510);
#9506 = LINE('',#9507,#9508);
#9507 = CARTESIAN_POINT('',(0.,0.));
#9508 = VECTOR('',#9509,1.);
#9509 = DIRECTION('',(0.,1.));
#9510 = ( GEOMETRIC_REPRESENTATION_CONTEXT(2) 
PARAMETRIC_REPRESENTATION_CONTEXT() REPRESENTATION_CONTEXT('2D SPACE',''
  ) );
#9511 = ORIENTED_EDGE('',*,*,#9512,.F.);
#9512 = EDGE_CURVE('',#9466,#9490,#9513,.T.);
#9513 = SURFACE_CURVE('',#9514,(#9518,#9524),.PCURVE_S1.);
#9514 = LINE('',#9515,#9516);
#9515 = CARTESIAN_POINT('',(0.,191.5,523.));
#9516 = VECTOR('',#9517,1.);
#9517 = DIRECTION('',(0.,-1.,0.));
#9518 = PCURVE('',#7432,#9519);
#9519 = DEFINITIONAL_REPRESENTATION('',(#9520),#9523);
#9520 = B_SPLINE_CURVE_WITH_KNOTS('',1,(#9521,#9522),.UNSPECIFIED.,.F.,
  .F.,(2,2),(-35.5,-1.5),.PIECEWISE_BEZIER_KNOTS.);
#9521 = CARTESIAN_POINT('',(701.,34.));
#9522 = CARTESIAN_POINT('',(701.,0.));
#9523 = ( GEOMETRIC_REPRESENTATION_CONTEXT(2) 
PARAMETRIC_REPRESENTATION_CONTEXT() REPRESENTATION_CONTEXT('2D SPACE',''
  ) );
#9524 = PCURVE('',#7657,#9525);
#9525 = DEFINITIONAL_REPRESENTATION('',(#9526),#9530);
#9526 = LINE('',#9527,#9528);
#9527 = CARTESIAN_POINT('',(523.,-1.5));
#9528 = VECTOR('',#9529,1.);
#9529 = DIRECTION('',(0.,1.));
#9530 = ( GEOMETRIC_REPRESENTATION_CONTEXT(2) 
PARAMETRIC_REPRESENTATION_CONTEXT() REPRESENTATION_CONTEXT('2D SPACE',''
  ) );
#9531 = ADVANCED_FACE('',(#9532),#7511,.F.);
#9532 = FACE_BOUND('',#9533,.F.);
#9533 = EDGE_LOOP('',(#9534,#9535,#9536,#9559));
#9534 = ORIENTED_EDGE('',*,*,#9465,.F.);
#9535 = ORIENTED_EDGE('',*,*,#7497,.T.);
#9536 = ORIENTED_EDGE('',*,*,#9537,.T.);
#9537 = EDGE_CURVE('',#7471,#9538,#9540,.T.);
#9538 = VERTEX_POINT('',#9539);
#9539 = CARTESIAN_POINT('',(0.,227.,557.));
#9540 = SURFACE_CURVE('',#9541,(#9545,#9552),.PCURVE_S1.);
#9541 = LINE('',#9542,#9543);
#9542 = CARTESIAN_POINT('',(-701.,227.,557.));
#9543 = VECTOR('',#9544,1.);
#9544 = DIRECTION('',(1.,0.,-0.));
#9545 = PCURVE('',#7511,#9546);
#9546 = DEFINITIONAL_REPRESENTATION('',(#9547),#9551);
#9547 = LINE('',#9548,#9549);
#9548 = CARTESIAN_POINT('',(34.,0.));
#9549 = VECTOR('',#9550,1.);
#9550 = DIRECTION('',(0.,1.));
#9551 = ( GEOMETRIC_REPRESENTATION_CONTEXT(2) 
PARAMETRIC_REPRESENTATION_CONTEXT() REPRESENTATION_CONTEXT('2D SPACE',''
  ) );
#9552 = PCURVE('',#7486,#9553);
#9553 = DEFINITIONAL_REPRESENTATION('',(#9554),#9558);
#9554 = LINE('',#9555,#9556);
#9555 = CARTESIAN_POINT('',(0.,34.));
#9556 = VECTOR('',#9557,1.);
#9557 = DIRECTION('',(1.,0.));
#9558 = ( GEOMETRIC_REPRESENTATION_CONTEXT(2) 
PARAMETRIC_REPRESENTATION_CONTEXT() REPRESENTATION_CONTEXT('2D SPACE',''
  ) );
#9559 = ORIENTED_EDGE('',*,*,#9560,.F.);
#9560 = EDGE_CURVE('',#9466,#9538,#9561,.T.);
#9561 = SURFACE_CURVE('',#9562,(#9566,#9572),.PCURVE_S1.);
#9562 = LINE('',#9563,#9564);
#9563 = CARTESIAN_POINT('',(0.,227.,521.5));
#9564 = VECTOR('',#9565,1.);
#9565 = DIRECTION('',(0.,0.,1.));
#9566 = PCURVE('',#7511,#9567);
#9567 = DEFINITIONAL_REPRESENTATION('',(#9568),#9571);
#9568 = B_SPLINE_CURVE_WITH_KNOTS('',1,(#9569,#9570),.UNSPECIFIED.,.F.,
  .F.,(2,2),(1.5,35.5),.PIECEWISE_BEZIER_KNOTS.);
#9569 = CARTESIAN_POINT('',(0.,701.));
#9570 = CARTESIAN_POINT('',(34.,701.));
#9571 = ( GEOMETRIC_REPRESENTATION_CONTEXT(2) 
PARAMETRIC_REPRESENTATION_CONTEXT() REPRESENTATION_CONTEXT('2D SPACE',''
  ) );
#9572 = PCURVE('',#7657,#9573);
#9573 = DEFINITIONAL_REPRESENTATION('',(#9574),#9578);
#9574 = LINE('',#9575,#9576);
#9575 = CARTESIAN_POINT('',(521.5,-37.));
#9576 = VECTOR('',#9577,1.);
#9577 = DIRECTION('',(1.,0.));
#9578 = ( GEOMETRIC_REPRESENTATION_CONTEXT(2) 
PARAMETRIC_REPRESENTATION_CONTEXT() REPRESENTATION_CONTEXT('2D SPACE',''
  ) );
#9579 = ADVANCED_FACE('',(#9580),#7459,.T.);
#9580 = FACE_BOUND('',#9581,.T.);
#9581 = EDGE_LOOP('',(#9582,#9583,#9584,#9607));
#9582 = ORIENTED_EDGE('',*,*,#9489,.F.);
#9583 = ORIENTED_EDGE('',*,*,#7443,.T.);
#9584 = ORIENTED_EDGE('',*,*,#9585,.T.);
#9585 = EDGE_CURVE('',#7444,#9586,#9588,.T.);
#9586 = VERTEX_POINT('',#9587);
#9587 = CARTESIAN_POINT('',(0.,193.,557.));
#9588 = SURFACE_CURVE('',#9589,(#9593,#9600),.PCURVE_S1.);
#9589 = LINE('',#9590,#9591);
#9590 = CARTESIAN_POINT('',(-701.,193.,557.));
#9591 = VECTOR('',#9592,1.);
#9592 = DIRECTION('',(1.,0.,-0.));
#9593 = PCURVE('',#7459,#9594);
#9594 = DEFINITIONAL_REPRESENTATION('',(#9595),#9599);
#9595 = LINE('',#9596,#9597);
#9596 = CARTESIAN_POINT('',(34.,0.));
#9597 = VECTOR('',#9598,1.);
#9598 = DIRECTION('',(0.,1.));
#9599 = ( GEOMETRIC_REPRESENTATION_CONTEXT(2) 
PARAMETRIC_REPRESENTATION_CONTEXT() REPRESENTATION_CONTEXT('2D SPACE',''
  ) );
#9600 = PCURVE('',#7486,#9601);
#9601 = DEFINITIONAL_REPRESENTATION('',(#9602),#9606);
#9602 = LINE('',#9603,#9604);
#9603 = CARTESIAN_POINT('',(0.,0.));
#9604 = VECTOR('',#9605,1.);
#9605 = DIRECTION('',(1.,0.));
#9606 = ( GEOMETRIC_REPRESENTATION_CONTEXT(2) 
PARAMETRIC_REPRESENTATION_CONTEXT() REPRESENTATION_CONTEXT('2D SPACE',''
  ) );
#9607 = ORIENTED_EDGE('',*,*,#9608,.F.);
#9608 = EDGE_CURVE('',#9490,#9586,#9609,.T.);
#9609 = SURFACE_CURVE('',#9610,(#9614,#9620),.PCURVE_S1.);
#9610 = LINE('',#9611,#9612);
#9611 = CARTESIAN_POINT('',(0.,193.,521.5));
#9612 = VECTOR('',#9613,1.);
#9613 = DIRECTION('',(0.,0.,1.));
#9614 = PCURVE('',#7459,#9615);
#9615 = DEFINITIONAL_REPRESENTATION('',(#9616),#9619);
#9616 = B_SPLINE_CURVE_WITH_KNOTS('',1,(#9617,#9618),.UNSPECIFIED.,.F.,
  .F.,(2,2),(1.5,35.5),.PIECEWISE_BEZIER_KNOTS.);
#9617 = CARTESIAN_POINT('',(0.,701.));
#9618 = CARTESIAN_POINT('',(34.,701.));
#9619 = ( GEOMETRIC_REPRESENTATION_CONTEXT(2) 
PARAMETRIC_REPRESENTATION_CONTEXT() REPRESENTATION_CONTEXT('2D SPACE',''
  ) );
#9620 = PCURVE('',#7657,#9621);
#9621 = DEFINITIONAL_REPRESENTATION('',(#9622),#9626);
#9622 = LINE('',#9623,#9624);
#9623 = CARTESIAN_POINT('',(521.5,-3.));
#9624 = VECTOR('',#9625,1.);
#9625 = DIRECTION('',(1.,0.));
#9626 = ( GEOMETRIC_REPRESENTATION_CONTEXT(2) 
PARAMETRIC_REPRESENTATION_CONTEXT() REPRESENTATION_CONTEXT('2D SPACE',''
  ) );
#9627 = ADVANCED_FACE('',(#9628),#7486,.F.);
#9628 = FACE_BOUND('',#9629,.F.);
#9629 = EDGE_LOOP('',(#9630,#9631,#9632,#9633));
#9630 = ORIENTED_EDGE('',*,*,#9537,.F.);
#9631 = ORIENTED_EDGE('',*,*,#7470,.T.);
#9632 = ORIENTED_EDGE('',*,*,#9585,.T.);
#9633 = ORIENTED_EDGE('',*,*,#9634,.F.);
#9634 = EDGE_CURVE('',#9538,#9586,#9635,.T.);
#9635 = SURFACE_CURVE('',#9636,(#9640,#9646),.PCURVE_S1.);
#9636 = LINE('',#9637,#9638);
#9637 = CARTESIAN_POINT('',(0.,191.5,557.));
#9638 = VECTOR('',#9639,1.);
#9639 = DIRECTION('',(0.,-1.,0.));
#9640 = PCURVE('',#7486,#9641);
#9641 = DEFINITIONAL_REPRESENTATION('',(#9642),#9645);
#9642 = B_SPLINE_CURVE_WITH_KNOTS('',1,(#9643,#9644),.UNSPECIFIED.,.F.,
  .F.,(2,2),(-35.5,-1.5),.PIECEWISE_BEZIER_KNOTS.);
#9643 = CARTESIAN_POINT('',(701.,34.));
#9644 = CARTESIAN_POINT('',(701.,0.));
#9645 = ( GEOMETRIC_REPRESENTATION_CONTEXT(2) 
PARAMETRIC_REPRESENTATION_CONTEXT() REPRESENTATION_CONTEXT('2D SPACE',''
  ) );
#9646 = PCURVE('',#7657,#9647);
#9647 = DEFINITIONAL_REPRESENTATION('',(#9648),#9652);
#9648 = LINE('',#9649,#9650);
#9649 = CARTESIAN_POINT('',(557.,-1.5));
#9650 = VECTOR('',#9651,1.);
#9651 = DIRECTION('',(0.,1.));
#9652 = ( GEOMETRIC_REPRESENTATION_CONTEXT(2) 
PARAMETRIC_REPRESENTATION_CONTEXT() REPRESENTATION_CONTEXT('2D SPACE',''
  ) );
#9653 = ADVANCED_FACE('',(#9654),#7543,.F.);
#9654 = FACE_BOUND('',#9655,.F.);
#9655 = EDGE_LOOP('',(#9656,#9677,#9678,#9701));
#9656 = ORIENTED_EDGE('',*,*,#9657,.F.);
#9657 = EDGE_CURVE('',#7526,#8150,#9658,.T.);
#9658 = SURFACE_CURVE('',#9659,(#9663,#9670),.PCURVE_S1.);
#9659 = LINE('',#9660,#9661);
#9660 = CARTESIAN_POINT('',(-660.,190.,520.));
#9661 = VECTOR('',#9662,1.);
#9662 = DIRECTION('',(-0.,1.,0.));
#9663 = PCURVE('',#7543,#9664);
#9664 = DEFINITIONAL_REPRESENTATION('',(#9665),#9669);
#9665 = LINE('',#9666,#9667);
#9666 = CARTESIAN_POINT('',(40.,0.));
#9667 = VECTOR('',#9668,1.);
#9668 = DIRECTION('',(0.,1.));
#9669 = ( GEOMETRIC_REPRESENTATION_CONTEXT(2) 
PARAMETRIC_REPRESENTATION_CONTEXT() REPRESENTATION_CONTEXT('2D SPACE',''
  ) );
#9670 = PCURVE('',#7571,#9671);
#9671 = DEFINITIONAL_REPRESENTATION('',(#9672),#9676);
#9672 = LINE('',#9673,#9674);
#9673 = CARTESIAN_POINT('',(480.,0.));
#9674 = VECTOR('',#9675,1.);
#9675 = DIRECTION('',(0.,-1.));
#9676 = ( GEOMETRIC_REPRESENTATION_CONTEXT(2) 
PARAMETRIC_REPRESENTATION_CONTEXT() REPRESENTATION_CONTEXT('2D SPACE',''
  ) );
#9677 = ORIENTED_EDGE('',*,*,#7525,.T.);
#9678 = ORIENTED_EDGE('',*,*,#9679,.T.);
#9679 = EDGE_CURVE('',#7528,#9680,#9682,.T.);
#9680 = VERTEX_POINT('',#9681);
#9681 = CARTESIAN_POINT('',(-40.,230.,520.));
#9682 = SURFACE_CURVE('',#9683,(#9687,#9694),.PCURVE_S1.);
#9683 = LINE('',#9684,#9685);
#9684 = CARTESIAN_POINT('',(-40.,190.,520.));
#9685 = VECTOR('',#9686,1.);
#9686 = DIRECTION('',(-0.,1.,0.));
#9687 = PCURVE('',#7543,#9688);
#9688 = DEFINITIONAL_REPRESENTATION('',(#9689),#9693);
#9689 = LINE('',#9690,#9691);
#9690 = CARTESIAN_POINT('',(660.,0.));
#9691 = VECTOR('',#9692,1.);
#9692 = DIRECTION('',(0.,1.));
#9693 = ( GEOMETRIC_REPRESENTATION_CONTEXT(2) 
PARAMETRIC_REPRESENTATION_CONTEXT() REPRESENTATION_CONTEXT('2D SPACE',''
  ) );
#9694 = PCURVE('',#7625,#9695);
#9695 = DEFINITIONAL_REPRESENTATION('',(#9696),#9700);
#9696 = LINE('',#9697,#9698);
#9697 = CARTESIAN_POINT('',(480.,0.));
#9698 = VECTOR('',#9699,1.);
#9699 = DIRECTION('',(0.,-1.));
#9700 = ( GEOMETRIC_REPRESENTATION_CONTEXT(2) 
PARAMETRIC_REPRESENTATION_CONTEXT() REPRESENTATION_CONTEXT('2D SPACE',''
  ) );
#9701 = ORIENTED_EDGE('',*,*,#9702,.F.);
#9702 = EDGE_CURVE('',#8150,#9680,#9703,.T.);
#9703 = SURFACE_CURVE('',#9704,(#9708,#9715),.PCURVE_S1.);
#9704 = LINE('',#9705,#9706);
#9705 = CARTESIAN_POINT('',(-700.,230.,520.));
#9706 = VECTOR('',#9707,1.);
#9707 = DIRECTION('',(1.,0.,-0.));
#9708 = PCURVE('',#7543,#9709);
#9709 = DEFINITIONAL_REPRESENTATION('',(#9710),#9714);
#9710 = LINE('',#9711,#9712);
#9711 = CARTESIAN_POINT('',(0.,40.));
#9712 = VECTOR('',#9713,1.);
#9713 = DIRECTION('',(1.,0.));
#9714 = ( GEOMETRIC_REPRESENTATION_CONTEXT(2) 
PARAMETRIC_REPRESENTATION_CONTEXT() REPRESENTATION_CONTEXT('2D SPACE',''
  ) );
#9715 = PCURVE('',#7868,#9716);
#9716 = DEFINITIONAL_REPRESENTATION('',(#9717),#9721);
#9717 = LINE('',#9718,#9719);
#9718 = CARTESIAN_POINT('',(0.,0.));
#9719 = VECTOR('',#9720,1.);
#9720 = DIRECTION('',(0.,1.));
#9721 = ( GEOMETRIC_REPRESENTATION_CONTEXT(2) 
PARAMETRIC_REPRESENTATION_CONTEXT() REPRESENTATION_CONTEXT('2D SPACE',''
  ) );
#9722 = ADVANCED_FACE('',(#9723),#7571,.T.);
#9723 = FACE_BOUND('',#9724,.T.);
#9724 = EDGE_LOOP('',(#9725,#9726,#9747,#9748));
#9725 = ORIENTED_EDGE('',*,*,#7555,.F.);
#9726 = ORIENTED_EDGE('',*,*,#9727,.T.);
#9727 = EDGE_CURVE('',#7556,#8267,#9728,.T.);
#9728 = SURFACE_CURVE('',#9729,(#9733,#9740),.PCURVE_S1.);
#9729 = LINE('',#9730,#9731);
#9730 = CARTESIAN_POINT('',(-660.,190.,40.));
#9731 = VECTOR('',#9732,1.);
#9732 = DIRECTION('',(-0.,1.,0.));
#9733 = PCURVE('',#7571,#9734);
#9734 = DEFINITIONAL_REPRESENTATION('',(#9735),#9739);
#9735 = LINE('',#9736,#9737);
#9736 = CARTESIAN_POINT('',(0.,0.));
#9737 = VECTOR('',#9738,1.);
#9738 = DIRECTION('',(0.,-1.));
#9739 = ( GEOMETRIC_REPRESENTATION_CONTEXT(2) 
PARAMETRIC_REPRESENTATION_CONTEXT() REPRESENTATION_CONTEXT('2D SPACE',''
  ) );
#9740 = PCURVE('',#7599,#9741);
#9741 = DEFINITIONAL_REPRESENTATION('',(#9742),#9746);
#9742 = LINE('',#9743,#9744);
#9743 = CARTESIAN_POINT('',(40.,0.));
#9744 = VECTOR('',#9745,1.);
#9745 = DIRECTION('',(0.,1.));
#9746 = ( GEOMETRIC_REPRESENTATION_CONTEXT(2) 
PARAMETRIC_REPRESENTATION_CONTEXT() REPRESENTATION_CONTEXT('2D SPACE',''
  ) );
#9747 = ORIENTED_EDGE('',*,*,#8291,.T.);
#9748 = ORIENTED_EDGE('',*,*,#9657,.F.);
#9749 = ADVANCED_FACE('',(#9750),#7599,.T.);
#9750 = FACE_BOUND('',#9751,.T.);
#9751 = EDGE_LOOP('',(#9752,#9775,#9776,#9777));
#9752 = ORIENTED_EDGE('',*,*,#9753,.F.);
#9753 = EDGE_CURVE('',#8267,#9754,#9756,.T.);
#9754 = VERTEX_POINT('',#9755);
#9755 = CARTESIAN_POINT('',(-40.,230.,40.));
#9756 = SURFACE_CURVE('',#9757,(#9761,#9768),.PCURVE_S1.);
#9757 = LINE('',#9758,#9759);
#9758 = CARTESIAN_POINT('',(-700.,230.,40.));
#9759 = VECTOR('',#9760,1.);
#9760 = DIRECTION('',(1.,0.,-0.));
#9761 = PCURVE('',#7599,#9762);
#9762 = DEFINITIONAL_REPRESENTATION('',(#9763),#9767);
#9763 = LINE('',#9764,#9765);
#9764 = CARTESIAN_POINT('',(0.,40.));
#9765 = VECTOR('',#9766,1.);
#9766 = DIRECTION('',(1.,0.));
#9767 = ( GEOMETRIC_REPRESENTATION_CONTEXT(2) 
PARAMETRIC_REPRESENTATION_CONTEXT() REPRESENTATION_CONTEXT('2D SPACE',''
  ) );
#9768 = PCURVE('',#8797,#9769);
#9769 = DEFINITIONAL_REPRESENTATION('',(#9770),#9774);
#9770 = LINE('',#9771,#9772);
#9771 = CARTESIAN_POINT('',(40.,0.));
#9772 = VECTOR('',#9773,1.);
#9773 = DIRECTION('',(0.,1.));
#9774 = ( GEOMETRIC_REPRESENTATION_CONTEXT(2) 
PARAMETRIC_REPRESENTATION_CONTEXT() REPRESENTATION_CONTEXT('2D SPACE',''
  ) );
#9775 = ORIENTED_EDGE('',*,*,#9727,.F.);
#9776 = ORIENTED_EDGE('',*,*,#7583,.T.);
#9777 = ORIENTED_EDGE('',*,*,#9778,.T.);
#9778 = EDGE_CURVE('',#7584,#9754,#9779,.T.);
#9779 = SURFACE_CURVE('',#9780,(#9784,#9791),.PCURVE_S1.);
#9780 = LINE('',#9781,#9782);
#9781 = CARTESIAN_POINT('',(-40.,190.,40.));
#9782 = VECTOR('',#9783,1.);
#9783 = DIRECTION('',(-0.,1.,0.));
#9784 = PCURVE('',#7599,#9785);
#9785 = DEFINITIONAL_REPRESENTATION('',(#9786),#9790);
#9786 = LINE('',#9787,#9788);
#9787 = CARTESIAN_POINT('',(660.,0.));
#9788 = VECTOR('',#9789,1.);
#9789 = DIRECTION('',(0.,1.));
#9790 = ( GEOMETRIC_REPRESENTATION_CONTEXT(2) 
PARAMETRIC_REPRESENTATION_CONTEXT() REPRESENTATION_CONTEXT('2D SPACE',''
  ) );
#9791 = PCURVE('',#7625,#9792);
#9792 = DEFINITIONAL_REPRESENTATION('',(#9793),#9797);
#9793 = LINE('',#9794,#9795);
#9794 = CARTESIAN_POINT('',(0.,0.));
#9795 = VECTOR('',#9796,1.);
#9796 = DIRECTION('',(0.,-1.));
#9797 = ( GEOMETRIC_REPRESENTATION_CONTEXT(2) 
PARAMETRIC_REPRESENTATION_CONTEXT() REPRESENTATION_CONTEXT('2D SPACE',''
  ) );
#9798 = ADVANCED_FACE('',(#9799),#7625,.F.);
#9799 = FACE_BOUND('',#9800,.F.);
#9800 = EDGE_LOOP('',(#9801,#9802,#9803,#9829));
#9801 = ORIENTED_EDGE('',*,*,#7611,.F.);
#9802 = ORIENTED_EDGE('',*,*,#9778,.T.);
#9803 = ORIENTED_EDGE('',*,*,#9804,.T.);
#9804 = EDGE_CURVE('',#9754,#9680,#9805,.T.);
#9805 = SURFACE_CURVE('',#9806,(#9810,#9817),.PCURVE_S1.);
#9806 = LINE('',#9807,#9808);
#9807 = CARTESIAN_POINT('',(-40.,230.,40.));
#9808 = VECTOR('',#9809,1.);
#9809 = DIRECTION('',(0.,0.,1.));
#9810 = PCURVE('',#7625,#9811);
#9811 = DEFINITIONAL_REPRESENTATION('',(#9812),#9816);
#9812 = LINE('',#9813,#9814);
#9813 = CARTESIAN_POINT('',(0.,-40.));
#9814 = VECTOR('',#9815,1.);
#9815 = DIRECTION('',(1.,0.));
#9816 = ( GEOMETRIC_REPRESENTATION_CONTEXT(2) 
PARAMETRIC_REPRESENTATION_CONTEXT() REPRESENTATION_CONTEXT('2D SPACE',''
  ) );
#9817 = PCURVE('',#9818,#9823);
#9818 = PLANE('',#9819);
#9819 = AXIS2_PLACEMENT_3D('',#9820,#9821,#9822);
#9820 = CARTESIAN_POINT('',(-40.,230.,40.));
#9821 = DIRECTION('',(-0.,1.,0.));
#9822 = DIRECTION('',(0.,0.,1.));
#9823 = DEFINITIONAL_REPRESENTATION('',(#9824),#9828);
#9824 = LINE('',#9825,#9826);
#9825 = CARTESIAN_POINT('',(0.,0.));
#9826 = VECTOR('',#9827,1.);
#9827 = DIRECTION('',(1.,0.));
#9828 = ( GEOMETRIC_REPRESENTATION_CONTEXT(2) 
PARAMETRIC_REPRESENTATION_CONTEXT() REPRESENTATION_CONTEXT('2D SPACE',''
  ) );
#9829 = ORIENTED_EDGE('',*,*,#9679,.F.);
#9830 = ADVANCED_FACE('',(#9831,#9857,#9966,#9972,#9978,#9984),#7657,.T.
  );
#9831 = FACE_BOUND('',#9832,.T.);
#9832 = EDGE_LOOP('',(#9833,#9834,#9835,#9836));
#9833 = ORIENTED_EDGE('',*,*,#7639,.F.);
#9834 = ORIENTED_EDGE('',*,*,#8754,.F.);
#9835 = ORIENTED_EDGE('',*,*,#8620,.F.);
#9836 = ORIENTED_EDGE('',*,*,#9837,.F.);
#9837 = EDGE_CURVE('',#7642,#8598,#9838,.T.);
#9838 = SURFACE_CURVE('',#9839,(#9843,#9850),.PCURVE_S1.);
#9839 = LINE('',#9840,#9841);
#9840 = CARTESIAN_POINT('',(0.,190.,560.));
#9841 = VECTOR('',#9842,1.);
#9842 = DIRECTION('',(0.,1.,0.));
#9843 = PCURVE('',#7657,#9844);
#9844 = DEFINITIONAL_REPRESENTATION('',(#9845),#9849);
#9845 = LINE('',#9846,#9847);
#9846 = CARTESIAN_POINT('',(560.,0.));
#9847 = VECTOR('',#9848,1.);
#9848 = DIRECTION('',(0.,-1.));
#9849 = ( GEOMETRIC_REPRESENTATION_CONTEXT(2) 
PARAMETRIC_REPRESENTATION_CONTEXT() REPRESENTATION_CONTEXT('2D SPACE',''
  ) );
#9850 = PCURVE('',#7812,#9851);
#9851 = DEFINITIONAL_REPRESENTATION('',(#9852),#9856);
#9852 = LINE('',#9853,#9854);
#9853 = CARTESIAN_POINT('',(700.,0.));
#9854 = VECTOR('',#9855,1.);
#9855 = DIRECTION('',(0.,1.));
#9856 = ( GEOMETRIC_REPRESENTATION_CONTEXT(2) 
PARAMETRIC_REPRESENTATION_CONTEXT() REPRESENTATION_CONTEXT('2D SPACE',''
  ) );
#9857 = FACE_BOUND('',#9858,.T.);
#9858 = EDGE_LOOP('',(#9859,#9889,#9912,#9940));
#9859 = ORIENTED_EDGE('',*,*,#9860,.F.);
#9860 = EDGE_CURVE('',#9861,#9863,#9865,.T.);
#9861 = VERTEX_POINT('',#9862);
#9862 = CARTESIAN_POINT('',(0.,230.,40.));
#9863 = VERTEX_POINT('',#9864);
#9864 = CARTESIAN_POINT('',(0.,650.,40.));
#9865 = SURFACE_CURVE('',#9866,(#9870,#9877),.PCURVE_S1.);
#9866 = LINE('',#9867,#9868);
#9867 = CARTESIAN_POINT('',(0.,190.,40.));
#9868 = VECTOR('',#9869,1.);
#9869 = DIRECTION('',(0.,1.,0.));
#9870 = PCURVE('',#7657,#9871);
#9871 = DEFINITIONAL_REPRESENTATION('',(#9872),#9876);
#9872 = LINE('',#9873,#9874);
#9873 = CARTESIAN_POINT('',(40.,0.));
#9874 = VECTOR('',#9875,1.);
#9875 = DIRECTION('',(0.,-1.));
#9876 = ( GEOMETRIC_REPRESENTATION_CONTEXT(2) 
PARAMETRIC_REPRESENTATION_CONTEXT() REPRESENTATION_CONTEXT('2D SPACE',''
  ) );
#9877 = PCURVE('',#9878,#9883);
#9878 = PLANE('',#9879);
#9879 = AXIS2_PLACEMENT_3D('',#9880,#9881,#9882);
#9880 = CARTESIAN_POINT('',(-700.,190.,40.));
#9881 = DIRECTION('',(0.,0.,1.));
#9882 = DIRECTION('',(1.,0.,-0.));
#9883 = DEFINITIONAL_REPRESENTATION('',(#9884),#9888);
#9884 = LINE('',#9885,#9886);
#9885 = CARTESIAN_POINT('',(700.,0.));
#9886 = VECTOR('',#9887,1.);
#9887 = DIRECTION('',(0.,1.));
#9888 = ( GEOMETRIC_REPRESENTATION_CONTEXT(2) 
PARAMETRIC_REPRESENTATION_CONTEXT() REPRESENTATION_CONTEXT('2D SPACE',''
  ) );
#9889 = ORIENTED_EDGE('',*,*,#9890,.T.);
#9890 = EDGE_CURVE('',#9861,#9891,#9893,.T.);
#9891 = VERTEX_POINT('',#9892);
#9892 = CARTESIAN_POINT('',(0.,230.,520.));
#9893 = SURFACE_CURVE('',#9894,(#9898,#9905),.PCURVE_S1.);
#9894 = LINE('',#9895,#9896);
#9895 = CARTESIAN_POINT('',(0.,230.,40.));
#9896 = VECTOR('',#9897,1.);
#9897 = DIRECTION('',(0.,0.,1.));
#9898 = PCURVE('',#7657,#9899);
#9899 = DEFINITIONAL_REPRESENTATION('',(#9900),#9904);
#9900 = LINE('',#9901,#9902);
#9901 = CARTESIAN_POINT('',(40.,-40.));
#9902 = VECTOR('',#9903,1.);
#9903 = DIRECTION('',(1.,0.));
#9904 = ( GEOMETRIC_REPRESENTATION_CONTEXT(2) 
PARAMETRIC_REPRESENTATION_CONTEXT() REPRESENTATION_CONTEXT('2D SPACE',''
  ) );
#9905 = PCURVE('',#9818,#9906);
#9906 = DEFINITIONAL_REPRESENTATION('',(#9907),#9911);
#9907 = LINE('',#9908,#9909);
#9908 = CARTESIAN_POINT('',(0.,40.));
#9909 = VECTOR('',#9910,1.);
#9910 = DIRECTION('',(1.,0.));
#9911 = ( GEOMETRIC_REPRESENTATION_CONTEXT(2) 
PARAMETRIC_REPRESENTATION_CONTEXT() REPRESENTATION_CONTEXT('2D SPACE',''
  ) );
#9912 = ORIENTED_EDGE('',*,*,#9913,.F.);
#9913 = EDGE_CURVE('',#9914,#9891,#9916,.T.);
#9914 = VERTEX_POINT('',#9915);
#9915 = CARTESIAN_POINT('',(0.,650.,520.));
#9916 = SURFACE_CURVE('',#9917,(#9921,#9928),.PCURVE_S1.);
#9917 = LINE('',#9918,#9919);
#9918 = CARTESIAN_POINT('',(0.,690.,520.));
#9919 = VECTOR('',#9920,1.);
#9920 = DIRECTION('',(0.,-1.,0.));
#9921 = PCURVE('',#7657,#9922);
#9922 = DEFINITIONAL_REPRESENTATION('',(#9923),#9927);
#9923 = LINE('',#9924,#9925);
#9924 = CARTESIAN_POINT('',(520.,-500.));
#9925 = VECTOR('',#9926,1.);
#9926 = DIRECTION('',(0.,1.));
#9927 = ( GEOMETRIC_REPRESENTATION_CONTEXT(2) 
PARAMETRIC_REPRESENTATION_CONTEXT() REPRESENTATION_CONTEXT('2D SPACE',''
  ) );
#9928 = PCURVE('',#9929,#9934);
#9929 = PLANE('',#9930);
#9930 = AXIS2_PLACEMENT_3D('',#9931,#9932,#9933);
#9931 = CARTESIAN_POINT('',(-700.,190.,520.));
#9932 = DIRECTION('',(0.,0.,1.));
#9933 = DIRECTION('',(1.,0.,-0.));
#9934 = DEFINITIONAL_REPRESENTATION('',(#9935),#9939);
#9935 = LINE('',#9936,#9937);
#9936 = CARTESIAN_POINT('',(700.,500.));
#9937 = VECTOR('',#9938,1.);
#9938 = DIRECTION('',(0.,-1.));
#9939 = ( GEOMETRIC_REPRESENTATION_CONTEXT(2) 
PARAMETRIC_REPRESENTATION_CONTEXT() REPRESENTATION_CONTEXT('2D SPACE',''
  ) );
#9940 = ORIENTED_EDGE('',*,*,#9941,.F.);
#9941 = EDGE_CURVE('',#9863,#9914,#9942,.T.);
#9942 = SURFACE_CURVE('',#9943,(#9947,#9954),.PCURVE_S1.);
#9943 = LINE('',#9944,#9945);
#9944 = CARTESIAN_POINT('',(0.,650.,40.));
#9945 = VECTOR('',#9946,1.);
#9946 = DIRECTION('',(0.,0.,1.));
#9947 = PCURVE('',#7657,#9948);
#9948 = DEFINITIONAL_REPRESENTATION('',(#9949),#9953);
#9949 = LINE('',#9950,#9951);
#9950 = CARTESIAN_POINT('',(40.,-460.));
#9951 = VECTOR('',#9952,1.);
#9952 = DIRECTION('',(1.,0.));
#9953 = ( GEOMETRIC_REPRESENTATION_CONTEXT(2) 
PARAMETRIC_REPRESENTATION_CONTEXT() REPRESENTATION_CONTEXT('2D SPACE',''
  ) );
#9954 = PCURVE('',#9955,#9960);
#9955 = PLANE('',#9956);
#9956 = AXIS2_PLACEMENT_3D('',#9957,#9958,#9959);
#9957 = CARTESIAN_POINT('',(-40.,650.,40.));
#9958 = DIRECTION('',(-0.,1.,0.));
#9959 = DIRECTION('',(0.,0.,1.));
#9960 = DEFINITIONAL_REPRESENTATION('',(#9961),#9965);
#9961 = LINE('',#9962,#9963);
#9962 = CARTESIAN_POINT('',(0.,40.));
#9963 = VECTOR('',#9964,1.);
#9964 = DIRECTION('',(1.,0.));
#9965 = ( GEOMETRIC_REPRESENTATION_CONTEXT(2) 
PARAMETRIC_REPRESENTATION_CONTEXT() REPRESENTATION_CONTEXT('2D SPACE',''
  ) );
#9966 = FACE_BOUND('',#9967,.T.);
#9967 = EDGE_LOOP('',(#9968,#9969,#9970,#9971));
#9968 = ORIENTED_EDGE('',*,*,#9320,.T.);
#9969 = ORIENTED_EDGE('',*,*,#9416,.T.);
#9970 = ORIENTED_EDGE('',*,*,#9442,.F.);
#9971 = ORIENTED_EDGE('',*,*,#9368,.F.);
#9972 = FACE_BOUND('',#9973,.T.);
#9973 = EDGE_LOOP('',(#9974,#9975,#9976,#9977));
#9974 = ORIENTED_EDGE('',*,*,#9032,.T.);
#9975 = ORIENTED_EDGE('',*,*,#9058,.F.);
#9976 = ORIENTED_EDGE('',*,*,#8984,.F.);
#9977 = ORIENTED_EDGE('',*,*,#8936,.T.);
#9978 = FACE_BOUND('',#9979,.T.);
#9979 = EDGE_LOOP('',(#9980,#9981,#9982,#9983));
#9980 = ORIENTED_EDGE('',*,*,#9176,.T.);
#9981 = ORIENTED_EDGE('',*,*,#9128,.T.);
#9982 = ORIENTED_EDGE('',*,*,#9224,.F.);
#9983 = ORIENTED_EDGE('',*,*,#9250,.F.);
#9984 = FACE_BOUND('',#9985,.T.);
#9985 = EDGE_LOOP('',(#9986,#9987,#9988,#9989));
#9986 = ORIENTED_EDGE('',*,*,#9512,.T.);
#9987 = ORIENTED_EDGE('',*,*,#9608,.T.);
#9988 = ORIENTED_EDGE('',*,*,#9634,.F.);
#9989 = ORIENTED_EDGE('',*,*,#9560,.F.);
#9990 = ADVANCED_FACE('',(#9991),#7730,.F.);
#9991 = FACE_BOUND('',#9992,.F.);
#9992 = EDGE_LOOP('',(#9993,#9994,#9995,#10021,#10022,#10023));
#9993 = ORIENTED_EDGE('',*,*,#7714,.F.);
#9994 = ORIENTED_EDGE('',*,*,#7829,.T.);
#9995 = ORIENTED_EDGE('',*,*,#9996,.T.);
#9996 = EDGE_CURVE('',#7830,#7909,#9997,.T.);
#9997 = SURFACE_CURVE('',#9998,(#10002,#10009),.PCURVE_S1.);
#9998 = LINE('',#9999,#10000);
#9999 = CARTESIAN_POINT('',(-450.,190.,560.));
#10000 = VECTOR('',#10001,1.);
#10001 = DIRECTION('',(-0.,1.,0.));
#10002 = PCURVE('',#7730,#10003);
#10003 = DEFINITIONAL_REPRESENTATION('',(#10004),#10008);
#10004 = LINE('',#10005,#10006);
#10005 = CARTESIAN_POINT('',(0.,0.));
#10006 = VECTOR('',#10007,1.);
#10007 = DIRECTION('',(0.,-1.));
#10008 = ( GEOMETRIC_REPRESENTATION_CONTEXT(2) 
PARAMETRIC_REPRESENTATION_CONTEXT() REPRESENTATION_CONTEXT('2D SPACE',''
  ) );
#10009 = PCURVE('',#10010,#10015);
#10010 = PLANE('',#10011);
#10011 = AXIS2_PLACEMENT_3D('',#10012,#10013,#10014);
#10012 = CARTESIAN_POINT('',(-450.,190.,560.));
#10013 = DIRECTION('',(0.,0.,1.));
#10014 = DIRECTION('',(1.,0.,-0.));
#10015 = DEFINITIONAL_REPRESENTATION('',(#10016),#10020);
#10016 = LINE('',#10017,#10018);
#10017 = CARTESIAN_POINT('',(0.,0.));
#10018 = VECTOR('',#10019,1.);
#10019 = DIRECTION('',(0.,1.));
#10020 = ( GEOMETRIC_REPRESENTATION_CONTEXT(2) 
PARAMETRIC_REPRESENTATION_CONTEXT() REPRESENTATION_CONTEXT('2D SPACE',''
  ) );
#10021 = ORIENTED_EDGE('',*,*,#7936,.T.);
#10022 = ORIENTED_EDGE('',*,*,#8528,.T.);
#10023 = ORIENTED_EDGE('',*,*,#10024,.F.);
#10024 = EDGE_CURVE('',#7715,#8529,#10025,.T.);
#10025 = SURFACE_CURVE('',#10026,(#10030,#10037),.PCURVE_S1.);
#10026 = LINE('',#10027,#10028);
#10027 = CARTESIAN_POINT('',(-450.,190.,570.));
#10028 = VECTOR('',#10029,1.);
#10029 = DIRECTION('',(-0.,1.,0.));
#10030 = PCURVE('',#7730,#10031);
#10031 = DEFINITIONAL_REPRESENTATION('',(#10032),#10036);
#10032 = LINE('',#10033,#10034);
#10033 = CARTESIAN_POINT('',(10.,0.));
#10034 = VECTOR('',#10035,1.);
#10035 = DIRECTION('',(0.,-1.));
#10036 = ( GEOMETRIC_REPRESENTATION_CONTEXT(2) 
PARAMETRIC_REPRESENTATION_CONTEXT() REPRESENTATION_CONTEXT('2D SPACE',''
  ) );
#10037 = PCURVE('',#7758,#10038);
#10038 = DEFINITIONAL_REPRESENTATION('',(#10039),#10043);
#10039 = LINE('',#10040,#10041);
#10040 = CARTESIAN_POINT('',(0.,0.));
#10041 = VECTOR('',#10042,1.);
#10042 = DIRECTION('',(0.,1.));
#10043 = ( GEOMETRIC_REPRESENTATION_CONTEXT(2) 
PARAMETRIC_REPRESENTATION_CONTEXT() REPRESENTATION_CONTEXT('2D SPACE',''
  ) );
#10044 = ADVANCED_FACE('',(#10045),#7758,.T.);
#10045 = FACE_BOUND('',#10046,.T.);
#10046 = EDGE_LOOP('',(#10047,#10048,#10049,#10070));
#10047 = ORIENTED_EDGE('',*,*,#10024,.F.);
#10048 = ORIENTED_EDGE('',*,*,#7742,.T.);
#10049 = ORIENTED_EDGE('',*,*,#10050,.T.);
#10050 = EDGE_CURVE('',#7743,#8552,#10051,.T.);
#10051 = SURFACE_CURVE('',#10052,(#10056,#10063),.PCURVE_S1.);
#10052 = LINE('',#10053,#10054);
#10053 = CARTESIAN_POINT('',(-150.,190.,570.));
#10054 = VECTOR('',#10055,1.);
#10055 = DIRECTION('',(-0.,1.,0.));
#10056 = PCURVE('',#7758,#10057);
#10057 = DEFINITIONAL_REPRESENTATION('',(#10058),#10062);
#10058 = LINE('',#10059,#10060);
#10059 = CARTESIAN_POINT('',(300.,0.));
#10060 = VECTOR('',#10061,1.);
#10061 = DIRECTION('',(0.,1.));
#10062 = ( GEOMETRIC_REPRESENTATION_CONTEXT(2) 
PARAMETRIC_REPRESENTATION_CONTEXT() REPRESENTATION_CONTEXT('2D SPACE',''
  ) );
#10063 = PCURVE('',#7786,#10064);
#10064 = DEFINITIONAL_REPRESENTATION('',(#10065),#10069);
#10065 = LINE('',#10066,#10067);
#10066 = CARTESIAN_POINT('',(10.,0.));
#10067 = VECTOR('',#10068,1.);
#10068 = DIRECTION('',(0.,-1.));
#10069 = ( GEOMETRIC_REPRESENTATION_CONTEXT(2) 
PARAMETRIC_REPRESENTATION_CONTEXT() REPRESENTATION_CONTEXT('2D SPACE',''
  ) );
#10070 = ORIENTED_EDGE('',*,*,#8551,.F.);
#10071 = ADVANCED_FACE('',(#10072),#7786,.T.);
#10072 = FACE_BOUND('',#10073,.T.);
#10073 = EDGE_LOOP('',(#10074,#10075,#10098,#10121,#10142,#10143));
#10074 = ORIENTED_EDGE('',*,*,#7770,.F.);
#10075 = ORIENTED_EDGE('',*,*,#10076,.T.);
#10076 = EDGE_CURVE('',#7771,#10077,#10079,.T.);
#10077 = VERTEX_POINT('',#10078);
#10078 = CARTESIAN_POINT('',(-150.,230.,560.));
#10079 = SURFACE_CURVE('',#10080,(#10084,#10091),.PCURVE_S1.);
#10080 = LINE('',#10081,#10082);
#10081 = CARTESIAN_POINT('',(-150.,190.,560.));
#10082 = VECTOR('',#10083,1.);
#10083 = DIRECTION('',(-0.,1.,0.));
#10084 = PCURVE('',#7786,#10085);
#10085 = DEFINITIONAL_REPRESENTATION('',(#10086),#10090);
#10086 = LINE('',#10087,#10088);
#10087 = CARTESIAN_POINT('',(0.,0.));
#10088 = VECTOR('',#10089,1.);
#10089 = DIRECTION('',(0.,-1.));
#10090 = ( GEOMETRIC_REPRESENTATION_CONTEXT(2) 
PARAMETRIC_REPRESENTATION_CONTEXT() REPRESENTATION_CONTEXT('2D SPACE',''
  ) );
#10091 = PCURVE('',#7812,#10092);
#10092 = DEFINITIONAL_REPRESENTATION('',(#10093),#10097);
#10093 = LINE('',#10094,#10095);
#10094 = CARTESIAN_POINT('',(550.,0.));
#10095 = VECTOR('',#10096,1.);
#10096 = DIRECTION('',(0.,1.));
#10097 = ( GEOMETRIC_REPRESENTATION_CONTEXT(2) 
PARAMETRIC_REPRESENTATION_CONTEXT() REPRESENTATION_CONTEXT('2D SPACE',''
  ) );
#10098 = ORIENTED_EDGE('',*,*,#10099,.T.);
#10099 = EDGE_CURVE('',#10077,#10100,#10102,.T.);
#10100 = VERTEX_POINT('',#10101);
#10101 = CARTESIAN_POINT('',(-150.,650.,560.));
#10102 = SURFACE_CURVE('',#10103,(#10107,#10114),.PCURVE_S1.);
#10103 = LINE('',#10104,#10105);
#10104 = CARTESIAN_POINT('',(-150.,190.,560.));
#10105 = VECTOR('',#10106,1.);
#10106 = DIRECTION('',(-0.,1.,0.));
#10107 = PCURVE('',#7786,#10108);
#10108 = DEFINITIONAL_REPRESENTATION('',(#10109),#10113);
#10109 = LINE('',#10110,#10111);
#10110 = CARTESIAN_POINT('',(0.,0.));
#10111 = VECTOR('',#10112,1.);
#10112 = DIRECTION('',(0.,-1.));
#10113 = ( GEOMETRIC_REPRESENTATION_CONTEXT(2) 
PARAMETRIC_REPRESENTATION_CONTEXT() REPRESENTATION_CONTEXT('2D SPACE',''
  ) );
#10114 = PCURVE('',#10010,#10115);
#10115 = DEFINITIONAL_REPRESENTATION('',(#10116),#10120);
#10116 = LINE('',#10117,#10118);
#10117 = CARTESIAN_POINT('',(300.,0.));
#10118 = VECTOR('',#10119,1.);
#10119 = DIRECTION('',(0.,1.));
#10120 = ( GEOMETRIC_REPRESENTATION_CONTEXT(2) 
PARAMETRIC_REPRESENTATION_CONTEXT() REPRESENTATION_CONTEXT('2D SPACE',''
  ) );
#10121 = ORIENTED_EDGE('',*,*,#10122,.T.);
#10122 = EDGE_CURVE('',#10100,#8575,#10123,.T.);
#10123 = SURFACE_CURVE('',#10124,(#10128,#10135),.PCURVE_S1.);
#10124 = LINE('',#10125,#10126);
#10125 = CARTESIAN_POINT('',(-150.,190.,560.));
#10126 = VECTOR('',#10127,1.);
#10127 = DIRECTION('',(-0.,1.,0.));
#10128 = PCURVE('',#7786,#10129);
#10129 = DEFINITIONAL_REPRESENTATION('',(#10130),#10134);
#10130 = LINE('',#10131,#10132);
#10131 = CARTESIAN_POINT('',(0.,0.));
#10132 = VECTOR('',#10133,1.);
#10133 = DIRECTION('',(0.,-1.));
#10134 = ( GEOMETRIC_REPRESENTATION_CONTEXT(2) 
PARAMETRIC_REPRESENTATION_CONTEXT() REPRESENTATION_CONTEXT('2D SPACE',''
  ) );
#10135 = PCURVE('',#7812,#10136);
#10136 = DEFINITIONAL_REPRESENTATION('',(#10137),#10141);
#10137 = LINE('',#10138,#10139);
#10138 = CARTESIAN_POINT('',(550.,0.));
#10139 = VECTOR('',#10140,1.);
#10140 = DIRECTION('',(0.,1.));
#10141 = ( GEOMETRIC_REPRESENTATION_CONTEXT(2) 
PARAMETRIC_REPRESENTATION_CONTEXT() REPRESENTATION_CONTEXT('2D SPACE',''
  ) );
#10142 = ORIENTED_EDGE('',*,*,#8574,.T.);
#10143 = ORIENTED_EDGE('',*,*,#10050,.F.);
#10144 = ADVANCED_FACE('',(#10145),#7812,.T.);
#10145 = FACE_BOUND('',#10146,.T.);
#10146 = EDGE_LOOP('',(#10147,#10148,#10149,#10150,#10151,#10152,#10175,
    #10203));
#10147 = ORIENTED_EDGE('',*,*,#10076,.F.);
#10148 = ORIENTED_EDGE('',*,*,#7798,.T.);
#10149 = ORIENTED_EDGE('',*,*,#9837,.T.);
#10150 = ORIENTED_EDGE('',*,*,#8597,.F.);
#10151 = ORIENTED_EDGE('',*,*,#10122,.F.);
#10152 = ORIENTED_EDGE('',*,*,#10153,.T.);
#10153 = EDGE_CURVE('',#10100,#10154,#10156,.T.);
#10154 = VERTEX_POINT('',#10155);
#10155 = CARTESIAN_POINT('',(-40.,650.,560.));
#10156 = SURFACE_CURVE('',#10157,(#10161,#10168),.PCURVE_S1.);
#10157 = LINE('',#10158,#10159);
#10158 = CARTESIAN_POINT('',(-700.,650.,560.));
#10159 = VECTOR('',#10160,1.);
#10160 = DIRECTION('',(1.,0.,-0.));
#10161 = PCURVE('',#7812,#10162);
#10162 = DEFINITIONAL_REPRESENTATION('',(#10163),#10167);
#10163 = LINE('',#10164,#10165);
#10164 = CARTESIAN_POINT('',(0.,460.));
#10165 = VECTOR('',#10166,1.);
#10166 = DIRECTION('',(1.,0.));
#10167 = ( GEOMETRIC_REPRESENTATION_CONTEXT(2) 
PARAMETRIC_REPRESENTATION_CONTEXT() REPRESENTATION_CONTEXT('2D SPACE',''
  ) );
#10168 = PCURVE('',#7924,#10169);
#10169 = DEFINITIONAL_REPRESENTATION('',(#10170),#10174);
#10170 = LINE('',#10171,#10172);
#10171 = CARTESIAN_POINT('',(40.,0.));
#10172 = VECTOR('',#10173,1.);
#10173 = DIRECTION('',(0.,1.));
#10174 = ( GEOMETRIC_REPRESENTATION_CONTEXT(2) 
PARAMETRIC_REPRESENTATION_CONTEXT() REPRESENTATION_CONTEXT('2D SPACE',''
  ) );
#10175 = ORIENTED_EDGE('',*,*,#10176,.F.);
#10176 = EDGE_CURVE('',#10177,#10154,#10179,.T.);
#10177 = VERTEX_POINT('',#10178);
#10178 = CARTESIAN_POINT('',(-40.,230.,560.));
#10179 = SURFACE_CURVE('',#10180,(#10184,#10191),.PCURVE_S1.);
#10180 = LINE('',#10181,#10182);
#10181 = CARTESIAN_POINT('',(-40.,230.,560.));
#10182 = VECTOR('',#10183,1.);
#10183 = DIRECTION('',(-0.,1.,0.));
#10184 = PCURVE('',#7812,#10185);
#10185 = DEFINITIONAL_REPRESENTATION('',(#10186),#10190);
#10186 = LINE('',#10187,#10188);
#10187 = CARTESIAN_POINT('',(660.,40.));
#10188 = VECTOR('',#10189,1.);
#10189 = DIRECTION('',(0.,1.));
#10190 = ( GEOMETRIC_REPRESENTATION_CONTEXT(2) 
PARAMETRIC_REPRESENTATION_CONTEXT() REPRESENTATION_CONTEXT('2D SPACE',''
  ) );
#10191 = PCURVE('',#10192,#10197);
#10192 = PLANE('',#10193);
#10193 = AXIS2_PLACEMENT_3D('',#10194,#10195,#10196);
#10194 = CARTESIAN_POINT('',(-40.,230.,520.));
#10195 = DIRECTION('',(1.,0.,-0.));
#10196 = DIRECTION('',(0.,0.,1.));
#10197 = DEFINITIONAL_REPRESENTATION('',(#10198),#10202);
#10198 = LINE('',#10199,#10200);
#10199 = CARTESIAN_POINT('',(40.,0.));
#10200 = VECTOR('',#10201,1.);
#10201 = DIRECTION('',(0.,-1.));
#10202 = ( GEOMETRIC_REPRESENTATION_CONTEXT(2) 
PARAMETRIC_REPRESENTATION_CONTEXT() REPRESENTATION_CONTEXT('2D SPACE',''
  ) );
#10203 = ORIENTED_EDGE('',*,*,#10204,.F.);
#10204 = EDGE_CURVE('',#10077,#10177,#10205,.T.);
#10205 = SURFACE_CURVE('',#10206,(#10210,#10217),.PCURVE_S1.);
#10206 = LINE('',#10207,#10208);
#10207 = CARTESIAN_POINT('',(-700.,230.,560.));
#10208 = VECTOR('',#10209,1.);
#10209 = DIRECTION('',(1.,0.,-0.));
#10210 = PCURVE('',#7812,#10211);
#10211 = DEFINITIONAL_REPRESENTATION('',(#10212),#10216);
#10212 = LINE('',#10213,#10214);
#10213 = CARTESIAN_POINT('',(0.,40.));
#10214 = VECTOR('',#10215,1.);
#10215 = DIRECTION('',(1.,0.));
#10216 = ( GEOMETRIC_REPRESENTATION_CONTEXT(2) 
PARAMETRIC_REPRESENTATION_CONTEXT() REPRESENTATION_CONTEXT('2D SPACE',''
  ) );
#10217 = PCURVE('',#7868,#10218);
#10218 = DEFINITIONAL_REPRESENTATION('',(#10219),#10223);
#10219 = LINE('',#10220,#10221);
#10220 = CARTESIAN_POINT('',(40.,0.));
#10221 = VECTOR('',#10222,1.);
#10222 = DIRECTION('',(0.,1.));
#10223 = ( GEOMETRIC_REPRESENTATION_CONTEXT(2) 
PARAMETRIC_REPRESENTATION_CONTEXT() REPRESENTATION_CONTEXT('2D SPACE',''
  ) );
#10224 = ADVANCED_FACE('',(#10225),#7995,.T.);
#10225 = FACE_BOUND('',#10226,.T.);
#10226 = EDGE_LOOP('',(#10227,#10228,#10229,#10230));
#10227 = ORIENTED_EDGE('',*,*,#8089,.F.);
#10228 = ORIENTED_EDGE('',*,*,#7981,.T.);
#10229 = ORIENTED_EDGE('',*,*,#8448,.T.);
#10230 = ORIENTED_EDGE('',*,*,#10231,.F.);
#10231 = EDGE_CURVE('',#8062,#8426,#10232,.T.);
#10232 = SURFACE_CURVE('',#10233,(#10237,#10244),.PCURVE_S1.);
#10233 = LINE('',#10234,#10235);
#10234 = CARTESIAN_POINT('',(-700.,435.,670.));
#10235 = VECTOR('',#10236,1.);
#10236 = DIRECTION('',(-0.,1.,0.));
#10237 = PCURVE('',#7995,#10238);
#10238 = DEFINITIONAL_REPRESENTATION('',(#10239),#10243);
#10239 = LINE('',#10240,#10241);
#10240 = CARTESIAN_POINT('',(150.,0.));
#10241 = VECTOR('',#10242,1.);
#10242 = DIRECTION('',(0.,-1.));
#10243 = ( GEOMETRIC_REPRESENTATION_CONTEXT(2) 
PARAMETRIC_REPRESENTATION_CONTEXT() REPRESENTATION_CONTEXT('2D SPACE',''
  ) );
#10244 = PCURVE('',#8077,#10245);
#10245 = DEFINITIONAL_REPRESENTATION('',(#10246),#10250);
#10246 = LINE('',#10247,#10248);
#10247 = CARTESIAN_POINT('',(60.,0.));
#10248 = VECTOR('',#10249,1.);
#10249 = DIRECTION('',(0.,1.));
#10250 = ( GEOMETRIC_REPRESENTATION_CONTEXT(2) 
PARAMETRIC_REPRESENTATION_CONTEXT() REPRESENTATION_CONTEXT('2D SPACE',''
  ) );
#10251 = ADVANCED_FACE('',(#10252),#7924,.F.);
#10252 = FACE_BOUND('',#10253,.F.);
#10253 = EDGE_LOOP('',(#10254,#10277,#10298,#10299,#10320,#10321));
#10254 = ORIENTED_EDGE('',*,*,#10255,.F.);
#10255 = EDGE_CURVE('',#8173,#10256,#10258,.T.);
#10256 = VERTEX_POINT('',#10257);
#10257 = CARTESIAN_POINT('',(-40.,650.,520.));
#10258 = SURFACE_CURVE('',#10259,(#10263,#10270),.PCURVE_S1.);
#10259 = LINE('',#10260,#10261);
#10260 = CARTESIAN_POINT('',(-700.,650.,520.));
#10261 = VECTOR('',#10262,1.);
#10262 = DIRECTION('',(1.,0.,-0.));
#10263 = PCURVE('',#7924,#10264);
#10264 = DEFINITIONAL_REPRESENTATION('',(#10265),#10269);
#10265 = LINE('',#10266,#10267);
#10266 = CARTESIAN_POINT('',(0.,0.));
#10267 = VECTOR('',#10268,1.);
#10268 = DIRECTION('',(0.,1.));
#10269 = ( GEOMETRIC_REPRESENTATION_CONTEXT(2) 
PARAMETRIC_REPRESENTATION_CONTEXT() REPRESENTATION_CONTEXT('2D SPACE',''
  ) );
#10270 = PCURVE('',#8661,#10271);
#10271 = DEFINITIONAL_REPRESENTATION('',(#10272),#10276);
#10272 = LINE('',#10273,#10274);
#10273 = CARTESIAN_POINT('',(0.,460.));
#10274 = VECTOR('',#10275,1.);
#10275 = DIRECTION('',(1.,0.));
#10276 = ( GEOMETRIC_REPRESENTATION_CONTEXT(2) 
PARAMETRIC_REPRESENTATION_CONTEXT() REPRESENTATION_CONTEXT('2D SPACE',''
  ) );
#10277 = ORIENTED_EDGE('',*,*,#10278,.T.);
#10278 = EDGE_CURVE('',#8173,#7881,#10279,.T.);
#10279 = SURFACE_CURVE('',#10280,(#10284,#10291),.PCURVE_S1.);
#10280 = LINE('',#10281,#10282);
#10281 = CARTESIAN_POINT('',(-660.,650.,520.));
#10282 = VECTOR('',#10283,1.);
#10283 = DIRECTION('',(0.,0.,1.));
#10284 = PCURVE('',#7924,#10285);
#10285 = DEFINITIONAL_REPRESENTATION('',(#10286),#10290);
#10286 = LINE('',#10287,#10288);
#10287 = CARTESIAN_POINT('',(0.,40.));
#10288 = VECTOR('',#10289,1.);
#10289 = DIRECTION('',(1.,0.));
#10290 = ( GEOMETRIC_REPRESENTATION_CONTEXT(2) 
PARAMETRIC_REPRESENTATION_CONTEXT() REPRESENTATION_CONTEXT('2D SPACE',''
  ) );
#10291 = PCURVE('',#7896,#10292);
#10292 = DEFINITIONAL_REPRESENTATION('',(#10293),#10297);
#10293 = LINE('',#10294,#10295);
#10294 = CARTESIAN_POINT('',(0.,-420.));
#10295 = VECTOR('',#10296,1.);
#10296 = DIRECTION('',(1.,0.));
#10297 = ( GEOMETRIC_REPRESENTATION_CONTEXT(2) 
PARAMETRIC_REPRESENTATION_CONTEXT() REPRESENTATION_CONTEXT('2D SPACE',''
  ) );
#10298 = ORIENTED_EDGE('',*,*,#7908,.T.);
#10299 = ORIENTED_EDGE('',*,*,#10300,.T.);
#10300 = EDGE_CURVE('',#7909,#10100,#10301,.T.);
#10301 = SURFACE_CURVE('',#10302,(#10306,#10313),.PCURVE_S1.);
#10302 = LINE('',#10303,#10304);
#10303 = CARTESIAN_POINT('',(-700.,650.,560.));
#10304 = VECTOR('',#10305,1.);
#10305 = DIRECTION('',(1.,0.,-0.));
#10306 = PCURVE('',#7924,#10307);
#10307 = DEFINITIONAL_REPRESENTATION('',(#10308),#10312);
#10308 = LINE('',#10309,#10310);
#10309 = CARTESIAN_POINT('',(40.,0.));
#10310 = VECTOR('',#10311,1.);
#10311 = DIRECTION('',(0.,1.));
#10312 = ( GEOMETRIC_REPRESENTATION_CONTEXT(2) 
PARAMETRIC_REPRESENTATION_CONTEXT() REPRESENTATION_CONTEXT('2D SPACE',''
  ) );
#10313 = PCURVE('',#10010,#10314);
#10314 = DEFINITIONAL_REPRESENTATION('',(#10315),#10319);
#10315 = LINE('',#10316,#10317);
#10316 = CARTESIAN_POINT('',(-250.,460.));
#10317 = VECTOR('',#10318,1.);
#10318 = DIRECTION('',(1.,0.));
#10319 = ( GEOMETRIC_REPRESENTATION_CONTEXT(2) 
PARAMETRIC_REPRESENTATION_CONTEXT() REPRESENTATION_CONTEXT('2D SPACE',''
  ) );
#10320 = ORIENTED_EDGE('',*,*,#10153,.T.);
#10321 = ORIENTED_EDGE('',*,*,#10322,.F.);
#10322 = EDGE_CURVE('',#10256,#10154,#10323,.T.);
#10323 = SURFACE_CURVE('',#10324,(#10328,#10335),.PCURVE_S1.);
#10324 = LINE('',#10325,#10326);
#10325 = CARTESIAN_POINT('',(-40.,650.,520.));
#10326 = VECTOR('',#10327,1.);
#10327 = DIRECTION('',(0.,0.,1.));
#10328 = PCURVE('',#7924,#10329);
#10329 = DEFINITIONAL_REPRESENTATION('',(#10330),#10334);
#10330 = LINE('',#10331,#10332);
#10331 = CARTESIAN_POINT('',(0.,660.));
#10332 = VECTOR('',#10333,1.);
#10333 = DIRECTION('',(1.,0.));
#10334 = ( GEOMETRIC_REPRESENTATION_CONTEXT(2) 
PARAMETRIC_REPRESENTATION_CONTEXT() REPRESENTATION_CONTEXT('2D SPACE',''
  ) );
#10335 = PCURVE('',#10192,#10336);
#10336 = DEFINITIONAL_REPRESENTATION('',(#10337),#10341);
#10337 = LINE('',#10338,#10339);
#10338 = CARTESIAN_POINT('',(0.,-420.));
#10339 = VECTOR('',#10340,1.);
#10340 = DIRECTION('',(1.,0.));
#10341 = ( GEOMETRIC_REPRESENTATION_CONTEXT(2) 
PARAMETRIC_REPRESENTATION_CONTEXT() REPRESENTATION_CONTEXT('2D SPACE',''
  ) );
#10342 = ADVANCED_FACE('',(#10343),#7896,.T.);
#10343 = FACE_BOUND('',#10344,.T.);
#10344 = EDGE_LOOP('',(#10345,#10366,#10367,#10368));
#10345 = ORIENTED_EDGE('',*,*,#10346,.F.);
#10346 = EDGE_CURVE('',#8150,#7853,#10347,.T.);
#10347 = SURFACE_CURVE('',#10348,(#10352,#10359),.PCURVE_S1.);
#10348 = LINE('',#10349,#10350);
#10349 = CARTESIAN_POINT('',(-660.,230.,520.));
#10350 = VECTOR('',#10351,1.);
#10351 = DIRECTION('',(0.,0.,1.));
#10352 = PCURVE('',#7896,#10353);
#10353 = DEFINITIONAL_REPRESENTATION('',(#10354),#10358);
#10354 = LINE('',#10355,#10356);
#10355 = CARTESIAN_POINT('',(0.,0.));
#10356 = VECTOR('',#10357,1.);
#10357 = DIRECTION('',(1.,0.));
#10358 = ( GEOMETRIC_REPRESENTATION_CONTEXT(2) 
PARAMETRIC_REPRESENTATION_CONTEXT() REPRESENTATION_CONTEXT('2D SPACE',''
  ) );
#10359 = PCURVE('',#7868,#10360);
#10360 = DEFINITIONAL_REPRESENTATION('',(#10361),#10365);
#10361 = LINE('',#10362,#10363);
#10362 = CARTESIAN_POINT('',(0.,40.));
#10363 = VECTOR('',#10364,1.);
#10364 = DIRECTION('',(1.,0.));
#10365 = ( GEOMETRIC_REPRESENTATION_CONTEXT(2) 
PARAMETRIC_REPRESENTATION_CONTEXT() REPRESENTATION_CONTEXT('2D SPACE',''
  ) );
#10366 = ORIENTED_EDGE('',*,*,#8172,.T.);
#10367 = ORIENTED_EDGE('',*,*,#10278,.T.);
#10368 = ORIENTED_EDGE('',*,*,#7880,.F.);
#10369 = ADVANCED_FACE('',(#10370),#7868,.T.);
#10370 = FACE_BOUND('',#10371,.T.);
#10371 = EDGE_LOOP('',(#10372,#10373,#10374,#10375,#10396,#10397));
#10372 = ORIENTED_EDGE('',*,*,#9702,.F.);
#10373 = ORIENTED_EDGE('',*,*,#10346,.T.);
#10374 = ORIENTED_EDGE('',*,*,#7852,.T.);
#10375 = ORIENTED_EDGE('',*,*,#10376,.T.);
#10376 = EDGE_CURVE('',#7830,#10077,#10377,.T.);
#10377 = SURFACE_CURVE('',#10378,(#10382,#10389),.PCURVE_S1.);
#10378 = LINE('',#10379,#10380);
#10379 = CARTESIAN_POINT('',(-700.,230.,560.));
#10380 = VECTOR('',#10381,1.);
#10381 = DIRECTION('',(1.,0.,-0.));
#10382 = PCURVE('',#7868,#10383);
#10383 = DEFINITIONAL_REPRESENTATION('',(#10384),#10388);
#10384 = LINE('',#10385,#10386);
#10385 = CARTESIAN_POINT('',(40.,0.));
#10386 = VECTOR('',#10387,1.);
#10387 = DIRECTION('',(0.,1.));
#10388 = ( GEOMETRIC_REPRESENTATION_CONTEXT(2) 
PARAMETRIC_REPRESENTATION_CONTEXT() REPRESENTATION_CONTEXT('2D SPACE',''
  ) );
#10389 = PCURVE('',#10010,#10390);
#10390 = DEFINITIONAL_REPRESENTATION('',(#10391),#10395);
#10391 = LINE('',#10392,#10393);
#10392 = CARTESIAN_POINT('',(-250.,40.));
#10393 = VECTOR('',#10394,1.);
#10394 = DIRECTION('',(1.,0.));
#10395 = ( GEOMETRIC_REPRESENTATION_CONTEXT(2) 
PARAMETRIC_REPRESENTATION_CONTEXT() REPRESENTATION_CONTEXT('2D SPACE',''
  ) );
#10396 = ORIENTED_EDGE('',*,*,#10204,.T.);
#10397 = ORIENTED_EDGE('',*,*,#10398,.F.);
#10398 = EDGE_CURVE('',#9680,#10177,#10399,.T.);
#10399 = SURFACE_CURVE('',#10400,(#10404,#10411),.PCURVE_S1.);
#10400 = LINE('',#10401,#10402);
#10401 = CARTESIAN_POINT('',(-40.,230.,520.));
#10402 = VECTOR('',#10403,1.);
#10403 = DIRECTION('',(0.,0.,1.));
#10404 = PCURVE('',#7868,#10405);
#10405 = DEFINITIONAL_REPRESENTATION('',(#10406),#10410);
#10406 = LINE('',#10407,#10408);
#10407 = CARTESIAN_POINT('',(0.,660.));
#10408 = VECTOR('',#10409,1.);
#10409 = DIRECTION('',(1.,0.));
#10410 = ( GEOMETRIC_REPRESENTATION_CONTEXT(2) 
PARAMETRIC_REPRESENTATION_CONTEXT() REPRESENTATION_CONTEXT('2D SPACE',''
  ) );
#10411 = PCURVE('',#10192,#10412);
#10412 = DEFINITIONAL_REPRESENTATION('',(#10413),#10417);
#10413 = LINE('',#10414,#10415);
#10414 = CARTESIAN_POINT('',(0.,0.));
#10415 = VECTOR('',#10416,1.);
#10416 = DIRECTION('',(1.,0.));
#10417 = ( GEOMETRIC_REPRESENTATION_CONTEXT(2) 
PARAMETRIC_REPRESENTATION_CONTEXT() REPRESENTATION_CONTEXT('2D SPACE',''
  ) );
#10418 = ADVANCED_FACE('',(#10419),#8049,.F.);
#10419 = FACE_BOUND('',#10420,.F.);
#10420 = EDGE_LOOP('',(#10421,#10422,#10423,#10424));
#10421 = ORIENTED_EDGE('',*,*,#8033,.F.);
#10422 = ORIENTED_EDGE('',*,*,#8240,.T.);
#10423 = ORIENTED_EDGE('',*,*,#8402,.T.);
#10424 = ORIENTED_EDGE('',*,*,#10425,.F.);
#10425 = EDGE_CURVE('',#8034,#8403,#10426,.T.);
#10426 = SURFACE_CURVE('',#10427,(#10431,#10438),.PCURVE_S1.);
#10427 = LINE('',#10428,#10429);
#10428 = CARTESIAN_POINT('',(-760.,435.,670.));
#10429 = VECTOR('',#10430,1.);
#10430 = DIRECTION('',(-0.,1.,0.));
#10431 = PCURVE('',#8049,#10432);
#10432 = DEFINITIONAL_REPRESENTATION('',(#10433),#10437);
#10433 = LINE('',#10434,#10435);
#10434 = CARTESIAN_POINT('',(150.,0.));
#10435 = VECTOR('',#10436,1.);
#10436 = DIRECTION('',(0.,-1.));
#10437 = ( GEOMETRIC_REPRESENTATION_CONTEXT(2) 
PARAMETRIC_REPRESENTATION_CONTEXT() REPRESENTATION_CONTEXT('2D SPACE',''
  ) );
#10438 = PCURVE('',#8077,#10439);
#10439 = DEFINITIONAL_REPRESENTATION('',(#10440),#10444);
#10440 = LINE('',#10441,#10442);
#10441 = CARTESIAN_POINT('',(0.,0.));
#10442 = VECTOR('',#10443,1.);
#10443 = DIRECTION('',(0.,1.));
#10444 = ( GEOMETRIC_REPRESENTATION_CONTEXT(2) 
PARAMETRIC_REPRESENTATION_CONTEXT() REPRESENTATION_CONTEXT('2D SPACE',''
  ) );
#10445 = ADVANCED_FACE('',(#10446),#8077,.T.);
#10446 = FACE_BOUND('',#10447,.T.);
#10447 = EDGE_LOOP('',(#10448,#10449,#10450,#10451));
#10448 = ORIENTED_EDGE('',*,*,#10425,.F.);
#10449 = ORIENTED_EDGE('',*,*,#8061,.T.);
#10450 = ORIENTED_EDGE('',*,*,#10231,.T.);
#10451 = ORIENTED_EDGE('',*,*,#8425,.F.);
#10452 = ADVANCED_FACE('',(#10453),#8134,.F.);
#10453 = FACE_BOUND('',#10454,.F.);
#10454 = EDGE_LOOP('',(#10455,#10456,#10477,#10478));
#10455 = ORIENTED_EDGE('',*,*,#8113,.F.);
#10456 = ORIENTED_EDGE('',*,*,#10457,.F.);
#10457 = EDGE_CURVE('',#8473,#8114,#10458,.T.);
#10458 = SEAM_CURVE('',#10459,(#10463,#10470),.PCURVE_S1.);
#10459 = LINE('',#10460,#10461);
#10460 = CARTESIAN_POINT('',(-721.,446.,640.));
#10461 = VECTOR('',#10462,1.);
#10462 = DIRECTION('',(0.,-1.,2.22044604925E-16));
#10463 = PCURVE('',#8134,#10464);
#10464 = DEFINITIONAL_REPRESENTATION('',(#10465),#10469);
#10465 = LINE('',#10466,#10467);
#10466 = CARTESIAN_POINT('',(6.28318530718,-0.));
#10467 = VECTOR('',#10468,1.);
#10468 = DIRECTION('',(0.,1.));
#10469 = ( GEOMETRIC_REPRESENTATION_CONTEXT(2) 
PARAMETRIC_REPRESENTATION_CONTEXT() REPRESENTATION_CONTEXT('2D SPACE',''
  ) );
#10470 = PCURVE('',#8134,#10471);
#10471 = DEFINITIONAL_REPRESENTATION('',(#10472),#10476);
#10472 = LINE('',#10473,#10474);
#10473 = CARTESIAN_POINT('',(0.,-0.));
#10474 = VECTOR('',#10475,1.);
#10475 = DIRECTION('',(0.,1.));
#10476 = ( GEOMETRIC_REPRESENTATION_CONTEXT(2) 
PARAMETRIC_REPRESENTATION_CONTEXT() REPRESENTATION_CONTEXT('2D SPACE',''
  ) );
#10477 = ORIENTED_EDGE('',*,*,#8472,.T.);
#10478 = ORIENTED_EDGE('',*,*,#10457,.T.);
#10479 = ADVANCED_FACE('',(#10480),#8333,.T.);
#10480 = FACE_BOUND('',#10481,.T.);
#10481 = EDGE_LOOP('',(#10482,#10503,#10504,#10525));
#10482 = ORIENTED_EDGE('',*,*,#10483,.F.);
#10483 = EDGE_CURVE('',#8780,#8267,#10484,.T.);
#10484 = SURFACE_CURVE('',#10485,(#10489,#10496),.PCURVE_S1.);
#10485 = LINE('',#10486,#10487);
#10486 = CARTESIAN_POINT('',(-660.,230.,0.));
#10487 = VECTOR('',#10488,1.);
#10488 = DIRECTION('',(0.,0.,1.));
#10489 = PCURVE('',#8333,#10490);
#10490 = DEFINITIONAL_REPRESENTATION('',(#10491),#10495);
#10491 = LINE('',#10492,#10493);
#10492 = CARTESIAN_POINT('',(0.,0.));
#10493 = VECTOR('',#10494,1.);
#10494 = DIRECTION('',(1.,0.));
#10495 = ( GEOMETRIC_REPRESENTATION_CONTEXT(2) 
PARAMETRIC_REPRESENTATION_CONTEXT() REPRESENTATION_CONTEXT('2D SPACE',''
  ) );
#10496 = PCURVE('',#8797,#10497);
#10497 = DEFINITIONAL_REPRESENTATION('',(#10498),#10502);
#10498 = LINE('',#10499,#10500);
#10499 = CARTESIAN_POINT('',(0.,40.));
#10500 = VECTOR('',#10501,1.);
#10501 = DIRECTION('',(1.,0.));
#10502 = ( GEOMETRIC_REPRESENTATION_CONTEXT(2) 
PARAMETRIC_REPRESENTATION_CONTEXT() REPRESENTATION_CONTEXT('2D SPACE',''
  ) );
#10503 = ORIENTED_EDGE('',*,*,#8809,.T.);
#10504 = ORIENTED_EDGE('',*,*,#10505,.T.);
#10505 = EDGE_CURVE('',#8810,#8318,#10506,.T.);
#10506 = SURFACE_CURVE('',#10507,(#10511,#10518),.PCURVE_S1.);
#10507 = LINE('',#10508,#10509);
#10508 = CARTESIAN_POINT('',(-660.,650.,0.));
#10509 = VECTOR('',#10510,1.);
#10510 = DIRECTION('',(0.,0.,1.));
#10511 = PCURVE('',#8333,#10512);
#10512 = DEFINITIONAL_REPRESENTATION('',(#10513),#10517);
#10513 = LINE('',#10514,#10515);
#10514 = CARTESIAN_POINT('',(0.,-420.));
#10515 = VECTOR('',#10516,1.);
#10516 = DIRECTION('',(1.,0.));
#10517 = ( GEOMETRIC_REPRESENTATION_CONTEXT(2) 
PARAMETRIC_REPRESENTATION_CONTEXT() REPRESENTATION_CONTEXT('2D SPACE',''
  ) );
#10518 = PCURVE('',#8848,#10519);
#10519 = DEFINITIONAL_REPRESENTATION('',(#10520),#10524);
#10520 = LINE('',#10521,#10522);
#10521 = CARTESIAN_POINT('',(0.,40.));
#10522 = VECTOR('',#10523,1.);
#10523 = DIRECTION('',(1.,0.));
#10524 = ( GEOMETRIC_REPRESENTATION_CONTEXT(2) 
PARAMETRIC_REPRESENTATION_CONTEXT() REPRESENTATION_CONTEXT('2D SPACE',''
  ) );
#10525 = ORIENTED_EDGE('',*,*,#8317,.F.);
#10526 = ADVANCED_FACE('',(#10527),#8386,.T.);
#10527 = FACE_BOUND('',#10528,.T.);
#10528 = EDGE_LOOP('',(#10529,#10530,#10551,#10552));
#10529 = ORIENTED_EDGE('',*,*,#8372,.F.);
#10530 = ORIENTED_EDGE('',*,*,#10531,.T.);
#10531 = EDGE_CURVE('',#8318,#8674,#10532,.T.);
#10532 = SURFACE_CURVE('',#10533,(#10537,#10544),.PCURVE_S1.);
#10533 = LINE('',#10534,#10535);
#10534 = CARTESIAN_POINT('',(-660.,650.,40.));
#10535 = VECTOR('',#10536,1.);
#10536 = DIRECTION('',(-0.,1.,0.));
#10537 = PCURVE('',#8386,#10538);
#10538 = DEFINITIONAL_REPRESENTATION('',(#10539),#10543);
#10539 = LINE('',#10540,#10541);
#10540 = CARTESIAN_POINT('',(0.,0.));
#10541 = VECTOR('',#10542,1.);
#10542 = DIRECTION('',(0.,-1.));
#10543 = ( GEOMETRIC_REPRESENTATION_CONTEXT(2) 
PARAMETRIC_REPRESENTATION_CONTEXT() REPRESENTATION_CONTEXT('2D SPACE',''
  ) );
#10544 = PCURVE('',#8712,#10545);
#10545 = DEFINITIONAL_REPRESENTATION('',(#10546),#10550);
#10546 = LINE('',#10547,#10548);
#10547 = CARTESIAN_POINT('',(40.,460.));
#10548 = VECTOR('',#10549,1.);
#10549 = DIRECTION('',(0.,1.));
#10550 = ( GEOMETRIC_REPRESENTATION_CONTEXT(2) 
PARAMETRIC_REPRESENTATION_CONTEXT() REPRESENTATION_CONTEXT('2D SPACE',''
  ) );
#10551 = ORIENTED_EDGE('',*,*,#8673,.T.);
#10552 = ORIENTED_EDGE('',*,*,#10553,.F.);
#10553 = EDGE_CURVE('',#8173,#8644,#10554,.T.);
#10554 = SURFACE_CURVE('',#10555,(#10559,#10566),.PCURVE_S1.);
#10555 = LINE('',#10556,#10557);
#10556 = CARTESIAN_POINT('',(-660.,650.,520.));
#10557 = VECTOR('',#10558,1.);
#10558 = DIRECTION('',(-0.,1.,0.));
#10559 = PCURVE('',#8386,#10560);
#10560 = DEFINITIONAL_REPRESENTATION('',(#10561),#10565);
#10561 = LINE('',#10562,#10563);
#10562 = CARTESIAN_POINT('',(480.,0.));
#10563 = VECTOR('',#10564,1.);
#10564 = DIRECTION('',(0.,-1.));
#10565 = ( GEOMETRIC_REPRESENTATION_CONTEXT(2) 
PARAMETRIC_REPRESENTATION_CONTEXT() REPRESENTATION_CONTEXT('2D SPACE',''
  ) );
#10566 = PCURVE('',#8661,#10567);
#10567 = DEFINITIONAL_REPRESENTATION('',(#10568),#10572);
#10568 = LINE('',#10569,#10570);
#10569 = CARTESIAN_POINT('',(40.,460.));
#10570 = VECTOR('',#10571,1.);
#10571 = DIRECTION('',(0.,1.));
#10572 = ( GEOMETRIC_REPRESENTATION_CONTEXT(2) 
PARAMETRIC_REPRESENTATION_CONTEXT() REPRESENTATION_CONTEXT('2D SPACE',''
  ) );
#10573 = ADVANCED_FACE('',(#10574),#8661,.F.);
#10574 = FACE_BOUND('',#10575,.F.);
#10575 = EDGE_LOOP('',(#10576,#10577,#10598,#10599));
#10576 = ORIENTED_EDGE('',*,*,#10255,.T.);
#10577 = ORIENTED_EDGE('',*,*,#10578,.T.);
#10578 = EDGE_CURVE('',#10256,#8646,#10579,.T.);
#10579 = SURFACE_CURVE('',#10580,(#10584,#10591),.PCURVE_S1.);
#10580 = LINE('',#10581,#10582);
#10581 = CARTESIAN_POINT('',(-40.,650.,520.));
#10582 = VECTOR('',#10583,1.);
#10583 = DIRECTION('',(-0.,1.,0.));
#10584 = PCURVE('',#8661,#10585);
#10585 = DEFINITIONAL_REPRESENTATION('',(#10586),#10590);
#10586 = LINE('',#10587,#10588);
#10587 = CARTESIAN_POINT('',(660.,460.));
#10588 = VECTOR('',#10589,1.);
#10589 = DIRECTION('',(0.,1.));
#10590 = ( GEOMETRIC_REPRESENTATION_CONTEXT(2) 
PARAMETRIC_REPRESENTATION_CONTEXT() REPRESENTATION_CONTEXT('2D SPACE',''
  ) );
#10591 = PCURVE('',#8738,#10592);
#10592 = DEFINITIONAL_REPRESENTATION('',(#10593),#10597);
#10593 = LINE('',#10594,#10595);
#10594 = CARTESIAN_POINT('',(480.,0.));
#10595 = VECTOR('',#10596,1.);
#10596 = DIRECTION('',(0.,-1.));
#10597 = ( GEOMETRIC_REPRESENTATION_CONTEXT(2) 
PARAMETRIC_REPRESENTATION_CONTEXT() REPRESENTATION_CONTEXT('2D SPACE',''
  ) );
#10598 = ORIENTED_EDGE('',*,*,#8643,.F.);
#10599 = ORIENTED_EDGE('',*,*,#10553,.F.);
#10600 = ADVANCED_FACE('',(#10601),#8712,.T.);
#10601 = FACE_BOUND('',#10602,.T.);
#10602 = EDGE_LOOP('',(#10603,#10626,#10647,#10648));
#10603 = ORIENTED_EDGE('',*,*,#10604,.T.);
#10604 = EDGE_CURVE('',#8318,#10605,#10607,.T.);
#10605 = VERTEX_POINT('',#10606);
#10606 = CARTESIAN_POINT('',(-40.,650.,40.));
#10607 = SURFACE_CURVE('',#10608,(#10612,#10619),.PCURVE_S1.);
#10608 = LINE('',#10609,#10610);
#10609 = CARTESIAN_POINT('',(-700.,650.,40.));
#10610 = VECTOR('',#10611,1.);
#10611 = DIRECTION('',(1.,0.,-0.));
#10612 = PCURVE('',#8712,#10613);
#10613 = DEFINITIONAL_REPRESENTATION('',(#10614),#10618);
#10614 = LINE('',#10615,#10616);
#10615 = CARTESIAN_POINT('',(0.,460.));
#10616 = VECTOR('',#10617,1.);
#10617 = DIRECTION('',(1.,0.));
#10618 = ( GEOMETRIC_REPRESENTATION_CONTEXT(2) 
PARAMETRIC_REPRESENTATION_CONTEXT() REPRESENTATION_CONTEXT('2D SPACE',''
  ) );
#10619 = PCURVE('',#8848,#10620);
#10620 = DEFINITIONAL_REPRESENTATION('',(#10621),#10625);
#10621 = LINE('',#10622,#10623);
#10622 = CARTESIAN_POINT('',(40.,0.));
#10623 = VECTOR('',#10624,1.);
#10624 = DIRECTION('',(0.,1.));
#10625 = ( GEOMETRIC_REPRESENTATION_CONTEXT(2) 
PARAMETRIC_REPRESENTATION_CONTEXT() REPRESENTATION_CONTEXT('2D SPACE',''
  ) );
#10626 = ORIENTED_EDGE('',*,*,#10627,.T.);
#10627 = EDGE_CURVE('',#10605,#8697,#10628,.T.);
#10628 = SURFACE_CURVE('',#10629,(#10633,#10640),.PCURVE_S1.);
#10629 = LINE('',#10630,#10631);
#10630 = CARTESIAN_POINT('',(-40.,650.,40.));
#10631 = VECTOR('',#10632,1.);
#10632 = DIRECTION('',(-0.,1.,0.));
#10633 = PCURVE('',#8712,#10634);
#10634 = DEFINITIONAL_REPRESENTATION('',(#10635),#10639);
#10635 = LINE('',#10636,#10637);
#10636 = CARTESIAN_POINT('',(660.,460.));
#10637 = VECTOR('',#10638,1.);
#10638 = DIRECTION('',(0.,1.));
#10639 = ( GEOMETRIC_REPRESENTATION_CONTEXT(2) 
PARAMETRIC_REPRESENTATION_CONTEXT() REPRESENTATION_CONTEXT('2D SPACE',''
  ) );
#10640 = PCURVE('',#8738,#10641);
#10641 = DEFINITIONAL_REPRESENTATION('',(#10642),#10646);
#10642 = LINE('',#10643,#10644);
#10643 = CARTESIAN_POINT('',(0.,0.));
#10644 = VECTOR('',#10645,1.);
#10645 = DIRECTION('',(0.,-1.));
#10646 = ( GEOMETRIC_REPRESENTATION_CONTEXT(2) 
PARAMETRIC_REPRESENTATION_CONTEXT() REPRESENTATION_CONTEXT('2D SPACE',''
  ) );
#10647 = ORIENTED_EDGE('',*,*,#8696,.F.);
#10648 = ORIENTED_EDGE('',*,*,#10531,.F.);
#10649 = ADVANCED_FACE('',(#10650),#8738,.F.);
#10650 = FACE_BOUND('',#10651,.F.);
#10651 = EDGE_LOOP('',(#10652,#10673,#10674,#10675));
#10652 = ORIENTED_EDGE('',*,*,#10653,.F.);
#10653 = EDGE_CURVE('',#10605,#10256,#10654,.T.);
#10654 = SURFACE_CURVE('',#10655,(#10659,#10666),.PCURVE_S1.);
#10655 = LINE('',#10656,#10657);
#10656 = CARTESIAN_POINT('',(-40.,650.,40.));
#10657 = VECTOR('',#10658,1.);
#10658 = DIRECTION('',(0.,0.,1.));
#10659 = PCURVE('',#8738,#10660);
#10660 = DEFINITIONAL_REPRESENTATION('',(#10661),#10665);
#10661 = LINE('',#10662,#10663);
#10662 = CARTESIAN_POINT('',(0.,0.));
#10663 = VECTOR('',#10664,1.);
#10664 = DIRECTION('',(1.,0.));
#10665 = ( GEOMETRIC_REPRESENTATION_CONTEXT(2) 
PARAMETRIC_REPRESENTATION_CONTEXT() REPRESENTATION_CONTEXT('2D SPACE',''
  ) );
#10666 = PCURVE('',#9955,#10667);
#10667 = DEFINITIONAL_REPRESENTATION('',(#10668),#10672);
#10668 = LINE('',#10669,#10670);
#10669 = CARTESIAN_POINT('',(0.,0.));
#10670 = VECTOR('',#10671,1.);
#10671 = DIRECTION('',(1.,0.));
#10672 = ( GEOMETRIC_REPRESENTATION_CONTEXT(2) 
PARAMETRIC_REPRESENTATION_CONTEXT() REPRESENTATION_CONTEXT('2D SPACE',''
  ) );
#10673 = ORIENTED_EDGE('',*,*,#10627,.T.);
#10674 = ORIENTED_EDGE('',*,*,#8724,.T.);
#10675 = ORIENTED_EDGE('',*,*,#10578,.F.);
#10676 = ADVANCED_FACE('',(#10677),#8797,.T.);
#10677 = FACE_BOUND('',#10678,.T.);
#10678 = EDGE_LOOP('',(#10679,#10680,#10681,#10682));
#10679 = ORIENTED_EDGE('',*,*,#8779,.F.);
#10680 = ORIENTED_EDGE('',*,*,#10483,.T.);
#10681 = ORIENTED_EDGE('',*,*,#9753,.T.);
#10682 = ORIENTED_EDGE('',*,*,#10683,.F.);
#10683 = EDGE_CURVE('',#8782,#9754,#10684,.T.);
#10684 = SURFACE_CURVE('',#10685,(#10689,#10696),.PCURVE_S1.);
#10685 = LINE('',#10686,#10687);
#10686 = CARTESIAN_POINT('',(-40.,230.,0.));
#10687 = VECTOR('',#10688,1.);
#10688 = DIRECTION('',(0.,0.,1.));
#10689 = PCURVE('',#8797,#10690);
#10690 = DEFINITIONAL_REPRESENTATION('',(#10691),#10695);
#10691 = LINE('',#10692,#10693);
#10692 = CARTESIAN_POINT('',(0.,660.));
#10693 = VECTOR('',#10694,1.);
#10694 = DIRECTION('',(1.,0.));
#10695 = ( GEOMETRIC_REPRESENTATION_CONTEXT(2) 
PARAMETRIC_REPRESENTATION_CONTEXT() REPRESENTATION_CONTEXT('2D SPACE',''
  ) );
#10696 = PCURVE('',#8874,#10697);
#10697 = DEFINITIONAL_REPRESENTATION('',(#10698),#10702);
#10698 = LINE('',#10699,#10700);
#10699 = CARTESIAN_POINT('',(0.,0.));
#10700 = VECTOR('',#10701,1.);
#10701 = DIRECTION('',(1.,0.));
#10702 = ( GEOMETRIC_REPRESENTATION_CONTEXT(2) 
PARAMETRIC_REPRESENTATION_CONTEXT() REPRESENTATION_CONTEXT('2D SPACE',''
  ) );
#10703 = ADVANCED_FACE('',(#10704),#8848,.F.);
#10704 = FACE_BOUND('',#10705,.F.);
#10705 = EDGE_LOOP('',(#10706,#10707,#10708,#10709));
#10706 = ORIENTED_EDGE('',*,*,#8832,.F.);
#10707 = ORIENTED_EDGE('',*,*,#10505,.T.);
#10708 = ORIENTED_EDGE('',*,*,#10604,.T.);
#10709 = ORIENTED_EDGE('',*,*,#10710,.F.);
#10710 = EDGE_CURVE('',#8833,#10605,#10711,.T.);
#10711 = SURFACE_CURVE('',#10712,(#10716,#10723),.PCURVE_S1.);
#10712 = LINE('',#10713,#10714);
#10713 = CARTESIAN_POINT('',(-40.,650.,0.));
#10714 = VECTOR('',#10715,1.);
#10715 = DIRECTION('',(0.,0.,1.));
#10716 = PCURVE('',#8848,#10717);
#10717 = DEFINITIONAL_REPRESENTATION('',(#10718),#10722);
#10718 = LINE('',#10719,#10720);
#10719 = CARTESIAN_POINT('',(0.,660.));
#10720 = VECTOR('',#10721,1.);
#10721 = DIRECTION('',(1.,0.));
#10722 = ( GEOMETRIC_REPRESENTATION_CONTEXT(2) 
PARAMETRIC_REPRESENTATION_CONTEXT() REPRESENTATION_CONTEXT('2D SPACE',''
  ) );
#10723 = PCURVE('',#8874,#10724);
#10724 = DEFINITIONAL_REPRESENTATION('',(#10725),#10729);
#10725 = LINE('',#10726,#10727);
#10726 = CARTESIAN_POINT('',(0.,-420.));
#10727 = VECTOR('',#10728,1.);
#10728 = DIRECTION('',(1.,0.));
#10729 = ( GEOMETRIC_REPRESENTATION_CONTEXT(2) 
PARAMETRIC_REPRESENTATION_CONTEXT() REPRESENTATION_CONTEXT('2D SPACE',''
  ) );
#10730 = ADVANCED_FACE('',(#10731),#8874,.F.);
#10731 = FACE_BOUND('',#10732,.F.);
#10732 = EDGE_LOOP('',(#10733,#10734,#10735,#10736));
#10733 = ORIENTED_EDGE('',*,*,#10683,.F.);
#10734 = ORIENTED_EDGE('',*,*,#8860,.T.);
#10735 = ORIENTED_EDGE('',*,*,#10710,.T.);
#10736 = ORIENTED_EDGE('',*,*,#10737,.F.);
#10737 = EDGE_CURVE('',#9754,#10605,#10738,.T.);
#10738 = SURFACE_CURVE('',#10739,(#10743,#10750),.PCURVE_S1.);
#10739 = LINE('',#10740,#10741);
#10740 = CARTESIAN_POINT('',(-40.,230.,40.));
#10741 = VECTOR('',#10742,1.);
#10742 = DIRECTION('',(-0.,1.,0.));
#10743 = PCURVE('',#8874,#10744);
#10744 = DEFINITIONAL_REPRESENTATION('',(#10745),#10749);
#10745 = LINE('',#10746,#10747);
#10746 = CARTESIAN_POINT('',(40.,0.));
#10747 = VECTOR('',#10748,1.);
#10748 = DIRECTION('',(0.,-1.));
#10749 = ( GEOMETRIC_REPRESENTATION_CONTEXT(2) 
PARAMETRIC_REPRESENTATION_CONTEXT() REPRESENTATION_CONTEXT('2D SPACE',''
  ) );
#10750 = PCURVE('',#9878,#10751);
#10751 = DEFINITIONAL_REPRESENTATION('',(#10752),#10756);
#10752 = LINE('',#10753,#10754);
#10753 = CARTESIAN_POINT('',(660.,40.));
#10754 = VECTOR('',#10755,1.);
#10755 = DIRECTION('',(0.,1.));
#10756 = ( GEOMETRIC_REPRESENTATION_CONTEXT(2) 
PARAMETRIC_REPRESENTATION_CONTEXT() REPRESENTATION_CONTEXT('2D SPACE',''
  ) );
#10757 = ADVANCED_FACE('',(#10758),#9818,.T.);
#10758 = FACE_BOUND('',#10759,.T.);
#10759 = EDGE_LOOP('',(#10760,#10781,#10782,#10803));
#10760 = ORIENTED_EDGE('',*,*,#10761,.F.);
#10761 = EDGE_CURVE('',#9754,#9861,#10762,.T.);
#10762 = SURFACE_CURVE('',#10763,(#10767,#10774),.PCURVE_S1.);
#10763 = LINE('',#10764,#10765);
#10764 = CARTESIAN_POINT('',(-40.,230.,40.));
#10765 = VECTOR('',#10766,1.);
#10766 = DIRECTION('',(1.,0.,-0.));
#10767 = PCURVE('',#9818,#10768);
#10768 = DEFINITIONAL_REPRESENTATION('',(#10769),#10773);
#10769 = LINE('',#10770,#10771);
#10770 = CARTESIAN_POINT('',(0.,0.));
#10771 = VECTOR('',#10772,1.);
#10772 = DIRECTION('',(0.,1.));
#10773 = ( GEOMETRIC_REPRESENTATION_CONTEXT(2) 
PARAMETRIC_REPRESENTATION_CONTEXT() REPRESENTATION_CONTEXT('2D SPACE',''
  ) );
#10774 = PCURVE('',#9878,#10775);
#10775 = DEFINITIONAL_REPRESENTATION('',(#10776),#10780);
#10776 = LINE('',#10777,#10778);
#10777 = CARTESIAN_POINT('',(660.,40.));
#10778 = VECTOR('',#10779,1.);
#10779 = DIRECTION('',(1.,0.));
#10780 = ( GEOMETRIC_REPRESENTATION_CONTEXT(2) 
PARAMETRIC_REPRESENTATION_CONTEXT() REPRESENTATION_CONTEXT('2D SPACE',''
  ) );
#10781 = ORIENTED_EDGE('',*,*,#9804,.T.);
#10782 = ORIENTED_EDGE('',*,*,#10783,.T.);
#10783 = EDGE_CURVE('',#9680,#9891,#10784,.T.);
#10784 = SURFACE_CURVE('',#10785,(#10789,#10796),.PCURVE_S1.);
#10785 = LINE('',#10786,#10787);
#10786 = CARTESIAN_POINT('',(-40.,230.,520.));
#10787 = VECTOR('',#10788,1.);
#10788 = DIRECTION('',(1.,0.,-0.));
#10789 = PCURVE('',#9818,#10790);
#10790 = DEFINITIONAL_REPRESENTATION('',(#10791),#10795);
#10791 = LINE('',#10792,#10793);
#10792 = CARTESIAN_POINT('',(480.,0.));
#10793 = VECTOR('',#10794,1.);
#10794 = DIRECTION('',(0.,1.));
#10795 = ( GEOMETRIC_REPRESENTATION_CONTEXT(2) 
PARAMETRIC_REPRESENTATION_CONTEXT() REPRESENTATION_CONTEXT('2D SPACE',''
  ) );
#10796 = PCURVE('',#9929,#10797);
#10797 = DEFINITIONAL_REPRESENTATION('',(#10798),#10802);
#10798 = LINE('',#10799,#10800);
#10799 = CARTESIAN_POINT('',(660.,40.));
#10800 = VECTOR('',#10801,1.);
#10801 = DIRECTION('',(1.,0.));
#10802 = ( GEOMETRIC_REPRESENTATION_CONTEXT(2) 
PARAMETRIC_REPRESENTATION_CONTEXT() REPRESENTATION_CONTEXT('2D SPACE',''
  ) );
#10803 = ORIENTED_EDGE('',*,*,#9890,.F.);
#10804 = ADVANCED_FACE('',(#10805),#9878,.T.);
#10805 = FACE_BOUND('',#10806,.T.);
#10806 = EDGE_LOOP('',(#10807,#10808,#10809,#10810));
#10807 = ORIENTED_EDGE('',*,*,#10737,.F.);
#10808 = ORIENTED_EDGE('',*,*,#10761,.T.);
#10809 = ORIENTED_EDGE('',*,*,#9860,.T.);
#10810 = ORIENTED_EDGE('',*,*,#10811,.F.);
#10811 = EDGE_CURVE('',#10605,#9863,#10812,.T.);
#10812 = SURFACE_CURVE('',#10813,(#10817,#10824),.PCURVE_S1.);
#10813 = LINE('',#10814,#10815);
#10814 = CARTESIAN_POINT('',(-40.,650.,40.));
#10815 = VECTOR('',#10816,1.);
#10816 = DIRECTION('',(1.,0.,-0.));
#10817 = PCURVE('',#9878,#10818);
#10818 = DEFINITIONAL_REPRESENTATION('',(#10819),#10823);
#10819 = LINE('',#10820,#10821);
#10820 = CARTESIAN_POINT('',(660.,460.));
#10821 = VECTOR('',#10822,1.);
#10822 = DIRECTION('',(1.,0.));
#10823 = ( GEOMETRIC_REPRESENTATION_CONTEXT(2) 
PARAMETRIC_REPRESENTATION_CONTEXT() REPRESENTATION_CONTEXT('2D SPACE',''
  ) );
#10824 = PCURVE('',#9955,#10825);
#10825 = DEFINITIONAL_REPRESENTATION('',(#10826),#10830);
#10826 = LINE('',#10827,#10828);
#10827 = CARTESIAN_POINT('',(0.,0.));
#10828 = VECTOR('',#10829,1.);
#10829 = DIRECTION('',(0.,1.));
#10830 = ( GEOMETRIC_REPRESENTATION_CONTEXT(2) 
PARAMETRIC_REPRESENTATION_CONTEXT() REPRESENTATION_CONTEXT('2D SPACE',''
  ) );
#10831 = ADVANCED_FACE('',(#10832),#9929,.F.);
#10832 = FACE_BOUND('',#10833,.F.);
#10833 = EDGE_LOOP('',(#10834,#10855,#10856,#10857));
#10834 = ORIENTED_EDGE('',*,*,#10835,.F.);
#10835 = EDGE_CURVE('',#9680,#10256,#10836,.T.);
#10836 = SURFACE_CURVE('',#10837,(#10841,#10848),.PCURVE_S1.);
#10837 = LINE('',#10838,#10839);
#10838 = CARTESIAN_POINT('',(-40.,230.,520.));
#10839 = VECTOR('',#10840,1.);
#10840 = DIRECTION('',(-0.,1.,0.));
#10841 = PCURVE('',#9929,#10842);
#10842 = DEFINITIONAL_REPRESENTATION('',(#10843),#10847);
#10843 = LINE('',#10844,#10845);
#10844 = CARTESIAN_POINT('',(660.,40.));
#10845 = VECTOR('',#10846,1.);
#10846 = DIRECTION('',(0.,1.));
#10847 = ( GEOMETRIC_REPRESENTATION_CONTEXT(2) 
PARAMETRIC_REPRESENTATION_CONTEXT() REPRESENTATION_CONTEXT('2D SPACE',''
  ) );
#10848 = PCURVE('',#10192,#10849);
#10849 = DEFINITIONAL_REPRESENTATION('',(#10850),#10854);
#10850 = LINE('',#10851,#10852);
#10851 = CARTESIAN_POINT('',(0.,0.));
#10852 = VECTOR('',#10853,1.);
#10853 = DIRECTION('',(0.,-1.));
#10854 = ( GEOMETRIC_REPRESENTATION_CONTEXT(2) 
PARAMETRIC_REPRESENTATION_CONTEXT() REPRESENTATION_CONTEXT('2D SPACE',''
  ) );
#10855 = ORIENTED_EDGE('',*,*,#10783,.T.);
#10856 = ORIENTED_EDGE('',*,*,#9913,.F.);
#10857 = ORIENTED_EDGE('',*,*,#10858,.F.);
#10858 = EDGE_CURVE('',#10256,#9914,#10859,.T.);
#10859 = SURFACE_CURVE('',#10860,(#10864,#10871),.PCURVE_S1.);
#10860 = LINE('',#10861,#10862);
#10861 = CARTESIAN_POINT('',(-40.,650.,520.));
#10862 = VECTOR('',#10863,1.);
#10863 = DIRECTION('',(1.,0.,-0.));
#10864 = PCURVE('',#9929,#10865);
#10865 = DEFINITIONAL_REPRESENTATION('',(#10866),#10870);
#10866 = LINE('',#10867,#10868);
#10867 = CARTESIAN_POINT('',(660.,460.));
#10868 = VECTOR('',#10869,1.);
#10869 = DIRECTION('',(1.,0.));
#10870 = ( GEOMETRIC_REPRESENTATION_CONTEXT(2) 
PARAMETRIC_REPRESENTATION_CONTEXT() REPRESENTATION_CONTEXT('2D SPACE',''
  ) );
#10871 = PCURVE('',#9955,#10872);
#10872 = DEFINITIONAL_REPRESENTATION('',(#10873),#10877);
#10873 = LINE('',#10874,#10875);
#10874 = CARTESIAN_POINT('',(480.,0.));
#10875 = VECTOR('',#10876,1.);
#10876 = DIRECTION('',(0.,1.));
#10877 = ( GEOMETRIC_REPRESENTATION_CONTEXT(2) 
PARAMETRIC_REPRESENTATION_CONTEXT() REPRESENTATION_CONTEXT('2D SPACE',''
  ) );
#10878 = ADVANCED_FACE('',(#10879),#9955,.F.);
#10879 = FACE_BOUND('',#10880,.F.);
#10880 = EDGE_LOOP('',(#10881,#10882,#10883,#10884));
#10881 = ORIENTED_EDGE('',*,*,#10811,.F.);
#10882 = ORIENTED_EDGE('',*,*,#10653,.T.);
#10883 = ORIENTED_EDGE('',*,*,#10858,.T.);
#10884 = ORIENTED_EDGE('',*,*,#9941,.F.);
#10885 = ADVANCED_FACE('',(#10886),#10010,.F.);
#10886 = FACE_BOUND('',#10887,.F.);
#10887 = EDGE_LOOP('',(#10888,#10889,#10890,#10891));
#10888 = ORIENTED_EDGE('',*,*,#9996,.F.);
#10889 = ORIENTED_EDGE('',*,*,#10376,.T.);
#10890 = ORIENTED_EDGE('',*,*,#10099,.T.);
#10891 = ORIENTED_EDGE('',*,*,#10300,.F.);
#10892 = ADVANCED_FACE('',(#10893),#10192,.F.);
#10893 = FACE_BOUND('',#10894,.F.);
#10894 = EDGE_LOOP('',(#10895,#10896,#10897,#10898));
#10895 = ORIENTED_EDGE('',*,*,#10398,.F.);
#10896 = ORIENTED_EDGE('',*,*,#10835,.T.);
#10897 = ORIENTED_EDGE('',*,*,#10322,.T.);
#10898 = ORIENTED_EDGE('',*,*,#10176,.F.);
#10899 = ORIENTED_CLOSED_SHELL('',*,#10900,.F.);
#10900 = CLOSED_SHELL('',(#10901,#11017,#11092,#11140,#11188,#11214));
#10901 = ADVANCED_FACE('',(#10902),#10916,.F.);
#10902 = FACE_BOUND('',#10903,.F.);
#10903 = EDGE_LOOP('',(#10904,#10938,#10965,#10992));
#10904 = ORIENTED_EDGE('',*,*,#10905,.F.);
#10905 = EDGE_CURVE('',#10906,#10908,#10910,.T.);
#10906 = VERTEX_POINT('',#10907);
#10907 = CARTESIAN_POINT('',(-697.,230.,37.));
#10908 = VERTEX_POINT('',#10909);
#10909 = CARTESIAN_POINT('',(-697.,230.,3.));
#10910 = SURFACE_CURVE('',#10911,(#10915,#10927),.PCURVE_S1.);
#10911 = LINE('',#10912,#10913);
#10912 = CARTESIAN_POINT('',(-697.,230.,1.5));
#10913 = VECTOR('',#10914,1.);
#10914 = DIRECTION('',(-0.,0.,-1.));
#10915 = PCURVE('',#10916,#10921);
#10916 = PLANE('',#10917);
#10917 = AXIS2_PLACEMENT_3D('',#10918,#10919,#10920);
#10918 = CARTESIAN_POINT('',(-700.,230.,0.));
#10919 = DIRECTION('',(-0.,1.,0.));
#10920 = DIRECTION('',(0.,0.,1.));
#10921 = DEFINITIONAL_REPRESENTATION('',(#10922),#10926);
#10922 = LINE('',#10923,#10924);
#10923 = CARTESIAN_POINT('',(1.5,3.));
#10924 = VECTOR('',#10925,1.);
#10925 = DIRECTION('',(-1.,0.));
#10926 = ( GEOMETRIC_REPRESENTATION_CONTEXT(2) 
PARAMETRIC_REPRESENTATION_CONTEXT() REPRESENTATION_CONTEXT('2D SPACE',''
  ) );
#10927 = PCURVE('',#10928,#10933);
#10928 = PLANE('',#10929);
#10929 = AXIS2_PLACEMENT_3D('',#10930,#10931,#10932);
#10930 = CARTESIAN_POINT('',(-697.,229.,3.));
#10931 = DIRECTION('',(1.,0.,-0.));
#10932 = DIRECTION('',(0.,0.,1.));
#10933 = DEFINITIONAL_REPRESENTATION('',(#10934),#10937);
#10934 = B_SPLINE_CURVE_WITH_KNOTS('',1,(#10935,#10936),.UNSPECIFIED.,
  .F.,.F.,(2,2),(-35.5,-1.5),.PIECEWISE_BEZIER_KNOTS.);
#10935 = CARTESIAN_POINT('',(34.,-1.));
#10936 = CARTESIAN_POINT('',(0.,-1.));
#10937 = ( GEOMETRIC_REPRESENTATION_CONTEXT(2) 
PARAMETRIC_REPRESENTATION_CONTEXT() REPRESENTATION_CONTEXT('2D SPACE',''
  ) );
#10938 = ORIENTED_EDGE('',*,*,#10939,.T.);
#10939 = EDGE_CURVE('',#10906,#10940,#10942,.T.);
#10940 = VERTEX_POINT('',#10941);
#10941 = CARTESIAN_POINT('',(-663.,230.,37.));
#10942 = SURFACE_CURVE('',#10943,(#10947,#10954),.PCURVE_S1.);
#10943 = LINE('',#10944,#10945);
#10944 = CARTESIAN_POINT('',(-698.5,230.,37.));
#10945 = VECTOR('',#10946,1.);
#10946 = DIRECTION('',(1.,0.,-0.));
#10947 = PCURVE('',#10916,#10948);
#10948 = DEFINITIONAL_REPRESENTATION('',(#10949),#10953);
#10949 = LINE('',#10950,#10951);
#10950 = CARTESIAN_POINT('',(37.,1.5));
#10951 = VECTOR('',#10952,1.);
#10952 = DIRECTION('',(0.,1.));
#10953 = ( GEOMETRIC_REPRESENTATION_CONTEXT(2) 
PARAMETRIC_REPRESENTATION_CONTEXT() REPRESENTATION_CONTEXT('2D SPACE',''
  ) );
#10954 = PCURVE('',#10955,#10960);
#10955 = PLANE('',#10956);
#10956 = AXIS2_PLACEMENT_3D('',#10957,#10958,#10959);
#10957 = CARTESIAN_POINT('',(-697.,229.,37.));
#10958 = DIRECTION('',(0.,0.,1.));
#10959 = DIRECTION('',(1.,0.,-0.));
#10960 = DEFINITIONAL_REPRESENTATION('',(#10961),#10964);
#10961 = B_SPLINE_CURVE_WITH_KNOTS('',1,(#10962,#10963),.UNSPECIFIED.,
  .F.,.F.,(2,2),(1.5,35.5),.PIECEWISE_BEZIER_KNOTS.);
#10962 = CARTESIAN_POINT('',(0.,1.));
#10963 = CARTESIAN_POINT('',(34.,1.));
#10964 = ( GEOMETRIC_REPRESENTATION_CONTEXT(2) 
PARAMETRIC_REPRESENTATION_CONTEXT() REPRESENTATION_CONTEXT('2D SPACE',''
  ) );
#10965 = ORIENTED_EDGE('',*,*,#10966,.T.);
#10966 = EDGE_CURVE('',#10940,#10967,#10969,.T.);
#10967 = VERTEX_POINT('',#10968);
#10968 = CARTESIAN_POINT('',(-663.,230.,3.));
#10969 = SURFACE_CURVE('',#10970,(#10974,#10981),.PCURVE_S1.);
#10970 = LINE('',#10971,#10972);
#10971 = CARTESIAN_POINT('',(-663.,230.,1.5));
#10972 = VECTOR('',#10973,1.);
#10973 = DIRECTION('',(-0.,0.,-1.));
#10974 = PCURVE('',#10916,#10975);
#10975 = DEFINITIONAL_REPRESENTATION('',(#10976),#10980);
#10976 = LINE('',#10977,#10978);
#10977 = CARTESIAN_POINT('',(1.5,37.));
#10978 = VECTOR('',#10979,1.);
#10979 = DIRECTION('',(-1.,0.));
#10980 = ( GEOMETRIC_REPRESENTATION_CONTEXT(2) 
PARAMETRIC_REPRESENTATION_CONTEXT() REPRESENTATION_CONTEXT('2D SPACE',''
  ) );
#10981 = PCURVE('',#10982,#10987);
#10982 = PLANE('',#10983);
#10983 = AXIS2_PLACEMENT_3D('',#10984,#10985,#10986);
#10984 = CARTESIAN_POINT('',(-663.,229.,3.));
#10985 = DIRECTION('',(1.,0.,-0.));
#10986 = DIRECTION('',(0.,0.,1.));
#10987 = DEFINITIONAL_REPRESENTATION('',(#10988),#10991);
#10988 = B_SPLINE_CURVE_WITH_KNOTS('',1,(#10989,#10990),.UNSPECIFIED.,
  .F.,.F.,(2,2),(-35.5,-1.5),.PIECEWISE_BEZIER_KNOTS.);
#10989 = CARTESIAN_POINT('',(34.,-1.));
#10990 = CARTESIAN_POINT('',(0.,-1.));
#10991 = ( GEOMETRIC_REPRESENTATION_CONTEXT(2) 
PARAMETRIC_REPRESENTATION_CONTEXT() REPRESENTATION_CONTEXT('2D SPACE',''
  ) );
#10992 = ORIENTED_EDGE('',*,*,#10993,.F.);
#10993 = EDGE_CURVE('',#10908,#10967,#10994,.T.);
#10994 = SURFACE_CURVE('',#10995,(#10999,#11006),.PCURVE_S1.);
#10995 = LINE('',#10996,#10997);
#10996 = CARTESIAN_POINT('',(-698.5,230.,3.));
#10997 = VECTOR('',#10998,1.);
#10998 = DIRECTION('',(1.,0.,-0.));
#10999 = PCURVE('',#10916,#11000);
#11000 = DEFINITIONAL_REPRESENTATION('',(#11001),#11005);
#11001 = LINE('',#11002,#11003);
#11002 = CARTESIAN_POINT('',(3.,1.5));
#11003 = VECTOR('',#11004,1.);
#11004 = DIRECTION('',(0.,1.));
#11005 = ( GEOMETRIC_REPRESENTATION_CONTEXT(2) 
PARAMETRIC_REPRESENTATION_CONTEXT() REPRESENTATION_CONTEXT('2D SPACE',''
  ) );
#11006 = PCURVE('',#11007,#11012);
#11007 = PLANE('',#11008);
#11008 = AXIS2_PLACEMENT_3D('',#11009,#11010,#11011);
#11009 = CARTESIAN_POINT('',(-697.,229.,3.));
#11010 = DIRECTION('',(0.,0.,1.));
#11011 = DIRECTION('',(1.,0.,-0.));
#11012 = DEFINITIONAL_REPRESENTATION('',(#11013),#11016);
#11013 = B_SPLINE_CURVE_WITH_KNOTS('',1,(#11014,#11015),.UNSPECIFIED.,
  .F.,.F.,(2,2),(1.5,35.5),.PIECEWISE_BEZIER_KNOTS.);
#11014 = CARTESIAN_POINT('',(0.,1.));
#11015 = CARTESIAN_POINT('',(34.,1.));
#11016 = ( GEOMETRIC_REPRESENTATION_CONTEXT(2) 
PARAMETRIC_REPRESENTATION_CONTEXT() REPRESENTATION_CONTEXT('2D SPACE',''
  ) );
#11017 = ADVANCED_FACE('',(#11018),#10928,.F.);
#11018 = FACE_BOUND('',#11019,.F.);
#11019 = EDGE_LOOP('',(#11020,#11043,#11044,#11067));
#11020 = ORIENTED_EDGE('',*,*,#11021,.F.);
#11021 = EDGE_CURVE('',#10906,#11022,#11024,.T.);
#11022 = VERTEX_POINT('',#11023);
#11023 = CARTESIAN_POINT('',(-697.,650.,37.));
#11024 = SURFACE_CURVE('',#11025,(#11029,#11036),.PCURVE_S1.);
#11025 = LINE('',#11026,#11027);
#11026 = CARTESIAN_POINT('',(-697.,229.,37.));
#11027 = VECTOR('',#11028,1.);
#11028 = DIRECTION('',(-0.,1.,0.));
#11029 = PCURVE('',#10928,#11030);
#11030 = DEFINITIONAL_REPRESENTATION('',(#11031),#11035);
#11031 = LINE('',#11032,#11033);
#11032 = CARTESIAN_POINT('',(34.,0.));
#11033 = VECTOR('',#11034,1.);
#11034 = DIRECTION('',(0.,-1.));
#11035 = ( GEOMETRIC_REPRESENTATION_CONTEXT(2) 
PARAMETRIC_REPRESENTATION_CONTEXT() REPRESENTATION_CONTEXT('2D SPACE',''
  ) );
#11036 = PCURVE('',#10955,#11037);
#11037 = DEFINITIONAL_REPRESENTATION('',(#11038),#11042);
#11038 = LINE('',#11039,#11040);
#11039 = CARTESIAN_POINT('',(0.,0.));
#11040 = VECTOR('',#11041,1.);
#11041 = DIRECTION('',(0.,1.));
#11042 = ( GEOMETRIC_REPRESENTATION_CONTEXT(2) 
PARAMETRIC_REPRESENTATION_CONTEXT() REPRESENTATION_CONTEXT('2D SPACE',''
  ) );
#11043 = ORIENTED_EDGE('',*,*,#10905,.T.);
#11044 = ORIENTED_EDGE('',*,*,#11045,.T.);
#11045 = EDGE_CURVE('',#10908,#11046,#11048,.T.);
#11046 = VERTEX_POINT('',#11047);
#11047 = CARTESIAN_POINT('',(-697.,650.,3.));
#11048 = SURFACE_CURVE('',#11049,(#11053,#11060),.PCURVE_S1.);
#11049 = LINE('',#11050,#11051);
#11050 = CARTESIAN_POINT('',(-697.,229.,3.));
#11051 = VECTOR('',#11052,1.);
#11052 = DIRECTION('',(-0.,1.,0.));
#11053 = PCURVE('',#10928,#11054);
#11054 = DEFINITIONAL_REPRESENTATION('',(#11055),#11059);
#11055 = LINE('',#11056,#11057);
#11056 = CARTESIAN_POINT('',(0.,0.));
#11057 = VECTOR('',#11058,1.);
#11058 = DIRECTION('',(0.,-1.));
#11059 = ( GEOMETRIC_REPRESENTATION_CONTEXT(2) 
PARAMETRIC_REPRESENTATION_CONTEXT() REPRESENTATION_CONTEXT('2D SPACE',''
  ) );
#11060 = PCURVE('',#11007,#11061);
#11061 = DEFINITIONAL_REPRESENTATION('',(#11062),#11066);
#11062 = LINE('',#11063,#11064);
#11063 = CARTESIAN_POINT('',(0.,0.));
#11064 = VECTOR('',#11065,1.);
#11065 = DIRECTION('',(0.,1.));
#11066 = ( GEOMETRIC_REPRESENTATION_CONTEXT(2) 
PARAMETRIC_REPRESENTATION_CONTEXT() REPRESENTATION_CONTEXT('2D SPACE',''
  ) );
#11067 = ORIENTED_EDGE('',*,*,#11068,.F.);
#11068 = EDGE_CURVE('',#11022,#11046,#11069,.T.);
#11069 = SURFACE_CURVE('',#11070,(#11074,#11080),.PCURVE_S1.);
#11070 = LINE('',#11071,#11072);
#11071 = CARTESIAN_POINT('',(-697.,650.,1.5));
#11072 = VECTOR('',#11073,1.);
#11073 = DIRECTION('',(-0.,0.,-1.));
#11074 = PCURVE('',#10928,#11075);
#11075 = DEFINITIONAL_REPRESENTATION('',(#11076),#11079);
#11076 = B_SPLINE_CURVE_WITH_KNOTS('',1,(#11077,#11078),.UNSPECIFIED.,
  .F.,.F.,(2,2),(-35.5,-1.5),.PIECEWISE_BEZIER_KNOTS.);
#11077 = CARTESIAN_POINT('',(34.,-421.));
#11078 = CARTESIAN_POINT('',(0.,-421.));
#11079 = ( GEOMETRIC_REPRESENTATION_CONTEXT(2) 
PARAMETRIC_REPRESENTATION_CONTEXT() REPRESENTATION_CONTEXT('2D SPACE',''
  ) );
#11080 = PCURVE('',#11081,#11086);
#11081 = PLANE('',#11082);
#11082 = AXIS2_PLACEMENT_3D('',#11083,#11084,#11085);
#11083 = CARTESIAN_POINT('',(-700.,650.,0.));
#11084 = DIRECTION('',(-0.,1.,0.));
#11085 = DIRECTION('',(0.,0.,1.));
#11086 = DEFINITIONAL_REPRESENTATION('',(#11087),#11091);
#11087 = LINE('',#11088,#11089);
#11088 = CARTESIAN_POINT('',(1.5,3.));
#11089 = VECTOR('',#11090,1.);
#11090 = DIRECTION('',(-1.,0.));
#11091 = ( GEOMETRIC_REPRESENTATION_CONTEXT(2) 
PARAMETRIC_REPRESENTATION_CONTEXT() REPRESENTATION_CONTEXT('2D SPACE',''
  ) );
#11092 = ADVANCED_FACE('',(#11093),#11007,.F.);
#11093 = FACE_BOUND('',#11094,.F.);
#11094 = EDGE_LOOP('',(#11095,#11096,#11097,#11120));
#11095 = ORIENTED_EDGE('',*,*,#11045,.F.);
#11096 = ORIENTED_EDGE('',*,*,#10993,.T.);
#11097 = ORIENTED_EDGE('',*,*,#11098,.T.);
#11098 = EDGE_CURVE('',#10967,#11099,#11101,.T.);
#11099 = VERTEX_POINT('',#11100);
#11100 = CARTESIAN_POINT('',(-663.,650.,3.));
#11101 = SURFACE_CURVE('',#11102,(#11106,#11113),.PCURVE_S1.);
#11102 = LINE('',#11103,#11104);
#11103 = CARTESIAN_POINT('',(-663.,229.,3.));
#11104 = VECTOR('',#11105,1.);
#11105 = DIRECTION('',(-0.,1.,0.));
#11106 = PCURVE('',#11007,#11107);
#11107 = DEFINITIONAL_REPRESENTATION('',(#11108),#11112);
#11108 = LINE('',#11109,#11110);
#11109 = CARTESIAN_POINT('',(34.,0.));
#11110 = VECTOR('',#11111,1.);
#11111 = DIRECTION('',(0.,1.));
#11112 = ( GEOMETRIC_REPRESENTATION_CONTEXT(2) 
PARAMETRIC_REPRESENTATION_CONTEXT() REPRESENTATION_CONTEXT('2D SPACE',''
  ) );
#11113 = PCURVE('',#10982,#11114);
#11114 = DEFINITIONAL_REPRESENTATION('',(#11115),#11119);
#11115 = LINE('',#11116,#11117);
#11116 = CARTESIAN_POINT('',(0.,0.));
#11117 = VECTOR('',#11118,1.);
#11118 = DIRECTION('',(0.,-1.));
#11119 = ( GEOMETRIC_REPRESENTATION_CONTEXT(2) 
PARAMETRIC_REPRESENTATION_CONTEXT() REPRESENTATION_CONTEXT('2D SPACE',''
  ) );
#11120 = ORIENTED_EDGE('',*,*,#11121,.F.);
#11121 = EDGE_CURVE('',#11046,#11099,#11122,.T.);
#11122 = SURFACE_CURVE('',#11123,(#11127,#11133),.PCURVE_S1.);
#11123 = LINE('',#11124,#11125);
#11124 = CARTESIAN_POINT('',(-698.5,650.,3.));
#11125 = VECTOR('',#11126,1.);
#11126 = DIRECTION('',(1.,0.,-0.));
#11127 = PCURVE('',#11007,#11128);
#11128 = DEFINITIONAL_REPRESENTATION('',(#11129),#11132);
#11129 = B_SPLINE_CURVE_WITH_KNOTS('',1,(#11130,#11131),.UNSPECIFIED.,
  .F.,.F.,(2,2),(1.5,35.5),.PIECEWISE_BEZIER_KNOTS.);
#11130 = CARTESIAN_POINT('',(0.,421.));
#11131 = CARTESIAN_POINT('',(34.,421.));
#11132 = ( GEOMETRIC_REPRESENTATION_CONTEXT(2) 
PARAMETRIC_REPRESENTATION_CONTEXT() REPRESENTATION_CONTEXT('2D SPACE',''
  ) );
#11133 = PCURVE('',#11081,#11134);
#11134 = DEFINITIONAL_REPRESENTATION('',(#11135),#11139);
#11135 = LINE('',#11136,#11137);
#11136 = CARTESIAN_POINT('',(3.,1.5));
#11137 = VECTOR('',#11138,1.);
#11138 = DIRECTION('',(0.,1.));
#11139 = ( GEOMETRIC_REPRESENTATION_CONTEXT(2) 
PARAMETRIC_REPRESENTATION_CONTEXT() REPRESENTATION_CONTEXT('2D SPACE',''
  ) );
#11140 = ADVANCED_FACE('',(#11141),#10982,.T.);
#11141 = FACE_BOUND('',#11142,.T.);
#11142 = EDGE_LOOP('',(#11143,#11166,#11167,#11168));
#11143 = ORIENTED_EDGE('',*,*,#11144,.F.);
#11144 = EDGE_CURVE('',#10940,#11145,#11147,.T.);
#11145 = VERTEX_POINT('',#11146);
#11146 = CARTESIAN_POINT('',(-663.,650.,37.));
#11147 = SURFACE_CURVE('',#11148,(#11152,#11159),.PCURVE_S1.);
#11148 = LINE('',#11149,#11150);
#11149 = CARTESIAN_POINT('',(-663.,229.,37.));
#11150 = VECTOR('',#11151,1.);
#11151 = DIRECTION('',(-0.,1.,0.));
#11152 = PCURVE('',#10982,#11153);
#11153 = DEFINITIONAL_REPRESENTATION('',(#11154),#11158);
#11154 = LINE('',#11155,#11156);
#11155 = CARTESIAN_POINT('',(34.,0.));
#11156 = VECTOR('',#11157,1.);
#11157 = DIRECTION('',(0.,-1.));
#11158 = ( GEOMETRIC_REPRESENTATION_CONTEXT(2) 
PARAMETRIC_REPRESENTATION_CONTEXT() REPRESENTATION_CONTEXT('2D SPACE',''
  ) );
#11159 = PCURVE('',#10955,#11160);
#11160 = DEFINITIONAL_REPRESENTATION('',(#11161),#11165);
#11161 = LINE('',#11162,#11163);
#11162 = CARTESIAN_POINT('',(34.,0.));
#11163 = VECTOR('',#11164,1.);
#11164 = DIRECTION('',(0.,1.));
#11165 = ( GEOMETRIC_REPRESENTATION_CONTEXT(2) 
PARAMETRIC_REPRESENTATION_CONTEXT() REPRESENTATION_CONTEXT('2D SPACE',''
  ) );
#11166 = ORIENTED_EDGE('',*,*,#10966,.T.);
#11167 = ORIENTED_EDGE('',*,*,#11098,.T.);
#11168 = ORIENTED_EDGE('',*,*,#11169,.F.);
#11169 = EDGE_CURVE('',#11145,#11099,#11170,.T.);
#11170 = SURFACE_CURVE('',#11171,(#11175,#11181),.PCURVE_S1.);
#11171 = LINE('',#11172,#11173);
#11172 = CARTESIAN_POINT('',(-663.,650.,1.5));
#11173 = VECTOR('',#11174,1.);
#11174 = DIRECTION('',(-0.,0.,-1.));
#11175 = PCURVE('',#10982,#11176);
#11176 = DEFINITIONAL_REPRESENTATION('',(#11177),#11180);
#11177 = B_SPLINE_CURVE_WITH_KNOTS('',1,(#11178,#11179),.UNSPECIFIED.,
  .F.,.F.,(2,2),(-35.5,-1.5),.PIECEWISE_BEZIER_KNOTS.);
#11178 = CARTESIAN_POINT('',(34.,-421.));
#11179 = CARTESIAN_POINT('',(0.,-421.));
#11180 = ( GEOMETRIC_REPRESENTATION_CONTEXT(2) 
PARAMETRIC_REPRESENTATION_CONTEXT() REPRESENTATION_CONTEXT('2D SPACE',''
  ) );
#11181 = PCURVE('',#11081,#11182);
#11182 = DEFINITIONAL_REPRESENTATION('',(#11183),#11187);
#11183 = LINE('',#11184,#11185);
#11184 = CARTESIAN_POINT('',(1.5,37.));
#11185 = VECTOR('',#11186,1.);
#11186 = DIRECTION('',(-1.,0.));
#11187 = ( GEOMETRIC_REPRESENTATION_CONTEXT(2) 
PARAMETRIC_REPRESENTATION_CONTEXT() REPRESENTATION_CONTEXT('2D SPACE',''
  ) );
#11188 = ADVANCED_FACE('',(#11189),#10955,.T.);
#11189 = FACE_BOUND('',#11190,.T.);
#11190 = EDGE_LOOP('',(#11191,#11192,#11193,#11194));
#11191 = ORIENTED_EDGE('',*,*,#11021,.F.);
#11192 = ORIENTED_EDGE('',*,*,#10939,.T.);
#11193 = ORIENTED_EDGE('',*,*,#11144,.T.);
#11194 = ORIENTED_EDGE('',*,*,#11195,.F.);
#11195 = EDGE_CURVE('',#11022,#11145,#11196,.T.);
#11196 = SURFACE_CURVE('',#11197,(#11201,#11207),.PCURVE_S1.);
#11197 = LINE('',#11198,#11199);
#11198 = CARTESIAN_POINT('',(-698.5,650.,37.));
#11199 = VECTOR('',#11200,1.);
#11200 = DIRECTION('',(1.,0.,-0.));
#11201 = PCURVE('',#10955,#11202);
#11202 = DEFINITIONAL_REPRESENTATION('',(#11203),#11206);
#11203 = B_SPLINE_CURVE_WITH_KNOTS('',1,(#11204,#11205),.UNSPECIFIED.,
  .F.,.F.,(2,2),(1.5,35.5),.PIECEWISE_BEZIER_KNOTS.);
#11204 = CARTESIAN_POINT('',(0.,421.));
#11205 = CARTESIAN_POINT('',(34.,421.));
#11206 = ( GEOMETRIC_REPRESENTATION_CONTEXT(2) 
PARAMETRIC_REPRESENTATION_CONTEXT() REPRESENTATION_CONTEXT('2D SPACE',''
  ) );
#11207 = PCURVE('',#11081,#11208);
#11208 = DEFINITIONAL_REPRESENTATION('',(#11209),#11213);
#11209 = LINE('',#11210,#11211);
#11210 = CARTESIAN_POINT('',(37.,1.5));
#11211 = VECTOR('',#11212,1.);
#11212 = DIRECTION('',(0.,1.));
#11213 = ( GEOMETRIC_REPRESENTATION_CONTEXT(2) 
PARAMETRIC_REPRESENTATION_CONTEXT() REPRESENTATION_CONTEXT('2D SPACE',''
  ) );
#11214 = ADVANCED_FACE('',(#11215),#11081,.T.);
#11215 = FACE_BOUND('',#11216,.T.);
#11216 = EDGE_LOOP('',(#11217,#11218,#11219,#11220));
#11217 = ORIENTED_EDGE('',*,*,#11068,.F.);
#11218 = ORIENTED_EDGE('',*,*,#11195,.T.);
#11219 = ORIENTED_EDGE('',*,*,#11169,.T.);
#11220 = ORIENTED_EDGE('',*,*,#11121,.F.);
#11221 = ORIENTED_CLOSED_SHELL('',*,#11222,.F.);
#11222 = CLOSED_SHELL('',(#11223,#11339,#11414,#11462,#11510,#11536));
#11223 = ADVANCED_FACE('',(#11224),#11238,.T.);
#11224 = FACE_BOUND('',#11225,.T.);
#11225 = EDGE_LOOP('',(#11226,#11260,#11287,#11314));
#11226 = ORIENTED_EDGE('',*,*,#11227,.F.);
#11227 = EDGE_CURVE('',#11228,#11230,#11232,.T.);
#11228 = VERTEX_POINT('',#11229);
#11229 = CARTESIAN_POINT('',(-37.,650.,37.));
#11230 = VERTEX_POINT('',#11231);
#11231 = CARTESIAN_POINT('',(-37.,650.,3.));
#11232 = SURFACE_CURVE('',#11233,(#11237,#11249),.PCURVE_S1.);
#11233 = LINE('',#11234,#11235);
#11234 = CARTESIAN_POINT('',(-37.,650.,1.5));
#11235 = VECTOR('',#11236,1.);
#11236 = DIRECTION('',(-0.,0.,-1.));
#11237 = PCURVE('',#11238,#11243);
#11238 = PLANE('',#11239);
#11239 = AXIS2_PLACEMENT_3D('',#11240,#11241,#11242);
#11240 = CARTESIAN_POINT('',(-700.,650.,0.));
#11241 = DIRECTION('',(-0.,1.,0.));
#11242 = DIRECTION('',(0.,0.,1.));
#11243 = DEFINITIONAL_REPRESENTATION('',(#11244),#11248);
#11244 = LINE('',#11245,#11246);
#11245 = CARTESIAN_POINT('',(1.5,663.));
#11246 = VECTOR('',#11247,1.);
#11247 = DIRECTION('',(-1.,0.));
#11248 = ( GEOMETRIC_REPRESENTATION_CONTEXT(2) 
PARAMETRIC_REPRESENTATION_CONTEXT() REPRESENTATION_CONTEXT('2D SPACE',''
  ) );
#11249 = PCURVE('',#11250,#11255);
#11250 = PLANE('',#11251);
#11251 = AXIS2_PLACEMENT_3D('',#11252,#11253,#11254);
#11252 = CARTESIAN_POINT('',(-37.,229.,3.));
#11253 = DIRECTION('',(1.,0.,-0.));
#11254 = DIRECTION('',(0.,0.,1.));
#11255 = DEFINITIONAL_REPRESENTATION('',(#11256),#11259);
#11256 = B_SPLINE_CURVE_WITH_KNOTS('',1,(#11257,#11258),.UNSPECIFIED.,
  .F.,.F.,(2,2),(-35.5,-1.5),.PIECEWISE_BEZIER_KNOTS.);
#11257 = CARTESIAN_POINT('',(34.,-421.));
#11258 = CARTESIAN_POINT('',(0.,-421.));
#11259 = ( GEOMETRIC_REPRESENTATION_CONTEXT(2) 
PARAMETRIC_REPRESENTATION_CONTEXT() REPRESENTATION_CONTEXT('2D SPACE',''
  ) );
#11260 = ORIENTED_EDGE('',*,*,#11261,.T.);
#11261 = EDGE_CURVE('',#11228,#11262,#11264,.T.);
#11262 = VERTEX_POINT('',#11263);
#11263 = CARTESIAN_POINT('',(-3.,650.,37.));
#11264 = SURFACE_CURVE('',#11265,(#11269,#11276),.PCURVE_S1.);
#11265 = LINE('',#11266,#11267);
#11266 = CARTESIAN_POINT('',(-38.5,650.,37.));
#11267 = VECTOR('',#11268,1.);
#11268 = DIRECTION('',(1.,0.,-0.));
#11269 = PCURVE('',#11238,#11270);
#11270 = DEFINITIONAL_REPRESENTATION('',(#11271),#11275);
#11271 = LINE('',#11272,#11273);
#11272 = CARTESIAN_POINT('',(37.,661.5));
#11273 = VECTOR('',#11274,1.);
#11274 = DIRECTION('',(0.,1.));
#11275 = ( GEOMETRIC_REPRESENTATION_CONTEXT(2) 
PARAMETRIC_REPRESENTATION_CONTEXT() REPRESENTATION_CONTEXT('2D SPACE',''
  ) );
#11276 = PCURVE('',#11277,#11282);
#11277 = PLANE('',#11278);
#11278 = AXIS2_PLACEMENT_3D('',#11279,#11280,#11281);
#11279 = CARTESIAN_POINT('',(-37.,229.,37.));
#11280 = DIRECTION('',(0.,0.,1.));
#11281 = DIRECTION('',(1.,0.,-0.));
#11282 = DEFINITIONAL_REPRESENTATION('',(#11283),#11286);
#11283 = B_SPLINE_CURVE_WITH_KNOTS('',1,(#11284,#11285),.UNSPECIFIED.,
  .F.,.F.,(2,2),(1.5,35.5),.PIECEWISE_BEZIER_KNOTS.);
#11284 = CARTESIAN_POINT('',(0.,421.));
#11285 = CARTESIAN_POINT('',(34.,421.));
#11286 = ( GEOMETRIC_REPRESENTATION_CONTEXT(2) 
PARAMETRIC_REPRESENTATION_CONTEXT() REPRESENTATION_CONTEXT('2D SPACE',''
  ) );
#11287 = ORIENTED_EDGE('',*,*,#11288,.T.);
#11288 = EDGE_CURVE('',#11262,#11289,#11291,.T.);
#11289 = VERTEX_POINT('',#11290);
#11290 = CARTESIAN_POINT('',(-3.,650.,3.));
#11291 = SURFACE_CURVE('',#11292,(#11296,#11303),.PCURVE_S1.);
#11292 = LINE('',#11293,#11294);
#11293 = CARTESIAN_POINT('',(-3.,650.,1.5));
#11294 = VECTOR('',#11295,1.);
#11295 = DIRECTION('',(-0.,0.,-1.));
#11296 = PCURVE('',#11238,#11297);
#11297 = DEFINITIONAL_REPRESENTATION('',(#11298),#11302);
#11298 = LINE('',#11299,#11300);
#11299 = CARTESIAN_POINT('',(1.5,697.));
#11300 = VECTOR('',#11301,1.);
#11301 = DIRECTION('',(-1.,0.));
#11302 = ( GEOMETRIC_REPRESENTATION_CONTEXT(2) 
PARAMETRIC_REPRESENTATION_CONTEXT() REPRESENTATION_CONTEXT('2D SPACE',''
  ) );
#11303 = PCURVE('',#11304,#11309);
#11304 = PLANE('',#11305);
#11305 = AXIS2_PLACEMENT_3D('',#11306,#11307,#11308);
#11306 = CARTESIAN_POINT('',(-3.,229.,3.));
#11307 = DIRECTION('',(1.,0.,-0.));
#11308 = DIRECTION('',(0.,0.,1.));
#11309 = DEFINITIONAL_REPRESENTATION('',(#11310),#11313);
#11310 = B_SPLINE_CURVE_WITH_KNOTS('',1,(#11311,#11312),.UNSPECIFIED.,
  .F.,.F.,(2,2),(-35.5,-1.5),.PIECEWISE_BEZIER_KNOTS.);
#11311 = CARTESIAN_POINT('',(34.,-421.));
#11312 = CARTESIAN_POINT('',(0.,-421.));
#11313 = ( GEOMETRIC_REPRESENTATION_CONTEXT(2) 
PARAMETRIC_REPRESENTATION_CONTEXT() REPRESENTATION_CONTEXT('2D SPACE',''
  ) );
#11314 = ORIENTED_EDGE('',*,*,#11315,.F.);
#11315 = EDGE_CURVE('',#11230,#11289,#11316,.T.);
#11316 = SURFACE_CURVE('',#11317,(#11321,#11328),.PCURVE_S1.);
#11317 = LINE('',#11318,#11319);
#11318 = CARTESIAN_POINT('',(-38.5,650.,3.));
#11319 = VECTOR('',#11320,1.);
#11320 = DIRECTION('',(1.,0.,-0.));
#11321 = PCURVE('',#11238,#11322);
#11322 = DEFINITIONAL_REPRESENTATION('',(#11323),#11327);
#11323 = LINE('',#11324,#11325);
#11324 = CARTESIAN_POINT('',(3.,661.5));
#11325 = VECTOR('',#11326,1.);
#11326 = DIRECTION('',(0.,1.));
#11327 = ( GEOMETRIC_REPRESENTATION_CONTEXT(2) 
PARAMETRIC_REPRESENTATION_CONTEXT() REPRESENTATION_CONTEXT('2D SPACE',''
  ) );
#11328 = PCURVE('',#11329,#11334);
#11329 = PLANE('',#11330);
#11330 = AXIS2_PLACEMENT_3D('',#11331,#11332,#11333);
#11331 = CARTESIAN_POINT('',(-37.,229.,3.));
#11332 = DIRECTION('',(0.,0.,1.));
#11333 = DIRECTION('',(1.,0.,-0.));
#11334 = DEFINITIONAL_REPRESENTATION('',(#11335),#11338);
#11335 = B_SPLINE_CURVE_WITH_KNOTS('',1,(#11336,#11337),.UNSPECIFIED.,
  .F.,.F.,(2,2),(1.5,35.5),.PIECEWISE_BEZIER_KNOTS.);
#11336 = CARTESIAN_POINT('',(0.,421.));
#11337 = CARTESIAN_POINT('',(34.,421.));
#11338 = ( GEOMETRIC_REPRESENTATION_CONTEXT(2) 
PARAMETRIC_REPRESENTATION_CONTEXT() REPRESENTATION_CONTEXT('2D SPACE',''
  ) );
#11339 = ADVANCED_FACE('',(#11340),#11250,.F.);
#11340 = FACE_BOUND('',#11341,.F.);
#11341 = EDGE_LOOP('',(#11342,#11365,#11392,#11413));
#11342 = ORIENTED_EDGE('',*,*,#11343,.F.);
#11343 = EDGE_CURVE('',#11344,#11228,#11346,.T.);
#11344 = VERTEX_POINT('',#11345);
#11345 = CARTESIAN_POINT('',(-37.,230.,37.));
#11346 = SURFACE_CURVE('',#11347,(#11351,#11358),.PCURVE_S1.);
#11347 = LINE('',#11348,#11349);
#11348 = CARTESIAN_POINT('',(-37.,229.,37.));
#11349 = VECTOR('',#11350,1.);
#11350 = DIRECTION('',(-0.,1.,0.));
#11351 = PCURVE('',#11250,#11352);
#11352 = DEFINITIONAL_REPRESENTATION('',(#11353),#11357);
#11353 = LINE('',#11354,#11355);
#11354 = CARTESIAN_POINT('',(34.,0.));
#11355 = VECTOR('',#11356,1.);
#11356 = DIRECTION('',(0.,-1.));
#11357 = ( GEOMETRIC_REPRESENTATION_CONTEXT(2) 
PARAMETRIC_REPRESENTATION_CONTEXT() REPRESENTATION_CONTEXT('2D SPACE',''
  ) );
#11358 = PCURVE('',#11277,#11359);
#11359 = DEFINITIONAL_REPRESENTATION('',(#11360),#11364);
#11360 = LINE('',#11361,#11362);
#11361 = CARTESIAN_POINT('',(0.,0.));
#11362 = VECTOR('',#11363,1.);
#11363 = DIRECTION('',(0.,1.));
#11364 = ( GEOMETRIC_REPRESENTATION_CONTEXT(2) 
PARAMETRIC_REPRESENTATION_CONTEXT() REPRESENTATION_CONTEXT('2D SPACE',''
  ) );
#11365 = ORIENTED_EDGE('',*,*,#11366,.T.);
#11366 = EDGE_CURVE('',#11344,#11367,#11369,.T.);
#11367 = VERTEX_POINT('',#11368);
#11368 = CARTESIAN_POINT('',(-37.,230.,3.));
#11369 = SURFACE_CURVE('',#11370,(#11374,#11380),.PCURVE_S1.);
#11370 = LINE('',#11371,#11372);
#11371 = CARTESIAN_POINT('',(-37.,230.,1.5));
#11372 = VECTOR('',#11373,1.);
#11373 = DIRECTION('',(-0.,0.,-1.));
#11374 = PCURVE('',#11250,#11375);
#11375 = DEFINITIONAL_REPRESENTATION('',(#11376),#11379);
#11376 = B_SPLINE_CURVE_WITH_KNOTS('',1,(#11377,#11378),.UNSPECIFIED.,
  .F.,.F.,(2,2),(-35.5,-1.5),.PIECEWISE_BEZIER_KNOTS.);
#11377 = CARTESIAN_POINT('',(34.,-1.));
#11378 = CARTESIAN_POINT('',(0.,-1.));
#11379 = ( GEOMETRIC_REPRESENTATION_CONTEXT(2) 
PARAMETRIC_REPRESENTATION_CONTEXT() REPRESENTATION_CONTEXT('2D SPACE',''
  ) );
#11380 = PCURVE('',#11381,#11386);
#11381 = PLANE('',#11382);
#11382 = AXIS2_PLACEMENT_3D('',#11383,#11384,#11385);
#11383 = CARTESIAN_POINT('',(-700.,230.,0.));
#11384 = DIRECTION('',(-0.,1.,0.));
#11385 = DIRECTION('',(0.,0.,1.));
#11386 = DEFINITIONAL_REPRESENTATION('',(#11387),#11391);
#11387 = LINE('',#11388,#11389);
#11388 = CARTESIAN_POINT('',(1.5,663.));
#11389 = VECTOR('',#11390,1.);
#11390 = DIRECTION('',(-1.,0.));
#11391 = ( GEOMETRIC_REPRESENTATION_CONTEXT(2) 
PARAMETRIC_REPRESENTATION_CONTEXT() REPRESENTATION_CONTEXT('2D SPACE',''
  ) );
#11392 = ORIENTED_EDGE('',*,*,#11393,.T.);
#11393 = EDGE_CURVE('',#11367,#11230,#11394,.T.);
#11394 = SURFACE_CURVE('',#11395,(#11399,#11406),.PCURVE_S1.);
#11395 = LINE('',#11396,#11397);
#11396 = CARTESIAN_POINT('',(-37.,229.,3.));
#11397 = VECTOR('',#11398,1.);
#11398 = DIRECTION('',(-0.,1.,0.));
#11399 = PCURVE('',#11250,#11400);
#11400 = DEFINITIONAL_REPRESENTATION('',(#11401),#11405);
#11401 = LINE('',#11402,#11403);
#11402 = CARTESIAN_POINT('',(0.,0.));
#11403 = VECTOR('',#11404,1.);
#11404 = DIRECTION('',(0.,-1.));
#11405 = ( GEOMETRIC_REPRESENTATION_CONTEXT(2) 
PARAMETRIC_REPRESENTATION_CONTEXT() REPRESENTATION_CONTEXT('2D SPACE',''
  ) );
#11406 = PCURVE('',#11329,#11407);
#11407 = DEFINITIONAL_REPRESENTATION('',(#11408),#11412);
#11408 = LINE('',#11409,#11410);
#11409 = CARTESIAN_POINT('',(0.,0.));
#11410 = VECTOR('',#11411,1.);
#11411 = DIRECTION('',(0.,1.));
#11412 = ( GEOMETRIC_REPRESENTATION_CONTEXT(2) 
PARAMETRIC_REPRESENTATION_CONTEXT() REPRESENTATION_CONTEXT('2D SPACE',''
  ) );
#11413 = ORIENTED_EDGE('',*,*,#11227,.F.);
#11414 = ADVANCED_FACE('',(#11415),#11329,.F.);
#11415 = FACE_BOUND('',#11416,.F.);
#11416 = EDGE_LOOP('',(#11417,#11418,#11440,#11461));
#11417 = ORIENTED_EDGE('',*,*,#11393,.F.);
#11418 = ORIENTED_EDGE('',*,*,#11419,.T.);
#11419 = EDGE_CURVE('',#11367,#11420,#11422,.T.);
#11420 = VERTEX_POINT('',#11421);
#11421 = CARTESIAN_POINT('',(-3.,230.,3.));
#11422 = SURFACE_CURVE('',#11423,(#11427,#11433),.PCURVE_S1.);
#11423 = LINE('',#11424,#11425);
#11424 = CARTESIAN_POINT('',(-38.5,230.,3.));
#11425 = VECTOR('',#11426,1.);
#11426 = DIRECTION('',(1.,0.,-0.));
#11427 = PCURVE('',#11329,#11428);
#11428 = DEFINITIONAL_REPRESENTATION('',(#11429),#11432);
#11429 = B_SPLINE_CURVE_WITH_KNOTS('',1,(#11430,#11431),.UNSPECIFIED.,
  .F.,.F.,(2,2),(1.5,35.5),.PIECEWISE_BEZIER_KNOTS.);
#11430 = CARTESIAN_POINT('',(0.,1.));
#11431 = CARTESIAN_POINT('',(34.,1.));
#11432 = ( GEOMETRIC_REPRESENTATION_CONTEXT(2) 
PARAMETRIC_REPRESENTATION_CONTEXT() REPRESENTATION_CONTEXT('2D SPACE',''
  ) );
#11433 = PCURVE('',#11381,#11434);
#11434 = DEFINITIONAL_REPRESENTATION('',(#11435),#11439);
#11435 = LINE('',#11436,#11437);
#11436 = CARTESIAN_POINT('',(3.,661.5));
#11437 = VECTOR('',#11438,1.);
#11438 = DIRECTION('',(0.,1.));
#11439 = ( GEOMETRIC_REPRESENTATION_CONTEXT(2) 
PARAMETRIC_REPRESENTATION_CONTEXT() REPRESENTATION_CONTEXT('2D SPACE',''
  ) );
#11440 = ORIENTED_EDGE('',*,*,#11441,.T.);
#11441 = EDGE_CURVE('',#11420,#11289,#11442,.T.);
#11442 = SURFACE_CURVE('',#11443,(#11447,#11454),.PCURVE_S1.);
#11443 = LINE('',#11444,#11445);
#11444 = CARTESIAN_POINT('',(-3.,229.,3.));
#11445 = VECTOR('',#11446,1.);
#11446 = DIRECTION('',(-0.,1.,0.));
#11447 = PCURVE('',#11329,#11448);
#11448 = DEFINITIONAL_REPRESENTATION('',(#11449),#11453);
#11449 = LINE('',#11450,#11451);
#11450 = CARTESIAN_POINT('',(34.,0.));
#11451 = VECTOR('',#11452,1.);
#11452 = DIRECTION('',(0.,1.));
#11453 = ( GEOMETRIC_REPRESENTATION_CONTEXT(2) 
PARAMETRIC_REPRESENTATION_CONTEXT() REPRESENTATION_CONTEXT('2D SPACE',''
  ) );
#11454 = PCURVE('',#11304,#11455);
#11455 = DEFINITIONAL_REPRESENTATION('',(#11456),#11460);
#11456 = LINE('',#11457,#11458);
#11457 = CARTESIAN_POINT('',(0.,0.));
#11458 = VECTOR('',#11459,1.);
#11459 = DIRECTION('',(0.,-1.));
#11460 = ( GEOMETRIC_REPRESENTATION_CONTEXT(2) 
PARAMETRIC_REPRESENTATION_CONTEXT() REPRESENTATION_CONTEXT('2D SPACE',''
  ) );
#11461 = ORIENTED_EDGE('',*,*,#11315,.F.);
#11462 = ADVANCED_FACE('',(#11463),#11304,.T.);
#11463 = FACE_BOUND('',#11464,.T.);
#11464 = EDGE_LOOP('',(#11465,#11488,#11508,#11509));
#11465 = ORIENTED_EDGE('',*,*,#11466,.F.);
#11466 = EDGE_CURVE('',#11467,#11262,#11469,.T.);
#11467 = VERTEX_POINT('',#11468);
#11468 = CARTESIAN_POINT('',(-3.,230.,37.));
#11469 = SURFACE_CURVE('',#11470,(#11474,#11481),.PCURVE_S1.);
#11470 = LINE('',#11471,#11472);
#11471 = CARTESIAN_POINT('',(-3.,229.,37.));
#11472 = VECTOR('',#11473,1.);
#11473 = DIRECTION('',(-0.,1.,0.));
#11474 = PCURVE('',#11304,#11475);
#11475 = DEFINITIONAL_REPRESENTATION('',(#11476),#11480);
#11476 = LINE('',#11477,#11478);
#11477 = CARTESIAN_POINT('',(34.,0.));
#11478 = VECTOR('',#11479,1.);
#11479 = DIRECTION('',(0.,-1.));
#11480 = ( GEOMETRIC_REPRESENTATION_CONTEXT(2) 
PARAMETRIC_REPRESENTATION_CONTEXT() REPRESENTATION_CONTEXT('2D SPACE',''
  ) );
#11481 = PCURVE('',#11277,#11482);
#11482 = DEFINITIONAL_REPRESENTATION('',(#11483),#11487);
#11483 = LINE('',#11484,#11485);
#11484 = CARTESIAN_POINT('',(34.,0.));
#11485 = VECTOR('',#11486,1.);
#11486 = DIRECTION('',(0.,1.));
#11487 = ( GEOMETRIC_REPRESENTATION_CONTEXT(2) 
PARAMETRIC_REPRESENTATION_CONTEXT() REPRESENTATION_CONTEXT('2D SPACE',''
  ) );
#11488 = ORIENTED_EDGE('',*,*,#11489,.T.);
#11489 = EDGE_CURVE('',#11467,#11420,#11490,.T.);
#11490 = SURFACE_CURVE('',#11491,(#11495,#11501),.PCURVE_S1.);
#11491 = LINE('',#11492,#11493);
#11492 = CARTESIAN_POINT('',(-3.,230.,1.5));
#11493 = VECTOR('',#11494,1.);
#11494 = DIRECTION('',(-0.,0.,-1.));
#11495 = PCURVE('',#11304,#11496);
#11496 = DEFINITIONAL_REPRESENTATION('',(#11497),#11500);
#11497 = B_SPLINE_CURVE_WITH_KNOTS('',1,(#11498,#11499),.UNSPECIFIED.,
  .F.,.F.,(2,2),(-35.5,-1.5),.PIECEWISE_BEZIER_KNOTS.);
#11498 = CARTESIAN_POINT('',(34.,-1.));
#11499 = CARTESIAN_POINT('',(0.,-1.));
#11500 = ( GEOMETRIC_REPRESENTATION_CONTEXT(2) 
PARAMETRIC_REPRESENTATION_CONTEXT() REPRESENTATION_CONTEXT('2D SPACE',''
  ) );
#11501 = PCURVE('',#11381,#11502);
#11502 = DEFINITIONAL_REPRESENTATION('',(#11503),#11507);
#11503 = LINE('',#11504,#11505);
#11504 = CARTESIAN_POINT('',(1.5,697.));
#11505 = VECTOR('',#11506,1.);
#11506 = DIRECTION('',(-1.,0.));
#11507 = ( GEOMETRIC_REPRESENTATION_CONTEXT(2) 
PARAMETRIC_REPRESENTATION_CONTEXT() REPRESENTATION_CONTEXT('2D SPACE',''
  ) );
#11508 = ORIENTED_EDGE('',*,*,#11441,.T.);
#11509 = ORIENTED_EDGE('',*,*,#11288,.F.);
#11510 = ADVANCED_FACE('',(#11511),#11277,.T.);
#11511 = FACE_BOUND('',#11512,.T.);
#11512 = EDGE_LOOP('',(#11513,#11514,#11534,#11535));
#11513 = ORIENTED_EDGE('',*,*,#11343,.F.);
#11514 = ORIENTED_EDGE('',*,*,#11515,.T.);
#11515 = EDGE_CURVE('',#11344,#11467,#11516,.T.);
#11516 = SURFACE_CURVE('',#11517,(#11521,#11527),.PCURVE_S1.);
#11517 = LINE('',#11518,#11519);
#11518 = CARTESIAN_POINT('',(-38.5,230.,37.));
#11519 = VECTOR('',#11520,1.);
#11520 = DIRECTION('',(1.,0.,-0.));
#11521 = PCURVE('',#11277,#11522);
#11522 = DEFINITIONAL_REPRESENTATION('',(#11523),#11526);
#11523 = B_SPLINE_CURVE_WITH_KNOTS('',1,(#11524,#11525),.UNSPECIFIED.,
  .F.,.F.,(2,2),(1.5,35.5),.PIECEWISE_BEZIER_KNOTS.);
#11524 = CARTESIAN_POINT('',(0.,1.));
#11525 = CARTESIAN_POINT('',(34.,1.));
#11526 = ( GEOMETRIC_REPRESENTATION_CONTEXT(2) 
PARAMETRIC_REPRESENTATION_CONTEXT() REPRESENTATION_CONTEXT('2D SPACE',''
  ) );
#11527 = PCURVE('',#11381,#11528);
#11528 = DEFINITIONAL_REPRESENTATION('',(#11529),#11533);
#11529 = LINE('',#11530,#11531);
#11530 = CARTESIAN_POINT('',(37.,661.5));
#11531 = VECTOR('',#11532,1.);
#11532 = DIRECTION('',(0.,1.));
#11533 = ( GEOMETRIC_REPRESENTATION_CONTEXT(2) 
PARAMETRIC_REPRESENTATION_CONTEXT() REPRESENTATION_CONTEXT('2D SPACE',''
  ) );
#11534 = ORIENTED_EDGE('',*,*,#11466,.T.);
#11535 = ORIENTED_EDGE('',*,*,#11261,.F.);
#11536 = ADVANCED_FACE('',(#11537),#11381,.F.);
#11537 = FACE_BOUND('',#11538,.F.);
#11538 = EDGE_LOOP('',(#11539,#11540,#11541,#11542));
#11539 = ORIENTED_EDGE('',*,*,#11366,.F.);
#11540 = ORIENTED_EDGE('',*,*,#11515,.T.);
#11541 = ORIENTED_EDGE('',*,*,#11489,.T.);
#11542 = ORIENTED_EDGE('',*,*,#11419,.F.);
#11543 = ORIENTED_CLOSED_SHELL('',*,#11544,.F.);
#11544 = CLOSED_SHELL('',(#11545,#11661,#11736,#11784,#11832,#11858));
#11545 = ADVANCED_FACE('',(#11546),#11560,.T.);
#11546 = FACE_BOUND('',#11547,.T.);
#11547 = EDGE_LOOP('',(#11548,#11582,#11609,#11636));
#11548 = ORIENTED_EDGE('',*,*,#11549,.F.);
#11549 = EDGE_CURVE('',#11550,#11552,#11554,.T.);
#11550 = VERTEX_POINT('',#11551);
#11551 = CARTESIAN_POINT('',(-663.,193.,520.));
#11552 = VERTEX_POINT('',#11553);
#11553 = CARTESIAN_POINT('',(-697.,193.,520.));
#11554 = SURFACE_CURVE('',#11555,(#11559,#11571),.PCURVE_S1.);
#11555 = LINE('',#11556,#11557);
#11556 = CARTESIAN_POINT('',(-698.5,193.,520.));
#11557 = VECTOR('',#11558,1.);
#11558 = DIRECTION('',(-1.,-0.,0.));
#11559 = PCURVE('',#11560,#11565);
#11560 = PLANE('',#11561);
#11561 = AXIS2_PLACEMENT_3D('',#11562,#11563,#11564);
#11562 = CARTESIAN_POINT('',(-700.,190.,520.));
#11563 = DIRECTION('',(0.,0.,1.));
#11564 = DIRECTION('',(1.,0.,-0.));
#11565 = DEFINITIONAL_REPRESENTATION('',(#11566),#11570);
#11566 = LINE('',#11567,#11568);
#11567 = CARTESIAN_POINT('',(1.5,3.));
#11568 = VECTOR('',#11569,1.);
#11569 = DIRECTION('',(-1.,0.));
#11570 = ( GEOMETRIC_REPRESENTATION_CONTEXT(2) 
PARAMETRIC_REPRESENTATION_CONTEXT() REPRESENTATION_CONTEXT('2D SPACE',''
  ) );
#11571 = PCURVE('',#11572,#11577);
#11572 = PLANE('',#11573);
#11573 = AXIS2_PLACEMENT_3D('',#11574,#11575,#11576);
#11574 = CARTESIAN_POINT('',(-697.,193.,39.));
#11575 = DIRECTION('',(-0.,1.,0.));
#11576 = DIRECTION('',(0.,0.,1.));
#11577 = DEFINITIONAL_REPRESENTATION('',(#11578),#11581);
#11578 = B_SPLINE_CURVE_WITH_KNOTS('',1,(#11579,#11580),.UNSPECIFIED.,
  .F.,.F.,(2,2),(-35.5,-1.5),.PIECEWISE_BEZIER_KNOTS.);
#11579 = CARTESIAN_POINT('',(481.,34.));
#11580 = CARTESIAN_POINT('',(481.,0.));
#11581 = ( GEOMETRIC_REPRESENTATION_CONTEXT(2) 
PARAMETRIC_REPRESENTATION_CONTEXT() REPRESENTATION_CONTEXT('2D SPACE',''
  ) );
#11582 = ORIENTED_EDGE('',*,*,#11583,.T.);
#11583 = EDGE_CURVE('',#11550,#11584,#11586,.T.);
#11584 = VERTEX_POINT('',#11585);
#11585 = CARTESIAN_POINT('',(-663.,227.,520.));
#11586 = SURFACE_CURVE('',#11587,(#11591,#11598),.PCURVE_S1.);
#11587 = LINE('',#11588,#11589);
#11588 = CARTESIAN_POINT('',(-663.,191.5,520.));
#11589 = VECTOR('',#11590,1.);
#11590 = DIRECTION('',(-0.,1.,0.));
#11591 = PCURVE('',#11560,#11592);
#11592 = DEFINITIONAL_REPRESENTATION('',(#11593),#11597);
#11593 = LINE('',#11594,#11595);
#11594 = CARTESIAN_POINT('',(37.,1.5));
#11595 = VECTOR('',#11596,1.);
#11596 = DIRECTION('',(0.,1.));
#11597 = ( GEOMETRIC_REPRESENTATION_CONTEXT(2) 
PARAMETRIC_REPRESENTATION_CONTEXT() REPRESENTATION_CONTEXT('2D SPACE',''
  ) );
#11598 = PCURVE('',#11599,#11604);
#11599 = PLANE('',#11600);
#11600 = AXIS2_PLACEMENT_3D('',#11601,#11602,#11603);
#11601 = CARTESIAN_POINT('',(-663.,193.,39.));
#11602 = DIRECTION('',(1.,0.,-0.));
#11603 = DIRECTION('',(0.,0.,1.));
#11604 = DEFINITIONAL_REPRESENTATION('',(#11605),#11608);
#11605 = B_SPLINE_CURVE_WITH_KNOTS('',1,(#11606,#11607),.UNSPECIFIED.,
  .F.,.F.,(2,2),(1.5,35.5),.PIECEWISE_BEZIER_KNOTS.);
#11606 = CARTESIAN_POINT('',(481.,0.));
#11607 = CARTESIAN_POINT('',(481.,-34.));
#11608 = ( GEOMETRIC_REPRESENTATION_CONTEXT(2) 
PARAMETRIC_REPRESENTATION_CONTEXT() REPRESENTATION_CONTEXT('2D SPACE',''
  ) );
#11609 = ORIENTED_EDGE('',*,*,#11610,.T.);
#11610 = EDGE_CURVE('',#11584,#11611,#11613,.T.);
#11611 = VERTEX_POINT('',#11612);
#11612 = CARTESIAN_POINT('',(-697.,227.,520.));
#11613 = SURFACE_CURVE('',#11614,(#11618,#11625),.PCURVE_S1.);
#11614 = LINE('',#11615,#11616);
#11615 = CARTESIAN_POINT('',(-698.5,227.,520.));
#11616 = VECTOR('',#11617,1.);
#11617 = DIRECTION('',(-1.,-0.,0.));
#11618 = PCURVE('',#11560,#11619);
#11619 = DEFINITIONAL_REPRESENTATION('',(#11620),#11624);
#11620 = LINE('',#11621,#11622);
#11621 = CARTESIAN_POINT('',(1.5,37.));
#11622 = VECTOR('',#11623,1.);
#11623 = DIRECTION('',(-1.,0.));
#11624 = ( GEOMETRIC_REPRESENTATION_CONTEXT(2) 
PARAMETRIC_REPRESENTATION_CONTEXT() REPRESENTATION_CONTEXT('2D SPACE',''
  ) );
#11625 = PCURVE('',#11626,#11631);
#11626 = PLANE('',#11627);
#11627 = AXIS2_PLACEMENT_3D('',#11628,#11629,#11630);
#11628 = CARTESIAN_POINT('',(-697.,227.,39.));
#11629 = DIRECTION('',(-0.,1.,0.));
#11630 = DIRECTION('',(0.,0.,1.));
#11631 = DEFINITIONAL_REPRESENTATION('',(#11632),#11635);
#11632 = B_SPLINE_CURVE_WITH_KNOTS('',1,(#11633,#11634),.UNSPECIFIED.,
  .F.,.F.,(2,2),(-35.5,-1.5),.PIECEWISE_BEZIER_KNOTS.);
#11633 = CARTESIAN_POINT('',(481.,34.));
#11634 = CARTESIAN_POINT('',(481.,0.));
#11635 = ( GEOMETRIC_REPRESENTATION_CONTEXT(2) 
PARAMETRIC_REPRESENTATION_CONTEXT() REPRESENTATION_CONTEXT('2D SPACE',''
  ) );
#11636 = ORIENTED_EDGE('',*,*,#11637,.F.);
#11637 = EDGE_CURVE('',#11552,#11611,#11638,.T.);
#11638 = SURFACE_CURVE('',#11639,(#11643,#11650),.PCURVE_S1.);
#11639 = LINE('',#11640,#11641);
#11640 = CARTESIAN_POINT('',(-697.,191.5,520.));
#11641 = VECTOR('',#11642,1.);
#11642 = DIRECTION('',(-0.,1.,0.));
#11643 = PCURVE('',#11560,#11644);
#11644 = DEFINITIONAL_REPRESENTATION('',(#11645),#11649);
#11645 = LINE('',#11646,#11647);
#11646 = CARTESIAN_POINT('',(3.,1.5));
#11647 = VECTOR('',#11648,1.);
#11648 = DIRECTION('',(0.,1.));
#11649 = ( GEOMETRIC_REPRESENTATION_CONTEXT(2) 
PARAMETRIC_REPRESENTATION_CONTEXT() REPRESENTATION_CONTEXT('2D SPACE',''
  ) );
#11650 = PCURVE('',#11651,#11656);
#11651 = PLANE('',#11652);
#11652 = AXIS2_PLACEMENT_3D('',#11653,#11654,#11655);
#11653 = CARTESIAN_POINT('',(-697.,193.,39.));
#11654 = DIRECTION('',(1.,0.,-0.));
#11655 = DIRECTION('',(0.,0.,1.));
#11656 = DEFINITIONAL_REPRESENTATION('',(#11657),#11660);
#11657 = B_SPLINE_CURVE_WITH_KNOTS('',1,(#11658,#11659),.UNSPECIFIED.,
  .F.,.F.,(2,2),(1.5,35.5),.PIECEWISE_BEZIER_KNOTS.);
#11658 = CARTESIAN_POINT('',(481.,0.));
#11659 = CARTESIAN_POINT('',(481.,-34.));
#11660 = ( GEOMETRIC_REPRESENTATION_CONTEXT(2) 
PARAMETRIC_REPRESENTATION_CONTEXT() REPRESENTATION_CONTEXT('2D SPACE',''
  ) );
#11661 = ADVANCED_FACE('',(#11662),#11572,.F.);
#11662 = FACE_BOUND('',#11663,.F.);
#11663 = EDGE_LOOP('',(#11664,#11687,#11714,#11735));
#11664 = ORIENTED_EDGE('',*,*,#11665,.F.);
#11665 = EDGE_CURVE('',#11666,#11550,#11668,.T.);
#11666 = VERTEX_POINT('',#11667);
#11667 = CARTESIAN_POINT('',(-663.,193.,40.));
#11668 = SURFACE_CURVE('',#11669,(#11673,#11680),.PCURVE_S1.);
#11669 = LINE('',#11670,#11671);
#11670 = CARTESIAN_POINT('',(-663.,193.,39.));
#11671 = VECTOR('',#11672,1.);
#11672 = DIRECTION('',(0.,0.,1.));
#11673 = PCURVE('',#11572,#11674);
#11674 = DEFINITIONAL_REPRESENTATION('',(#11675),#11679);
#11675 = LINE('',#11676,#11677);
#11676 = CARTESIAN_POINT('',(0.,34.));
#11677 = VECTOR('',#11678,1.);
#11678 = DIRECTION('',(1.,0.));
#11679 = ( GEOMETRIC_REPRESENTATION_CONTEXT(2) 
PARAMETRIC_REPRESENTATION_CONTEXT() REPRESENTATION_CONTEXT('2D SPACE',''
  ) );
#11680 = PCURVE('',#11599,#11681);
#11681 = DEFINITIONAL_REPRESENTATION('',(#11682),#11686);
#11682 = LINE('',#11683,#11684);
#11683 = CARTESIAN_POINT('',(0.,0.));
#11684 = VECTOR('',#11685,1.);
#11685 = DIRECTION('',(1.,0.));
#11686 = ( GEOMETRIC_REPRESENTATION_CONTEXT(2) 
PARAMETRIC_REPRESENTATION_CONTEXT() REPRESENTATION_CONTEXT('2D SPACE',''
  ) );
#11687 = ORIENTED_EDGE('',*,*,#11688,.T.);
#11688 = EDGE_CURVE('',#11666,#11689,#11691,.T.);
#11689 = VERTEX_POINT('',#11690);
#11690 = CARTESIAN_POINT('',(-697.,193.,40.));
#11691 = SURFACE_CURVE('',#11692,(#11696,#11702),.PCURVE_S1.);
#11692 = LINE('',#11693,#11694);
#11693 = CARTESIAN_POINT('',(-698.5,193.,40.));
#11694 = VECTOR('',#11695,1.);
#11695 = DIRECTION('',(-1.,-0.,0.));
#11696 = PCURVE('',#11572,#11697);
#11697 = DEFINITIONAL_REPRESENTATION('',(#11698),#11701);
#11698 = B_SPLINE_CURVE_WITH_KNOTS('',1,(#11699,#11700),.UNSPECIFIED.,
  .F.,.F.,(2,2),(-35.5,-1.5),.PIECEWISE_BEZIER_KNOTS.);
#11699 = CARTESIAN_POINT('',(1.,34.));
#11700 = CARTESIAN_POINT('',(1.,0.));
#11701 = ( GEOMETRIC_REPRESENTATION_CONTEXT(2) 
PARAMETRIC_REPRESENTATION_CONTEXT() REPRESENTATION_CONTEXT('2D SPACE',''
  ) );
#11702 = PCURVE('',#11703,#11708);
#11703 = PLANE('',#11704);
#11704 = AXIS2_PLACEMENT_3D('',#11705,#11706,#11707);
#11705 = CARTESIAN_POINT('',(-700.,190.,40.));
#11706 = DIRECTION('',(0.,0.,1.));
#11707 = DIRECTION('',(1.,0.,-0.));
#11708 = DEFINITIONAL_REPRESENTATION('',(#11709),#11713);
#11709 = LINE('',#11710,#11711);
#11710 = CARTESIAN_POINT('',(1.5,3.));
#11711 = VECTOR('',#11712,1.);
#11712 = DIRECTION('',(-1.,0.));
#11713 = ( GEOMETRIC_REPRESENTATION_CONTEXT(2) 
PARAMETRIC_REPRESENTATION_CONTEXT() REPRESENTATION_CONTEXT('2D SPACE',''
  ) );
#11714 = ORIENTED_EDGE('',*,*,#11715,.T.);
#11715 = EDGE_CURVE('',#11689,#11552,#11716,.T.);
#11716 = SURFACE_CURVE('',#11717,(#11721,#11728),.PCURVE_S1.);
#11717 = LINE('',#11718,#11719);
#11718 = CARTESIAN_POINT('',(-697.,193.,39.));
#11719 = VECTOR('',#11720,1.);
#11720 = DIRECTION('',(0.,0.,1.));
#11721 = PCURVE('',#11572,#11722);
#11722 = DEFINITIONAL_REPRESENTATION('',(#11723),#11727);
#11723 = LINE('',#11724,#11725);
#11724 = CARTESIAN_POINT('',(0.,0.));
#11725 = VECTOR('',#11726,1.);
#11726 = DIRECTION('',(1.,0.));
#11727 = ( GEOMETRIC_REPRESENTATION_CONTEXT(2) 
PARAMETRIC_REPRESENTATION_CONTEXT() REPRESENTATION_CONTEXT('2D SPACE',''
  ) );
#11728 = PCURVE('',#11651,#11729);
#11729 = DEFINITIONAL_REPRESENTATION('',(#11730),#11734);
#11730 = LINE('',#11731,#11732);
#11731 = CARTESIAN_POINT('',(0.,0.));
#11732 = VECTOR('',#11733,1.);
#11733 = DIRECTION('',(1.,0.));
#11734 = ( GEOMETRIC_REPRESENTATION_CONTEXT(2) 
PARAMETRIC_REPRESENTATION_CONTEXT() REPRESENTATION_CONTEXT('2D SPACE',''
  ) );
#11735 = ORIENTED_EDGE('',*,*,#11549,.F.);
#11736 = ADVANCED_FACE('',(#11737),#11651,.F.);
#11737 = FACE_BOUND('',#11738,.F.);
#11738 = EDGE_LOOP('',(#11739,#11740,#11762,#11783));
#11739 = ORIENTED_EDGE('',*,*,#11715,.F.);
#11740 = ORIENTED_EDGE('',*,*,#11741,.T.);
#11741 = EDGE_CURVE('',#11689,#11742,#11744,.T.);
#11742 = VERTEX_POINT('',#11743);
#11743 = CARTESIAN_POINT('',(-697.,227.,40.));
#11744 = SURFACE_CURVE('',#11745,(#11749,#11755),.PCURVE_S1.);
#11745 = LINE('',#11746,#11747);
#11746 = CARTESIAN_POINT('',(-697.,191.5,40.));
#11747 = VECTOR('',#11748,1.);
#11748 = DIRECTION('',(-0.,1.,0.));
#11749 = PCURVE('',#11651,#11750);
#11750 = DEFINITIONAL_REPRESENTATION('',(#11751),#11754);
#11751 = B_SPLINE_CURVE_WITH_KNOTS('',1,(#11752,#11753),.UNSPECIFIED.,
  .F.,.F.,(2,2),(1.5,35.5),.PIECEWISE_BEZIER_KNOTS.);
#11752 = CARTESIAN_POINT('',(1.,0.));
#11753 = CARTESIAN_POINT('',(1.,-34.));
#11754 = ( GEOMETRIC_REPRESENTATION_CONTEXT(2) 
PARAMETRIC_REPRESENTATION_CONTEXT() REPRESENTATION_CONTEXT('2D SPACE',''
  ) );
#11755 = PCURVE('',#11703,#11756);
#11756 = DEFINITIONAL_REPRESENTATION('',(#11757),#11761);
#11757 = LINE('',#11758,#11759);
#11758 = CARTESIAN_POINT('',(3.,1.5));
#11759 = VECTOR('',#11760,1.);
#11760 = DIRECTION('',(0.,1.));
#11761 = ( GEOMETRIC_REPRESENTATION_CONTEXT(2) 
PARAMETRIC_REPRESENTATION_CONTEXT() REPRESENTATION_CONTEXT('2D SPACE',''
  ) );
#11762 = ORIENTED_EDGE('',*,*,#11763,.T.);
#11763 = EDGE_CURVE('',#11742,#11611,#11764,.T.);
#11764 = SURFACE_CURVE('',#11765,(#11769,#11776),.PCURVE_S1.);
#11765 = LINE('',#11766,#11767);
#11766 = CARTESIAN_POINT('',(-697.,227.,39.));
#11767 = VECTOR('',#11768,1.);
#11768 = DIRECTION('',(0.,0.,1.));
#11769 = PCURVE('',#11651,#11770);
#11770 = DEFINITIONAL_REPRESENTATION('',(#11771),#11775);
#11771 = LINE('',#11772,#11773);
#11772 = CARTESIAN_POINT('',(0.,-34.));
#11773 = VECTOR('',#11774,1.);
#11774 = DIRECTION('',(1.,0.));
#11775 = ( GEOMETRIC_REPRESENTATION_CONTEXT(2) 
PARAMETRIC_REPRESENTATION_CONTEXT() REPRESENTATION_CONTEXT('2D SPACE',''
  ) );
#11776 = PCURVE('',#11626,#11777);
#11777 = DEFINITIONAL_REPRESENTATION('',(#11778),#11782);
#11778 = LINE('',#11779,#11780);
#11779 = CARTESIAN_POINT('',(0.,0.));
#11780 = VECTOR('',#11781,1.);
#11781 = DIRECTION('',(1.,0.));
#11782 = ( GEOMETRIC_REPRESENTATION_CONTEXT(2) 
PARAMETRIC_REPRESENTATION_CONTEXT() REPRESENTATION_CONTEXT('2D SPACE',''
  ) );
#11783 = ORIENTED_EDGE('',*,*,#11637,.F.);
#11784 = ADVANCED_FACE('',(#11785),#11626,.T.);
#11785 = FACE_BOUND('',#11786,.T.);
#11786 = EDGE_LOOP('',(#11787,#11810,#11830,#11831));
#11787 = ORIENTED_EDGE('',*,*,#11788,.F.);
#11788 = EDGE_CURVE('',#11789,#11584,#11791,.T.);
#11789 = VERTEX_POINT('',#11790);
#11790 = CARTESIAN_POINT('',(-663.,227.,40.));
#11791 = SURFACE_CURVE('',#11792,(#11796,#11803),.PCURVE_S1.);
#11792 = LINE('',#11793,#11794);
#11793 = CARTESIAN_POINT('',(-663.,227.,39.));
#11794 = VECTOR('',#11795,1.);
#11795 = DIRECTION('',(0.,0.,1.));
#11796 = PCURVE('',#11626,#11797);
#11797 = DEFINITIONAL_REPRESENTATION('',(#11798),#11802);
#11798 = LINE('',#11799,#11800);
#11799 = CARTESIAN_POINT('',(0.,34.));
#11800 = VECTOR('',#11801,1.);
#11801 = DIRECTION('',(1.,0.));
#11802 = ( GEOMETRIC_REPRESENTATION_CONTEXT(2) 
PARAMETRIC_REPRESENTATION_CONTEXT() REPRESENTATION_CONTEXT('2D SPACE',''
  ) );
#11803 = PCURVE('',#11599,#11804);
#11804 = DEFINITIONAL_REPRESENTATION('',(#11805),#11809);
#11805 = LINE('',#11806,#11807);
#11806 = CARTESIAN_POINT('',(0.,-34.));
#11807 = VECTOR('',#11808,1.);
#11808 = DIRECTION('',(1.,0.));
#11809 = ( GEOMETRIC_REPRESENTATION_CONTEXT(2) 
PARAMETRIC_REPRESENTATION_CONTEXT() REPRESENTATION_CONTEXT('2D SPACE',''
  ) );
#11810 = ORIENTED_EDGE('',*,*,#11811,.T.);
#11811 = EDGE_CURVE('',#11789,#11742,#11812,.T.);
#11812 = SURFACE_CURVE('',#11813,(#11817,#11823),.PCURVE_S1.);
#11813 = LINE('',#11814,#11815);
#11814 = CARTESIAN_POINT('',(-698.5,227.,40.));
#11815 = VECTOR('',#11816,1.);
#11816 = DIRECTION('',(-1.,-0.,0.));
#11817 = PCURVE('',#11626,#11818);
#11818 = DEFINITIONAL_REPRESENTATION('',(#11819),#11822);
#11819 = B_SPLINE_CURVE_WITH_KNOTS('',1,(#11820,#11821),.UNSPECIFIED.,
  .F.,.F.,(2,2),(-35.5,-1.5),.PIECEWISE_BEZIER_KNOTS.);
#11820 = CARTESIAN_POINT('',(1.,34.));
#11821 = CARTESIAN_POINT('',(1.,0.));
#11822 = ( GEOMETRIC_REPRESENTATION_CONTEXT(2) 
PARAMETRIC_REPRESENTATION_CONTEXT() REPRESENTATION_CONTEXT('2D SPACE',''
  ) );
#11823 = PCURVE('',#11703,#11824);
#11824 = DEFINITIONAL_REPRESENTATION('',(#11825),#11829);
#11825 = LINE('',#11826,#11827);
#11826 = CARTESIAN_POINT('',(1.5,37.));
#11827 = VECTOR('',#11828,1.);
#11828 = DIRECTION('',(-1.,0.));
#11829 = ( GEOMETRIC_REPRESENTATION_CONTEXT(2) 
PARAMETRIC_REPRESENTATION_CONTEXT() REPRESENTATION_CONTEXT('2D SPACE',''
  ) );
#11830 = ORIENTED_EDGE('',*,*,#11763,.T.);
#11831 = ORIENTED_EDGE('',*,*,#11610,.F.);
#11832 = ADVANCED_FACE('',(#11833),#11599,.T.);
#11833 = FACE_BOUND('',#11834,.T.);
#11834 = EDGE_LOOP('',(#11835,#11836,#11856,#11857));
#11835 = ORIENTED_EDGE('',*,*,#11665,.F.);
#11836 = ORIENTED_EDGE('',*,*,#11837,.T.);
#11837 = EDGE_CURVE('',#11666,#11789,#11838,.T.);
#11838 = SURFACE_CURVE('',#11839,(#11843,#11849),.PCURVE_S1.);
#11839 = LINE('',#11840,#11841);
#11840 = CARTESIAN_POINT('',(-663.,191.5,40.));
#11841 = VECTOR('',#11842,1.);
#11842 = DIRECTION('',(-0.,1.,0.));
#11843 = PCURVE('',#11599,#11844);
#11844 = DEFINITIONAL_REPRESENTATION('',(#11845),#11848);
#11845 = B_SPLINE_CURVE_WITH_KNOTS('',1,(#11846,#11847),.UNSPECIFIED.,
  .F.,.F.,(2,2),(1.5,35.5),.PIECEWISE_BEZIER_KNOTS.);
#11846 = CARTESIAN_POINT('',(1.,0.));
#11847 = CARTESIAN_POINT('',(1.,-34.));
#11848 = ( GEOMETRIC_REPRESENTATION_CONTEXT(2) 
PARAMETRIC_REPRESENTATION_CONTEXT() REPRESENTATION_CONTEXT('2D SPACE',''
  ) );
#11849 = PCURVE('',#11703,#11850);
#11850 = DEFINITIONAL_REPRESENTATION('',(#11851),#11855);
#11851 = LINE('',#11852,#11853);
#11852 = CARTESIAN_POINT('',(37.,1.5));
#11853 = VECTOR('',#11854,1.);
#11854 = DIRECTION('',(0.,1.));
#11855 = ( GEOMETRIC_REPRESENTATION_CONTEXT(2) 
PARAMETRIC_REPRESENTATION_CONTEXT() REPRESENTATION_CONTEXT('2D SPACE',''
  ) );
#11856 = ORIENTED_EDGE('',*,*,#11788,.T.);
#11857 = ORIENTED_EDGE('',*,*,#11583,.F.);
#11858 = ADVANCED_FACE('',(#11859),#11703,.F.);
#11859 = FACE_BOUND('',#11860,.F.);
#11860 = EDGE_LOOP('',(#11861,#11862,#11863,#11864));
#11861 = ORIENTED_EDGE('',*,*,#11688,.F.);
#11862 = ORIENTED_EDGE('',*,*,#11837,.T.);
#11863 = ORIENTED_EDGE('',*,*,#11811,.T.);
#11864 = ORIENTED_EDGE('',*,*,#11741,.F.);
#11865 = ORIENTED_CLOSED_SHELL('',*,#11866,.F.);
#11866 = CLOSED_SHELL('',(#11867,#11983,#12058,#12106,#12154,#12180));
#11867 = ADVANCED_FACE('',(#11868),#11882,.F.);
#11868 = FACE_BOUND('',#11869,.F.);
#11869 = EDGE_LOOP('',(#11870,#11904,#11931,#11958));
#11870 = ORIENTED_EDGE('',*,*,#11871,.F.);
#11871 = EDGE_CURVE('',#11872,#11874,#11876,.T.);
#11872 = VERTEX_POINT('',#11873);
#11873 = CARTESIAN_POINT('',(-3.,193.,40.));
#11874 = VERTEX_POINT('',#11875);
#11875 = CARTESIAN_POINT('',(-37.,193.,40.));
#11876 = SURFACE_CURVE('',#11877,(#11881,#11893),.PCURVE_S1.);
#11877 = LINE('',#11878,#11879);
#11878 = CARTESIAN_POINT('',(-38.5,193.,40.));
#11879 = VECTOR('',#11880,1.);
#11880 = DIRECTION('',(-1.,-0.,0.));
#11881 = PCURVE('',#11882,#11887);
#11882 = PLANE('',#11883);
#11883 = AXIS2_PLACEMENT_3D('',#11884,#11885,#11886);
#11884 = CARTESIAN_POINT('',(-700.,190.,40.));
#11885 = DIRECTION('',(0.,0.,1.));
#11886 = DIRECTION('',(1.,0.,-0.));
#11887 = DEFINITIONAL_REPRESENTATION('',(#11888),#11892);
#11888 = LINE('',#11889,#11890);
#11889 = CARTESIAN_POINT('',(661.5,3.));
#11890 = VECTOR('',#11891,1.);
#11891 = DIRECTION('',(-1.,0.));
#11892 = ( GEOMETRIC_REPRESENTATION_CONTEXT(2) 
PARAMETRIC_REPRESENTATION_CONTEXT() REPRESENTATION_CONTEXT('2D SPACE',''
  ) );
#11893 = PCURVE('',#11894,#11899);
#11894 = PLANE('',#11895);
#11895 = AXIS2_PLACEMENT_3D('',#11896,#11897,#11898);
#11896 = CARTESIAN_POINT('',(-37.,193.,39.));
#11897 = DIRECTION('',(-0.,1.,0.));
#11898 = DIRECTION('',(0.,0.,1.));
#11899 = DEFINITIONAL_REPRESENTATION('',(#11900),#11903);
#11900 = B_SPLINE_CURVE_WITH_KNOTS('',1,(#11901,#11902),.UNSPECIFIED.,
  .F.,.F.,(2,2),(-35.5,-1.5),.PIECEWISE_BEZIER_KNOTS.);
#11901 = CARTESIAN_POINT('',(1.,34.));
#11902 = CARTESIAN_POINT('',(1.,0.));
#11903 = ( GEOMETRIC_REPRESENTATION_CONTEXT(2) 
PARAMETRIC_REPRESENTATION_CONTEXT() REPRESENTATION_CONTEXT('2D SPACE',''
  ) );
#11904 = ORIENTED_EDGE('',*,*,#11905,.T.);
#11905 = EDGE_CURVE('',#11872,#11906,#11908,.T.);
#11906 = VERTEX_POINT('',#11907);
#11907 = CARTESIAN_POINT('',(-3.,227.,40.));
#11908 = SURFACE_CURVE('',#11909,(#11913,#11920),.PCURVE_S1.);
#11909 = LINE('',#11910,#11911);
#11910 = CARTESIAN_POINT('',(-3.,191.5,40.));
#11911 = VECTOR('',#11912,1.);
#11912 = DIRECTION('',(-0.,1.,0.));
#11913 = PCURVE('',#11882,#11914);
#11914 = DEFINITIONAL_REPRESENTATION('',(#11915),#11919);
#11915 = LINE('',#11916,#11917);
#11916 = CARTESIAN_POINT('',(697.,1.5));
#11917 = VECTOR('',#11918,1.);
#11918 = DIRECTION('',(0.,1.));
#11919 = ( GEOMETRIC_REPRESENTATION_CONTEXT(2) 
PARAMETRIC_REPRESENTATION_CONTEXT() REPRESENTATION_CONTEXT('2D SPACE',''
  ) );
#11920 = PCURVE('',#11921,#11926);
#11921 = PLANE('',#11922);
#11922 = AXIS2_PLACEMENT_3D('',#11923,#11924,#11925);
#11923 = CARTESIAN_POINT('',(-3.,193.,39.));
#11924 = DIRECTION('',(1.,0.,-0.));
#11925 = DIRECTION('',(0.,0.,1.));
#11926 = DEFINITIONAL_REPRESENTATION('',(#11927),#11930);
#11927 = B_SPLINE_CURVE_WITH_KNOTS('',1,(#11928,#11929),.UNSPECIFIED.,
  .F.,.F.,(2,2),(1.5,35.5),.PIECEWISE_BEZIER_KNOTS.);
#11928 = CARTESIAN_POINT('',(1.,0.));
#11929 = CARTESIAN_POINT('',(1.,-34.));
#11930 = ( GEOMETRIC_REPRESENTATION_CONTEXT(2) 
PARAMETRIC_REPRESENTATION_CONTEXT() REPRESENTATION_CONTEXT('2D SPACE',''
  ) );
#11931 = ORIENTED_EDGE('',*,*,#11932,.T.);
#11932 = EDGE_CURVE('',#11906,#11933,#11935,.T.);
#11933 = VERTEX_POINT('',#11934);
#11934 = CARTESIAN_POINT('',(-37.,227.,40.));
#11935 = SURFACE_CURVE('',#11936,(#11940,#11947),.PCURVE_S1.);
#11936 = LINE('',#11937,#11938);
#11937 = CARTESIAN_POINT('',(-38.5,227.,40.));
#11938 = VECTOR('',#11939,1.);
#11939 = DIRECTION('',(-1.,-0.,0.));
#11940 = PCURVE('',#11882,#11941);
#11941 = DEFINITIONAL_REPRESENTATION('',(#11942),#11946);
#11942 = LINE('',#11943,#11944);
#11943 = CARTESIAN_POINT('',(661.5,37.));
#11944 = VECTOR('',#11945,1.);
#11945 = DIRECTION('',(-1.,0.));
#11946 = ( GEOMETRIC_REPRESENTATION_CONTEXT(2) 
PARAMETRIC_REPRESENTATION_CONTEXT() REPRESENTATION_CONTEXT('2D SPACE',''
  ) );
#11947 = PCURVE('',#11948,#11953);
#11948 = PLANE('',#11949);
#11949 = AXIS2_PLACEMENT_3D('',#11950,#11951,#11952);
#11950 = CARTESIAN_POINT('',(-37.,227.,39.));
#11951 = DIRECTION('',(-0.,1.,0.));
#11952 = DIRECTION('',(0.,0.,1.));
#11953 = DEFINITIONAL_REPRESENTATION('',(#11954),#11957);
#11954 = B_SPLINE_CURVE_WITH_KNOTS('',1,(#11955,#11956),.UNSPECIFIED.,
  .F.,.F.,(2,2),(-35.5,-1.5),.PIECEWISE_BEZIER_KNOTS.);
#11955 = CARTESIAN_POINT('',(1.,34.));
#11956 = CARTESIAN_POINT('',(1.,0.));
#11957 = ( GEOMETRIC_REPRESENTATION_CONTEXT(2) 
PARAMETRIC_REPRESENTATION_CONTEXT() REPRESENTATION_CONTEXT('2D SPACE',''
  ) );
#11958 = ORIENTED_EDGE('',*,*,#11959,.F.);
#11959 = EDGE_CURVE('',#11874,#11933,#11960,.T.);
#11960 = SURFACE_CURVE('',#11961,(#11965,#11972),.PCURVE_S1.);
#11961 = LINE('',#11962,#11963);
#11962 = CARTESIAN_POINT('',(-37.,191.5,40.));
#11963 = VECTOR('',#11964,1.);
#11964 = DIRECTION('',(-0.,1.,0.));
#11965 = PCURVE('',#11882,#11966);
#11966 = DEFINITIONAL_REPRESENTATION('',(#11967),#11971);
#11967 = LINE('',#11968,#11969);
#11968 = CARTESIAN_POINT('',(663.,1.5));
#11969 = VECTOR('',#11970,1.);
#11970 = DIRECTION('',(0.,1.));
#11971 = ( GEOMETRIC_REPRESENTATION_CONTEXT(2) 
PARAMETRIC_REPRESENTATION_CONTEXT() REPRESENTATION_CONTEXT('2D SPACE',''
  ) );
#11972 = PCURVE('',#11973,#11978);
#11973 = PLANE('',#11974);
#11974 = AXIS2_PLACEMENT_3D('',#11975,#11976,#11977);
#11975 = CARTESIAN_POINT('',(-37.,193.,39.));
#11976 = DIRECTION('',(1.,0.,-0.));
#11977 = DIRECTION('',(0.,0.,1.));
#11978 = DEFINITIONAL_REPRESENTATION('',(#11979),#11982);
#11979 = B_SPLINE_CURVE_WITH_KNOTS('',1,(#11980,#11981),.UNSPECIFIED.,
  .F.,.F.,(2,2),(1.5,35.5),.PIECEWISE_BEZIER_KNOTS.);
#11980 = CARTESIAN_POINT('',(1.,0.));
#11981 = CARTESIAN_POINT('',(1.,-34.));
#11982 = ( GEOMETRIC_REPRESENTATION_CONTEXT(2) 
PARAMETRIC_REPRESENTATION_CONTEXT() REPRESENTATION_CONTEXT('2D SPACE',''
  ) );
#11983 = ADVANCED_FACE('',(#11984),#11894,.F.);
#11984 = FACE_BOUND('',#11985,.F.);
#11985 = EDGE_LOOP('',(#11986,#12009,#12010,#12033));
#11986 = ORIENTED_EDGE('',*,*,#11987,.F.);
#11987 = EDGE_CURVE('',#11872,#11988,#11990,.T.);
#11988 = VERTEX_POINT('',#11989);
#11989 = CARTESIAN_POINT('',(-3.,193.,520.));
#11990 = SURFACE_CURVE('',#11991,(#11995,#12002),.PCURVE_S1.);
#11991 = LINE('',#11992,#11993);
#11992 = CARTESIAN_POINT('',(-3.,193.,39.));
#11993 = VECTOR('',#11994,1.);
#11994 = DIRECTION('',(0.,0.,1.));
#11995 = PCURVE('',#11894,#11996);
#11996 = DEFINITIONAL_REPRESENTATION('',(#11997),#12001);
#11997 = LINE('',#11998,#11999);
#11998 = CARTESIAN_POINT('',(0.,34.));
#11999 = VECTOR('',#12000,1.);
#12000 = DIRECTION('',(1.,0.));
#12001 = ( GEOMETRIC_REPRESENTATION_CONTEXT(2) 
PARAMETRIC_REPRESENTATION_CONTEXT() REPRESENTATION_CONTEXT('2D SPACE',''
  ) );
#12002 = PCURVE('',#11921,#12003);
#12003 = DEFINITIONAL_REPRESENTATION('',(#12004),#12008);
#12004 = LINE('',#12005,#12006);
#12005 = CARTESIAN_POINT('',(0.,0.));
#12006 = VECTOR('',#12007,1.);
#12007 = DIRECTION('',(1.,0.));
#12008 = ( GEOMETRIC_REPRESENTATION_CONTEXT(2) 
PARAMETRIC_REPRESENTATION_CONTEXT() REPRESENTATION_CONTEXT('2D SPACE',''
  ) );
#12009 = ORIENTED_EDGE('',*,*,#11871,.T.);
#12010 = ORIENTED_EDGE('',*,*,#12011,.T.);
#12011 = EDGE_CURVE('',#11874,#12012,#12014,.T.);
#12012 = VERTEX_POINT('',#12013);
#12013 = CARTESIAN_POINT('',(-37.,193.,520.));
#12014 = SURFACE_CURVE('',#12015,(#12019,#12026),.PCURVE_S1.);
#12015 = LINE('',#12016,#12017);
#12016 = CARTESIAN_POINT('',(-37.,193.,39.));
#12017 = VECTOR('',#12018,1.);
#12018 = DIRECTION('',(0.,0.,1.));
#12019 = PCURVE('',#11894,#12020);
#12020 = DEFINITIONAL_REPRESENTATION('',(#12021),#12025);
#12021 = LINE('',#12022,#12023);
#12022 = CARTESIAN_POINT('',(0.,0.));
#12023 = VECTOR('',#12024,1.);
#12024 = DIRECTION('',(1.,0.));
#12025 = ( GEOMETRIC_REPRESENTATION_CONTEXT(2) 
PARAMETRIC_REPRESENTATION_CONTEXT() REPRESENTATION_CONTEXT('2D SPACE',''
  ) );
#12026 = PCURVE('',#11973,#12027);
#12027 = DEFINITIONAL_REPRESENTATION('',(#12028),#12032);
#12028 = LINE('',#12029,#12030);
#12029 = CARTESIAN_POINT('',(0.,0.));
#12030 = VECTOR('',#12031,1.);
#12031 = DIRECTION('',(1.,0.));
#12032 = ( GEOMETRIC_REPRESENTATION_CONTEXT(2) 
PARAMETRIC_REPRESENTATION_CONTEXT() REPRESENTATION_CONTEXT('2D SPACE',''
  ) );
#12033 = ORIENTED_EDGE('',*,*,#12034,.F.);
#12034 = EDGE_CURVE('',#11988,#12012,#12035,.T.);
#12035 = SURFACE_CURVE('',#12036,(#12040,#12046),.PCURVE_S1.);
#12036 = LINE('',#12037,#12038);
#12037 = CARTESIAN_POINT('',(-38.5,193.,520.));
#12038 = VECTOR('',#12039,1.);
#12039 = DIRECTION('',(-1.,-0.,0.));
#12040 = PCURVE('',#11894,#12041);
#12041 = DEFINITIONAL_REPRESENTATION('',(#12042),#12045);
#12042 = B_SPLINE_CURVE_WITH_KNOTS('',1,(#12043,#12044),.UNSPECIFIED.,
  .F.,.F.,(2,2),(-35.5,-1.5),.PIECEWISE_BEZIER_KNOTS.);
#12043 = CARTESIAN_POINT('',(481.,34.));
#12044 = CARTESIAN_POINT('',(481.,0.));
#12045 = ( GEOMETRIC_REPRESENTATION_CONTEXT(2) 
PARAMETRIC_REPRESENTATION_CONTEXT() REPRESENTATION_CONTEXT('2D SPACE',''
  ) );
#12046 = PCURVE('',#12047,#12052);
#12047 = PLANE('',#12048);
#12048 = AXIS2_PLACEMENT_3D('',#12049,#12050,#12051);
#12049 = CARTESIAN_POINT('',(-700.,190.,520.));
#12050 = DIRECTION('',(0.,0.,1.));
#12051 = DIRECTION('',(1.,0.,-0.));
#12052 = DEFINITIONAL_REPRESENTATION('',(#12053),#12057);
#12053 = LINE('',#12054,#12055);
#12054 = CARTESIAN_POINT('',(661.5,3.));
#12055 = VECTOR('',#12056,1.);
#12056 = DIRECTION('',(-1.,0.));
#12057 = ( GEOMETRIC_REPRESENTATION_CONTEXT(2) 
PARAMETRIC_REPRESENTATION_CONTEXT() REPRESENTATION_CONTEXT('2D SPACE',''
  ) );
#12058 = ADVANCED_FACE('',(#12059),#11973,.F.);
#12059 = FACE_BOUND('',#12060,.F.);
#12060 = EDGE_LOOP('',(#12061,#12062,#12063,#12086));
#12061 = ORIENTED_EDGE('',*,*,#12011,.F.);
#12062 = ORIENTED_EDGE('',*,*,#11959,.T.);
#12063 = ORIENTED_EDGE('',*,*,#12064,.T.);
#12064 = EDGE_CURVE('',#11933,#12065,#12067,.T.);
#12065 = VERTEX_POINT('',#12066);
#12066 = CARTESIAN_POINT('',(-37.,227.,520.));
#12067 = SURFACE_CURVE('',#12068,(#12072,#12079),.PCURVE_S1.);
#12068 = LINE('',#12069,#12070);
#12069 = CARTESIAN_POINT('',(-37.,227.,39.));
#12070 = VECTOR('',#12071,1.);
#12071 = DIRECTION('',(0.,0.,1.));
#12072 = PCURVE('',#11973,#12073);
#12073 = DEFINITIONAL_REPRESENTATION('',(#12074),#12078);
#12074 = LINE('',#12075,#12076);
#12075 = CARTESIAN_POINT('',(0.,-34.));
#12076 = VECTOR('',#12077,1.);
#12077 = DIRECTION('',(1.,0.));
#12078 = ( GEOMETRIC_REPRESENTATION_CONTEXT(2) 
PARAMETRIC_REPRESENTATION_CONTEXT() REPRESENTATION_CONTEXT('2D SPACE',''
  ) );
#12079 = PCURVE('',#11948,#12080);
#12080 = DEFINITIONAL_REPRESENTATION('',(#12081),#12085);
#12081 = LINE('',#12082,#12083);
#12082 = CARTESIAN_POINT('',(0.,0.));
#12083 = VECTOR('',#12084,1.);
#12084 = DIRECTION('',(1.,0.));
#12085 = ( GEOMETRIC_REPRESENTATION_CONTEXT(2) 
PARAMETRIC_REPRESENTATION_CONTEXT() REPRESENTATION_CONTEXT('2D SPACE',''
  ) );
#12086 = ORIENTED_EDGE('',*,*,#12087,.F.);
#12087 = EDGE_CURVE('',#12012,#12065,#12088,.T.);
#12088 = SURFACE_CURVE('',#12089,(#12093,#12099),.PCURVE_S1.);
#12089 = LINE('',#12090,#12091);
#12090 = CARTESIAN_POINT('',(-37.,191.5,520.));
#12091 = VECTOR('',#12092,1.);
#12092 = DIRECTION('',(-0.,1.,0.));
#12093 = PCURVE('',#11973,#12094);
#12094 = DEFINITIONAL_REPRESENTATION('',(#12095),#12098);
#12095 = B_SPLINE_CURVE_WITH_KNOTS('',1,(#12096,#12097),.UNSPECIFIED.,
  .F.,.F.,(2,2),(1.5,35.5),.PIECEWISE_BEZIER_KNOTS.);
#12096 = CARTESIAN_POINT('',(481.,0.));
#12097 = CARTESIAN_POINT('',(481.,-34.));
#12098 = ( GEOMETRIC_REPRESENTATION_CONTEXT(2) 
PARAMETRIC_REPRESENTATION_CONTEXT() REPRESENTATION_CONTEXT('2D SPACE',''
  ) );
#12099 = PCURVE('',#12047,#12100);
#12100 = DEFINITIONAL_REPRESENTATION('',(#12101),#12105);
#12101 = LINE('',#12102,#12103);
#12102 = CARTESIAN_POINT('',(663.,1.5));
#12103 = VECTOR('',#12104,1.);
#12104 = DIRECTION('',(0.,1.));
#12105 = ( GEOMETRIC_REPRESENTATION_CONTEXT(2) 
PARAMETRIC_REPRESENTATION_CONTEXT() REPRESENTATION_CONTEXT('2D SPACE',''
  ) );
#12106 = ADVANCED_FACE('',(#12107),#11948,.T.);
#12107 = FACE_BOUND('',#12108,.T.);
#12108 = EDGE_LOOP('',(#12109,#12132,#12133,#12134));
#12109 = ORIENTED_EDGE('',*,*,#12110,.F.);
#12110 = EDGE_CURVE('',#11906,#12111,#12113,.T.);
#12111 = VERTEX_POINT('',#12112);
#12112 = CARTESIAN_POINT('',(-3.,227.,520.));
#12113 = SURFACE_CURVE('',#12114,(#12118,#12125),.PCURVE_S1.);
#12114 = LINE('',#12115,#12116);
#12115 = CARTESIAN_POINT('',(-3.,227.,39.));
#12116 = VECTOR('',#12117,1.);
#12117 = DIRECTION('',(0.,0.,1.));
#12118 = PCURVE('',#11948,#12119);
#12119 = DEFINITIONAL_REPRESENTATION('',(#12120),#12124);
#12120 = LINE('',#12121,#12122);
#12121 = CARTESIAN_POINT('',(0.,34.));
#12122 = VECTOR('',#12123,1.);
#12123 = DIRECTION('',(1.,0.));
#12124 = ( GEOMETRIC_REPRESENTATION_CONTEXT(2) 
PARAMETRIC_REPRESENTATION_CONTEXT() REPRESENTATION_CONTEXT('2D SPACE',''
  ) );
#12125 = PCURVE('',#11921,#12126);
#12126 = DEFINITIONAL_REPRESENTATION('',(#12127),#12131);
#12127 = LINE('',#12128,#12129);
#12128 = CARTESIAN_POINT('',(0.,-34.));
#12129 = VECTOR('',#12130,1.);
#12130 = DIRECTION('',(1.,0.));
#12131 = ( GEOMETRIC_REPRESENTATION_CONTEXT(2) 
PARAMETRIC_REPRESENTATION_CONTEXT() REPRESENTATION_CONTEXT('2D SPACE',''
  ) );
#12132 = ORIENTED_EDGE('',*,*,#11932,.T.);
#12133 = ORIENTED_EDGE('',*,*,#12064,.T.);
#12134 = ORIENTED_EDGE('',*,*,#12135,.F.);
#12135 = EDGE_CURVE('',#12111,#12065,#12136,.T.);
#12136 = SURFACE_CURVE('',#12137,(#12141,#12147),.PCURVE_S1.);
#12137 = LINE('',#12138,#12139);
#12138 = CARTESIAN_POINT('',(-38.5,227.,520.));
#12139 = VECTOR('',#12140,1.);
#12140 = DIRECTION('',(-1.,-0.,0.));
#12141 = PCURVE('',#11948,#12142);
#12142 = DEFINITIONAL_REPRESENTATION('',(#12143),#12146);
#12143 = B_SPLINE_CURVE_WITH_KNOTS('',1,(#12144,#12145),.UNSPECIFIED.,
  .F.,.F.,(2,2),(-35.5,-1.5),.PIECEWISE_BEZIER_KNOTS.);
#12144 = CARTESIAN_POINT('',(481.,34.));
#12145 = CARTESIAN_POINT('',(481.,0.));
#12146 = ( GEOMETRIC_REPRESENTATION_CONTEXT(2) 
PARAMETRIC_REPRESENTATION_CONTEXT() REPRESENTATION_CONTEXT('2D SPACE',''
  ) );
#12147 = PCURVE('',#12047,#12148);
#12148 = DEFINITIONAL_REPRESENTATION('',(#12149),#12153);
#12149 = LINE('',#12150,#12151);
#12150 = CARTESIAN_POINT('',(661.5,37.));
#12151 = VECTOR('',#12152,1.);
#12152 = DIRECTION('',(-1.,0.));
#12153 = ( GEOMETRIC_REPRESENTATION_CONTEXT(2) 
PARAMETRIC_REPRESENTATION_CONTEXT() REPRESENTATION_CONTEXT('2D SPACE',''
  ) );
#12154 = ADVANCED_FACE('',(#12155),#11921,.T.);
#12155 = FACE_BOUND('',#12156,.T.);
#12156 = EDGE_LOOP('',(#12157,#12158,#12159,#12160));
#12157 = ORIENTED_EDGE('',*,*,#11987,.F.);
#12158 = ORIENTED_EDGE('',*,*,#11905,.T.);
#12159 = ORIENTED_EDGE('',*,*,#12110,.T.);
#12160 = ORIENTED_EDGE('',*,*,#12161,.F.);
#12161 = EDGE_CURVE('',#11988,#12111,#12162,.T.);
#12162 = SURFACE_CURVE('',#12163,(#12167,#12173),.PCURVE_S1.);
#12163 = LINE('',#12164,#12165);
#12164 = CARTESIAN_POINT('',(-3.,191.5,520.));
#12165 = VECTOR('',#12166,1.);
#12166 = DIRECTION('',(-0.,1.,0.));
#12167 = PCURVE('',#11921,#12168);
#12168 = DEFINITIONAL_REPRESENTATION('',(#12169),#12172);
#12169 = B_SPLINE_CURVE_WITH_KNOTS('',1,(#12170,#12171),.UNSPECIFIED.,
  .F.,.F.,(2,2),(1.5,35.5),.PIECEWISE_BEZIER_KNOTS.);
#12170 = CARTESIAN_POINT('',(481.,0.));
#12171 = CARTESIAN_POINT('',(481.,-34.));
#12172 = ( GEOMETRIC_REPRESENTATION_CONTEXT(2) 
PARAMETRIC_REPRESENTATION_CONTEXT() REPRESENTATION_CONTEXT('2D SPACE',''
  ) );
#12173 = PCURVE('',#12047,#12174);
#12174 = DEFINITIONAL_REPRESENTATION('',(#12175),#12179);
#12175 = LINE('',#12176,#12177);
#12176 = CARTESIAN_POINT('',(697.,1.5));
#12177 = VECTOR('',#12178,1.);
#12178 = DIRECTION('',(0.,1.));
#12179 = ( GEOMETRIC_REPRESENTATION_CONTEXT(2) 
PARAMETRIC_REPRESENTATION_CONTEXT() REPRESENTATION_CONTEXT('2D SPACE',''
  ) );
#12180 = ADVANCED_FACE('',(#12181),#12047,.T.);
#12181 = FACE_BOUND('',#12182,.T.);
#12182 = EDGE_LOOP('',(#12183,#12184,#12185,#12186));
#12183 = ORIENTED_EDGE('',*,*,#12034,.F.);
#12184 = ORIENTED_EDGE('',*,*,#12161,.T.);
#12185 = ORIENTED_EDGE('',*,*,#12135,.T.);
#12186 = ORIENTED_EDGE('',*,*,#12087,.F.);
#12187 = ORIENTED_CLOSED_SHELL('',*,#12188,.F.);
#12188 = CLOSED_SHELL('',(#12189,#12305,#12380,#12428,#12476,#12502));
#12189 = ADVANCED_FACE('',(#12190),#12204,.T.);
#12190 = FACE_BOUND('',#12191,.T.);
#12191 = EDGE_LOOP('',(#12192,#12226,#12253,#12280));
#12192 = ORIENTED_EDGE('',*,*,#12193,.F.);
#12193 = EDGE_CURVE('',#12194,#12196,#12198,.T.);
#12194 = VERTEX_POINT('',#12195);
#12195 = CARTESIAN_POINT('',(-663.,653.,520.));
#12196 = VERTEX_POINT('',#12197);
#12197 = CARTESIAN_POINT('',(-697.,653.,520.));
#12198 = SURFACE_CURVE('',#12199,(#12203,#12215),.PCURVE_S1.);
#12199 = LINE('',#12200,#12201);
#12200 = CARTESIAN_POINT('',(-698.5,653.,520.));
#12201 = VECTOR('',#12202,1.);
#12202 = DIRECTION('',(-1.,-0.,0.));
#12203 = PCURVE('',#12204,#12209);
#12204 = PLANE('',#12205);
#12205 = AXIS2_PLACEMENT_3D('',#12206,#12207,#12208);
#12206 = CARTESIAN_POINT('',(-700.,190.,520.));
#12207 = DIRECTION('',(0.,0.,1.));
#12208 = DIRECTION('',(1.,0.,-0.));
#12209 = DEFINITIONAL_REPRESENTATION('',(#12210),#12214);
#12210 = LINE('',#12211,#12212);
#12211 = CARTESIAN_POINT('',(1.5,463.));
#12212 = VECTOR('',#12213,1.);
#12213 = DIRECTION('',(-1.,0.));
#12214 = ( GEOMETRIC_REPRESENTATION_CONTEXT(2) 
PARAMETRIC_REPRESENTATION_CONTEXT() REPRESENTATION_CONTEXT('2D SPACE',''
  ) );
#12215 = PCURVE('',#12216,#12221);
#12216 = PLANE('',#12217);
#12217 = AXIS2_PLACEMENT_3D('',#12218,#12219,#12220);
#12218 = CARTESIAN_POINT('',(-697.,653.,39.));
#12219 = DIRECTION('',(-0.,1.,0.));
#12220 = DIRECTION('',(0.,0.,1.));
#12221 = DEFINITIONAL_REPRESENTATION('',(#12222),#12225);
#12222 = B_SPLINE_CURVE_WITH_KNOTS('',1,(#12223,#12224),.UNSPECIFIED.,
  .F.,.F.,(2,2),(-35.5,-1.5),.PIECEWISE_BEZIER_KNOTS.);
#12223 = CARTESIAN_POINT('',(481.,34.));
#12224 = CARTESIAN_POINT('',(481.,0.));
#12225 = ( GEOMETRIC_REPRESENTATION_CONTEXT(2) 
PARAMETRIC_REPRESENTATION_CONTEXT() REPRESENTATION_CONTEXT('2D SPACE',''
  ) );
#12226 = ORIENTED_EDGE('',*,*,#12227,.T.);
#12227 = EDGE_CURVE('',#12194,#12228,#12230,.T.);
#12228 = VERTEX_POINT('',#12229);
#12229 = CARTESIAN_POINT('',(-663.,687.,520.));
#12230 = SURFACE_CURVE('',#12231,(#12235,#12242),.PCURVE_S1.);
#12231 = LINE('',#12232,#12233);
#12232 = CARTESIAN_POINT('',(-663.,651.5,520.));
#12233 = VECTOR('',#12234,1.);
#12234 = DIRECTION('',(-0.,1.,0.));
#12235 = PCURVE('',#12204,#12236);
#12236 = DEFINITIONAL_REPRESENTATION('',(#12237),#12241);
#12237 = LINE('',#12238,#12239);
#12238 = CARTESIAN_POINT('',(37.,461.5));
#12239 = VECTOR('',#12240,1.);
#12240 = DIRECTION('',(0.,1.));
#12241 = ( GEOMETRIC_REPRESENTATION_CONTEXT(2) 
PARAMETRIC_REPRESENTATION_CONTEXT() REPRESENTATION_CONTEXT('2D SPACE',''
  ) );
#12242 = PCURVE('',#12243,#12248);
#12243 = PLANE('',#12244);
#12244 = AXIS2_PLACEMENT_3D('',#12245,#12246,#12247);
#12245 = CARTESIAN_POINT('',(-663.,653.,39.));
#12246 = DIRECTION('',(1.,0.,-0.));
#12247 = DIRECTION('',(0.,0.,1.));
#12248 = DEFINITIONAL_REPRESENTATION('',(#12249),#12252);
#12249 = B_SPLINE_CURVE_WITH_KNOTS('',1,(#12250,#12251),.UNSPECIFIED.,
  .F.,.F.,(2,2),(1.5,35.5),.PIECEWISE_BEZIER_KNOTS.);
#12250 = CARTESIAN_POINT('',(481.,0.));
#12251 = CARTESIAN_POINT('',(481.,-34.));
#12252 = ( GEOMETRIC_REPRESENTATION_CONTEXT(2) 
PARAMETRIC_REPRESENTATION_CONTEXT() REPRESENTATION_CONTEXT('2D SPACE',''
  ) );
#12253 = ORIENTED_EDGE('',*,*,#12254,.T.);
#12254 = EDGE_CURVE('',#12228,#12255,#12257,.T.);
#12255 = VERTEX_POINT('',#12256);
#12256 = CARTESIAN_POINT('',(-697.,687.,520.));
#12257 = SURFACE_CURVE('',#12258,(#12262,#12269),.PCURVE_S1.);
#12258 = LINE('',#12259,#12260);
#12259 = CARTESIAN_POINT('',(-698.5,687.,520.));
#12260 = VECTOR('',#12261,1.);
#12261 = DIRECTION('',(-1.,-0.,0.));
#12262 = PCURVE('',#12204,#12263);
#12263 = DEFINITIONAL_REPRESENTATION('',(#12264),#12268);
#12264 = LINE('',#12265,#12266);
#12265 = CARTESIAN_POINT('',(1.5,497.));
#12266 = VECTOR('',#12267,1.);
#12267 = DIRECTION('',(-1.,0.));
#12268 = ( GEOMETRIC_REPRESENTATION_CONTEXT(2) 
PARAMETRIC_REPRESENTATION_CONTEXT() REPRESENTATION_CONTEXT('2D SPACE',''
  ) );
#12269 = PCURVE('',#12270,#12275);
#12270 = PLANE('',#12271);
#12271 = AXIS2_PLACEMENT_3D('',#12272,#12273,#12274);
#12272 = CARTESIAN_POINT('',(-697.,687.,39.));
#12273 = DIRECTION('',(-0.,1.,0.));
#12274 = DIRECTION('',(0.,0.,1.));
#12275 = DEFINITIONAL_REPRESENTATION('',(#12276),#12279);
#12276 = B_SPLINE_CURVE_WITH_KNOTS('',1,(#12277,#12278),.UNSPECIFIED.,
  .F.,.F.,(2,2),(-35.5,-1.5),.PIECEWISE_BEZIER_KNOTS.);
#12277 = CARTESIAN_POINT('',(481.,34.));
#12278 = CARTESIAN_POINT('',(481.,0.));
#12279 = ( GEOMETRIC_REPRESENTATION_CONTEXT(2) 
PARAMETRIC_REPRESENTATION_CONTEXT() REPRESENTATION_CONTEXT('2D SPACE',''
  ) );
#12280 = ORIENTED_EDGE('',*,*,#12281,.F.);
#12281 = EDGE_CURVE('',#12196,#12255,#12282,.T.);
#12282 = SURFACE_CURVE('',#12283,(#12287,#12294),.PCURVE_S1.);
#12283 = LINE('',#12284,#12285);
#12284 = CARTESIAN_POINT('',(-697.,651.5,520.));
#12285 = VECTOR('',#12286,1.);
#12286 = DIRECTION('',(-0.,1.,0.));
#12287 = PCURVE('',#12204,#12288);
#12288 = DEFINITIONAL_REPRESENTATION('',(#12289),#12293);
#12289 = LINE('',#12290,#12291);
#12290 = CARTESIAN_POINT('',(3.,461.5));
#12291 = VECTOR('',#12292,1.);
#12292 = DIRECTION('',(0.,1.));
#12293 = ( GEOMETRIC_REPRESENTATION_CONTEXT(2) 
PARAMETRIC_REPRESENTATION_CONTEXT() REPRESENTATION_CONTEXT('2D SPACE',''
  ) );
#12294 = PCURVE('',#12295,#12300);
#12295 = PLANE('',#12296);
#12296 = AXIS2_PLACEMENT_3D('',#12297,#12298,#12299);
#12297 = CARTESIAN_POINT('',(-697.,653.,39.));
#12298 = DIRECTION('',(1.,0.,-0.));
#12299 = DIRECTION('',(0.,0.,1.));
#12300 = DEFINITIONAL_REPRESENTATION('',(#12301),#12304);
#12301 = B_SPLINE_CURVE_WITH_KNOTS('',1,(#12302,#12303),.UNSPECIFIED.,
  .F.,.F.,(2,2),(1.5,35.5),.PIECEWISE_BEZIER_KNOTS.);
#12302 = CARTESIAN_POINT('',(481.,0.));
#12303 = CARTESIAN_POINT('',(481.,-34.));
#12304 = ( GEOMETRIC_REPRESENTATION_CONTEXT(2) 
PARAMETRIC_REPRESENTATION_CONTEXT() REPRESENTATION_CONTEXT('2D SPACE',''
  ) );
#12305 = ADVANCED_FACE('',(#12306),#12216,.F.);
#12306 = FACE_BOUND('',#12307,.F.);
#12307 = EDGE_LOOP('',(#12308,#12331,#12358,#12379));
#12308 = ORIENTED_EDGE('',*,*,#12309,.F.);
#12309 = EDGE_CURVE('',#12310,#12194,#12312,.T.);
#12310 = VERTEX_POINT('',#12311);
#12311 = CARTESIAN_POINT('',(-663.,653.,40.));
#12312 = SURFACE_CURVE('',#12313,(#12317,#12324),.PCURVE_S1.);
#12313 = LINE('',#12314,#12315);
#12314 = CARTESIAN_POINT('',(-663.,653.,39.));
#12315 = VECTOR('',#12316,1.);
#12316 = DIRECTION('',(0.,0.,1.));
#12317 = PCURVE('',#12216,#12318);
#12318 = DEFINITIONAL_REPRESENTATION('',(#12319),#12323);
#12319 = LINE('',#12320,#12321);
#12320 = CARTESIAN_POINT('',(0.,34.));
#12321 = VECTOR('',#12322,1.);
#12322 = DIRECTION('',(1.,0.));
#12323 = ( GEOMETRIC_REPRESENTATION_CONTEXT(2) 
PARAMETRIC_REPRESENTATION_CONTEXT() REPRESENTATION_CONTEXT('2D SPACE',''
  ) );
#12324 = PCURVE('',#12243,#12325);
#12325 = DEFINITIONAL_REPRESENTATION('',(#12326),#12330);
#12326 = LINE('',#12327,#12328);
#12327 = CARTESIAN_POINT('',(0.,0.));
#12328 = VECTOR('',#12329,1.);
#12329 = DIRECTION('',(1.,0.));
#12330 = ( GEOMETRIC_REPRESENTATION_CONTEXT(2) 
PARAMETRIC_REPRESENTATION_CONTEXT() REPRESENTATION_CONTEXT('2D SPACE',''
  ) );
#12331 = ORIENTED_EDGE('',*,*,#12332,.T.);
#12332 = EDGE_CURVE('',#12310,#12333,#12335,.T.);
#12333 = VERTEX_POINT('',#12334);
#12334 = CARTESIAN_POINT('',(-697.,653.,40.));
#12335 = SURFACE_CURVE('',#12336,(#12340,#12346),.PCURVE_S1.);
#12336 = LINE('',#12337,#12338);
#12337 = CARTESIAN_POINT('',(-698.5,653.,40.));
#12338 = VECTOR('',#12339,1.);
#12339 = DIRECTION('',(-1.,-0.,0.));
#12340 = PCURVE('',#12216,#12341);
#12341 = DEFINITIONAL_REPRESENTATION('',(#12342),#12345);
#12342 = B_SPLINE_CURVE_WITH_KNOTS('',1,(#12343,#12344),.UNSPECIFIED.,
  .F.,.F.,(2,2),(-35.5,-1.5),.PIECEWISE_BEZIER_KNOTS.);
#12343 = CARTESIAN_POINT('',(1.,34.));
#12344 = CARTESIAN_POINT('',(1.,0.));
#12345 = ( GEOMETRIC_REPRESENTATION_CONTEXT(2) 
PARAMETRIC_REPRESENTATION_CONTEXT() REPRESENTATION_CONTEXT('2D SPACE',''
  ) );
#12346 = PCURVE('',#12347,#12352);
#12347 = PLANE('',#12348);
#12348 = AXIS2_PLACEMENT_3D('',#12349,#12350,#12351);
#12349 = CARTESIAN_POINT('',(-700.,190.,40.));
#12350 = DIRECTION('',(0.,0.,1.));
#12351 = DIRECTION('',(1.,0.,-0.));
#12352 = DEFINITIONAL_REPRESENTATION('',(#12353),#12357);
#12353 = LINE('',#12354,#12355);
#12354 = CARTESIAN_POINT('',(1.5,463.));
#12355 = VECTOR('',#12356,1.);
#12356 = DIRECTION('',(-1.,0.));
#12357 = ( GEOMETRIC_REPRESENTATION_CONTEXT(2) 
PARAMETRIC_REPRESENTATION_CONTEXT() REPRESENTATION_CONTEXT('2D SPACE',''
  ) );
#12358 = ORIENTED_EDGE('',*,*,#12359,.T.);
#12359 = EDGE_CURVE('',#12333,#12196,#12360,.T.);
#12360 = SURFACE_CURVE('',#12361,(#12365,#12372),.PCURVE_S1.);
#12361 = LINE('',#12362,#12363);
#12362 = CARTESIAN_POINT('',(-697.,653.,39.));
#12363 = VECTOR('',#12364,1.);
#12364 = DIRECTION('',(0.,0.,1.));
#12365 = PCURVE('',#12216,#12366);
#12366 = DEFINITIONAL_REPRESENTATION('',(#12367),#12371);
#12367 = LINE('',#12368,#12369);
#12368 = CARTESIAN_POINT('',(0.,0.));
#12369 = VECTOR('',#12370,1.);
#12370 = DIRECTION('',(1.,0.));
#12371 = ( GEOMETRIC_REPRESENTATION_CONTEXT(2) 
PARAMETRIC_REPRESENTATION_CONTEXT() REPRESENTATION_CONTEXT('2D SPACE',''
  ) );
#12372 = PCURVE('',#12295,#12373);
#12373 = DEFINITIONAL_REPRESENTATION('',(#12374),#12378);
#12374 = LINE('',#12375,#12376);
#12375 = CARTESIAN_POINT('',(0.,0.));
#12376 = VECTOR('',#12377,1.);
#12377 = DIRECTION('',(1.,0.));
#12378 = ( GEOMETRIC_REPRESENTATION_CONTEXT(2) 
PARAMETRIC_REPRESENTATION_CONTEXT() REPRESENTATION_CONTEXT('2D SPACE',''
  ) );
#12379 = ORIENTED_EDGE('',*,*,#12193,.F.);
#12380 = ADVANCED_FACE('',(#12381),#12295,.F.);
#12381 = FACE_BOUND('',#12382,.F.);
#12382 = EDGE_LOOP('',(#12383,#12384,#12406,#12427));
#12383 = ORIENTED_EDGE('',*,*,#12359,.F.);
#12384 = ORIENTED_EDGE('',*,*,#12385,.T.);
#12385 = EDGE_CURVE('',#12333,#12386,#12388,.T.);
#12386 = VERTEX_POINT('',#12387);
#12387 = CARTESIAN_POINT('',(-697.,687.,40.));
#12388 = SURFACE_CURVE('',#12389,(#12393,#12399),.PCURVE_S1.);
#12389 = LINE('',#12390,#12391);
#12390 = CARTESIAN_POINT('',(-697.,651.5,40.));
#12391 = VECTOR('',#12392,1.);
#12392 = DIRECTION('',(-0.,1.,0.));
#12393 = PCURVE('',#12295,#12394);
#12394 = DEFINITIONAL_REPRESENTATION('',(#12395),#12398);
#12395 = B_SPLINE_CURVE_WITH_KNOTS('',1,(#12396,#12397),.UNSPECIFIED.,
  .F.,.F.,(2,2),(1.5,35.5),.PIECEWISE_BEZIER_KNOTS.);
#12396 = CARTESIAN_POINT('',(1.,0.));
#12397 = CARTESIAN_POINT('',(1.,-34.));
#12398 = ( GEOMETRIC_REPRESENTATION_CONTEXT(2) 
PARAMETRIC_REPRESENTATION_CONTEXT() REPRESENTATION_CONTEXT('2D SPACE',''
  ) );
#12399 = PCURVE('',#12347,#12400);
#12400 = DEFINITIONAL_REPRESENTATION('',(#12401),#12405);
#12401 = LINE('',#12402,#12403);
#12402 = CARTESIAN_POINT('',(3.,461.5));
#12403 = VECTOR('',#12404,1.);
#12404 = DIRECTION('',(0.,1.));
#12405 = ( GEOMETRIC_REPRESENTATION_CONTEXT(2) 
PARAMETRIC_REPRESENTATION_CONTEXT() REPRESENTATION_CONTEXT('2D SPACE',''
  ) );
#12406 = ORIENTED_EDGE('',*,*,#12407,.T.);
#12407 = EDGE_CURVE('',#12386,#12255,#12408,.T.);
#12408 = SURFACE_CURVE('',#12409,(#12413,#12420),.PCURVE_S1.);
#12409 = LINE('',#12410,#12411);
#12410 = CARTESIAN_POINT('',(-697.,687.,39.));
#12411 = VECTOR('',#12412,1.);
#12412 = DIRECTION('',(0.,0.,1.));
#12413 = PCURVE('',#12295,#12414);
#12414 = DEFINITIONAL_REPRESENTATION('',(#12415),#12419);
#12415 = LINE('',#12416,#12417);
#12416 = CARTESIAN_POINT('',(0.,-34.));
#12417 = VECTOR('',#12418,1.);
#12418 = DIRECTION('',(1.,0.));
#12419 = ( GEOMETRIC_REPRESENTATION_CONTEXT(2) 
PARAMETRIC_REPRESENTATION_CONTEXT() REPRESENTATION_CONTEXT('2D SPACE',''
  ) );
#12420 = PCURVE('',#12270,#12421);
#12421 = DEFINITIONAL_REPRESENTATION('',(#12422),#12426);
#12422 = LINE('',#12423,#12424);
#12423 = CARTESIAN_POINT('',(0.,0.));
#12424 = VECTOR('',#12425,1.);
#12425 = DIRECTION('',(1.,0.));
#12426 = ( GEOMETRIC_REPRESENTATION_CONTEXT(2) 
PARAMETRIC_REPRESENTATION_CONTEXT() REPRESENTATION_CONTEXT('2D SPACE',''
  ) );
#12427 = ORIENTED_EDGE('',*,*,#12281,.F.);
#12428 = ADVANCED_FACE('',(#12429),#12270,.T.);
#12429 = FACE_BOUND('',#12430,.T.);
#12430 = EDGE_LOOP('',(#12431,#12454,#12474,#12475));
#12431 = ORIENTED_EDGE('',*,*,#12432,.F.);
#12432 = EDGE_CURVE('',#12433,#12228,#12435,.T.);
#12433 = VERTEX_POINT('',#12434);
#12434 = CARTESIAN_POINT('',(-663.,687.,40.));
#12435 = SURFACE_CURVE('',#12436,(#12440,#12447),.PCURVE_S1.);
#12436 = LINE('',#12437,#12438);
#12437 = CARTESIAN_POINT('',(-663.,687.,39.));
#12438 = VECTOR('',#12439,1.);
#12439 = DIRECTION('',(0.,0.,1.));
#12440 = PCURVE('',#12270,#12441);
#12441 = DEFINITIONAL_REPRESENTATION('',(#12442),#12446);
#12442 = LINE('',#12443,#12444);
#12443 = CARTESIAN_POINT('',(0.,34.));
#12444 = VECTOR('',#12445,1.);
#12445 = DIRECTION('',(1.,0.));
#12446 = ( GEOMETRIC_REPRESENTATION_CONTEXT(2) 
PARAMETRIC_REPRESENTATION_CONTEXT() REPRESENTATION_CONTEXT('2D SPACE',''
  ) );
#12447 = PCURVE('',#12243,#12448);
#12448 = DEFINITIONAL_REPRESENTATION('',(#12449),#12453);
#12449 = LINE('',#12450,#12451);
#12450 = CARTESIAN_POINT('',(0.,-34.));
#12451 = VECTOR('',#12452,1.);
#12452 = DIRECTION('',(1.,0.));
#12453 = ( GEOMETRIC_REPRESENTATION_CONTEXT(2) 
PARAMETRIC_REPRESENTATION_CONTEXT() REPRESENTATION_CONTEXT('2D SPACE',''
  ) );
#12454 = ORIENTED_EDGE('',*,*,#12455,.T.);
#12455 = EDGE_CURVE('',#12433,#12386,#12456,.T.);
#12456 = SURFACE_CURVE('',#12457,(#12461,#12467),.PCURVE_S1.);
#12457 = LINE('',#12458,#12459);
#12458 = CARTESIAN_POINT('',(-698.5,687.,40.));
#12459 = VECTOR('',#12460,1.);
#12460 = DIRECTION('',(-1.,-0.,0.));
#12461 = PCURVE('',#12270,#12462);
#12462 = DEFINITIONAL_REPRESENTATION('',(#12463),#12466);
#12463 = B_SPLINE_CURVE_WITH_KNOTS('',1,(#12464,#12465),.UNSPECIFIED.,
  .F.,.F.,(2,2),(-35.5,-1.5),.PIECEWISE_BEZIER_KNOTS.);
#12464 = CARTESIAN_POINT('',(1.,34.));
#12465 = CARTESIAN_POINT('',(1.,0.));
#12466 = ( GEOMETRIC_REPRESENTATION_CONTEXT(2) 
PARAMETRIC_REPRESENTATION_CONTEXT() REPRESENTATION_CONTEXT('2D SPACE',''
  ) );
#12467 = PCURVE('',#12347,#12468);
#12468 = DEFINITIONAL_REPRESENTATION('',(#12469),#12473);
#12469 = LINE('',#12470,#12471);
#12470 = CARTESIAN_POINT('',(1.5,497.));
#12471 = VECTOR('',#12472,1.);
#12472 = DIRECTION('',(-1.,0.));
#12473 = ( GEOMETRIC_REPRESENTATION_CONTEXT(2) 
PARAMETRIC_REPRESENTATION_CONTEXT() REPRESENTATION_CONTEXT('2D SPACE',''
  ) );
#12474 = ORIENTED_EDGE('',*,*,#12407,.T.);
#12475 = ORIENTED_EDGE('',*,*,#12254,.F.);
#12476 = ADVANCED_FACE('',(#12477),#12243,.T.);
#12477 = FACE_BOUND('',#12478,.T.);
#12478 = EDGE_LOOP('',(#12479,#12480,#12500,#12501));
#12479 = ORIENTED_EDGE('',*,*,#12309,.F.);
#12480 = ORIENTED_EDGE('',*,*,#12481,.T.);
#12481 = EDGE_CURVE('',#12310,#12433,#12482,.T.);
#12482 = SURFACE_CURVE('',#12483,(#12487,#12493),.PCURVE_S1.);
#12483 = LINE('',#12484,#12485);
#12484 = CARTESIAN_POINT('',(-663.,651.5,40.));
#12485 = VECTOR('',#12486,1.);
#12486 = DIRECTION('',(-0.,1.,0.));
#12487 = PCURVE('',#12243,#12488);
#12488 = DEFINITIONAL_REPRESENTATION('',(#12489),#12492);
#12489 = B_SPLINE_CURVE_WITH_KNOTS('',1,(#12490,#12491),.UNSPECIFIED.,
  .F.,.F.,(2,2),(1.5,35.5),.PIECEWISE_BEZIER_KNOTS.);
#12490 = CARTESIAN_POINT('',(1.,0.));
#12491 = CARTESIAN_POINT('',(1.,-34.));
#12492 = ( GEOMETRIC_REPRESENTATION_CONTEXT(2) 
PARAMETRIC_REPRESENTATION_CONTEXT() REPRESENTATION_CONTEXT('2D SPACE',''
  ) );
#12493 = PCURVE('',#12347,#12494);
#12494 = DEFINITIONAL_REPRESENTATION('',(#12495),#12499);
#12495 = LINE('',#12496,#12497);
#12496 = CARTESIAN_POINT('',(37.,461.5));
#12497 = VECTOR('',#12498,1.);
#12498 = DIRECTION('',(0.,1.));
#12499 = ( GEOMETRIC_REPRESENTATION_CONTEXT(2) 
PARAMETRIC_REPRESENTATION_CONTEXT() REPRESENTATION_CONTEXT('2D SPACE',''
  ) );
#12500 = ORIENTED_EDGE('',*,*,#12432,.T.);
#12501 = ORIENTED_EDGE('',*,*,#12227,.F.);
#12502 = ADVANCED_FACE('',(#12503),#12347,.F.);
#12503 = FACE_BOUND('',#12504,.F.);
#12504 = EDGE_LOOP('',(#12505,#12506,#12507,#12508));
#12505 = ORIENTED_EDGE('',*,*,#12332,.F.);
#12506 = ORIENTED_EDGE('',*,*,#12481,.T.);
#12507 = ORIENTED_EDGE('',*,*,#12455,.T.);
#12508 = ORIENTED_EDGE('',*,*,#12385,.F.);
#12509 = ORIENTED_CLOSED_SHELL('',*,#12510,.F.);
#12510 = CLOSED_SHELL('',(#12511,#12627,#12702,#12750,#12798,#12824));
#12511 = ADVANCED_FACE('',(#12512),#12526,.F.);
#12512 = FACE_BOUND('',#12513,.F.);
#12513 = EDGE_LOOP('',(#12514,#12548,#12575,#12602));
#12514 = ORIENTED_EDGE('',*,*,#12515,.F.);
#12515 = EDGE_CURVE('',#12516,#12518,#12520,.T.);
#12516 = VERTEX_POINT('',#12517);
#12517 = CARTESIAN_POINT('',(-697.,230.,557.));
#12518 = VERTEX_POINT('',#12519);
#12519 = CARTESIAN_POINT('',(-697.,230.,523.));
#12520 = SURFACE_CURVE('',#12521,(#12525,#12537),.PCURVE_S1.);
#12521 = LINE('',#12522,#12523);
#12522 = CARTESIAN_POINT('',(-697.,230.,521.5));
#12523 = VECTOR('',#12524,1.);
#12524 = DIRECTION('',(-0.,0.,-1.));
#12525 = PCURVE('',#12526,#12531);
#12526 = PLANE('',#12527);
#12527 = AXIS2_PLACEMENT_3D('',#12528,#12529,#12530);
#12528 = CARTESIAN_POINT('',(-700.,230.,520.));
#12529 = DIRECTION('',(-0.,1.,0.));
#12530 = DIRECTION('',(0.,0.,1.));
#12531 = DEFINITIONAL_REPRESENTATION('',(#12532),#12536);
#12532 = LINE('',#12533,#12534);
#12533 = CARTESIAN_POINT('',(1.5,3.));
#12534 = VECTOR('',#12535,1.);
#12535 = DIRECTION('',(-1.,0.));
#12536 = ( GEOMETRIC_REPRESENTATION_CONTEXT(2) 
PARAMETRIC_REPRESENTATION_CONTEXT() REPRESENTATION_CONTEXT('2D SPACE',''
  ) );
#12537 = PCURVE('',#12538,#12543);
#12538 = PLANE('',#12539);
#12539 = AXIS2_PLACEMENT_3D('',#12540,#12541,#12542);
#12540 = CARTESIAN_POINT('',(-697.,229.,523.));
#12541 = DIRECTION('',(1.,0.,-0.));
#12542 = DIRECTION('',(0.,0.,1.));
#12543 = DEFINITIONAL_REPRESENTATION('',(#12544),#12547);
#12544 = B_SPLINE_CURVE_WITH_KNOTS('',1,(#12545,#12546),.UNSPECIFIED.,
  .F.,.F.,(2,2),(-35.5,-1.5),.PIECEWISE_BEZIER_KNOTS.);
#12545 = CARTESIAN_POINT('',(34.,-1.));
#12546 = CARTESIAN_POINT('',(0.,-1.));
#12547 = ( GEOMETRIC_REPRESENTATION_CONTEXT(2) 
PARAMETRIC_REPRESENTATION_CONTEXT() REPRESENTATION_CONTEXT('2D SPACE',''
  ) );
#12548 = ORIENTED_EDGE('',*,*,#12549,.T.);
#12549 = EDGE_CURVE('',#12516,#12550,#12552,.T.);
#12550 = VERTEX_POINT('',#12551);
#12551 = CARTESIAN_POINT('',(-663.,230.,557.));
#12552 = SURFACE_CURVE('',#12553,(#12557,#12564),.PCURVE_S1.);
#12553 = LINE('',#12554,#12555);
#12554 = CARTESIAN_POINT('',(-698.5,230.,557.));
#12555 = VECTOR('',#12556,1.);
#12556 = DIRECTION('',(1.,0.,-0.));
#12557 = PCURVE('',#12526,#12558);
#12558 = DEFINITIONAL_REPRESENTATION('',(#12559),#12563);
#12559 = LINE('',#12560,#12561);
#12560 = CARTESIAN_POINT('',(37.,1.5));
#12561 = VECTOR('',#12562,1.);
#12562 = DIRECTION('',(0.,1.));
#12563 = ( GEOMETRIC_REPRESENTATION_CONTEXT(2) 
PARAMETRIC_REPRESENTATION_CONTEXT() REPRESENTATION_CONTEXT('2D SPACE',''
  ) );
#12564 = PCURVE('',#12565,#12570);
#12565 = PLANE('',#12566);
#12566 = AXIS2_PLACEMENT_3D('',#12567,#12568,#12569);
#12567 = CARTESIAN_POINT('',(-697.,229.,557.));
#12568 = DIRECTION('',(0.,0.,1.));
#12569 = DIRECTION('',(1.,0.,-0.));
#12570 = DEFINITIONAL_REPRESENTATION('',(#12571),#12574);
#12571 = B_SPLINE_CURVE_WITH_KNOTS('',1,(#12572,#12573),.UNSPECIFIED.,
  .F.,.F.,(2,2),(1.5,35.5),.PIECEWISE_BEZIER_KNOTS.);
#12572 = CARTESIAN_POINT('',(0.,1.));
#12573 = CARTESIAN_POINT('',(34.,1.));
#12574 = ( GEOMETRIC_REPRESENTATION_CONTEXT(2) 
PARAMETRIC_REPRESENTATION_CONTEXT() REPRESENTATION_CONTEXT('2D SPACE',''
  ) );
#12575 = ORIENTED_EDGE('',*,*,#12576,.T.);
#12576 = EDGE_CURVE('',#12550,#12577,#12579,.T.);
#12577 = VERTEX_POINT('',#12578);
#12578 = CARTESIAN_POINT('',(-663.,230.,523.));
#12579 = SURFACE_CURVE('',#12580,(#12584,#12591),.PCURVE_S1.);
#12580 = LINE('',#12581,#12582);
#12581 = CARTESIAN_POINT('',(-663.,230.,521.5));
#12582 = VECTOR('',#12583,1.);
#12583 = DIRECTION('',(-0.,0.,-1.));
#12584 = PCURVE('',#12526,#12585);
#12585 = DEFINITIONAL_REPRESENTATION('',(#12586),#12590);
#12586 = LINE('',#12587,#12588);
#12587 = CARTESIAN_POINT('',(1.5,37.));
#12588 = VECTOR('',#12589,1.);
#12589 = DIRECTION('',(-1.,0.));
#12590 = ( GEOMETRIC_REPRESENTATION_CONTEXT(2) 
PARAMETRIC_REPRESENTATION_CONTEXT() REPRESENTATION_CONTEXT('2D SPACE',''
  ) );
#12591 = PCURVE('',#12592,#12597);
#12592 = PLANE('',#12593);
#12593 = AXIS2_PLACEMENT_3D('',#12594,#12595,#12596);
#12594 = CARTESIAN_POINT('',(-663.,229.,523.));
#12595 = DIRECTION('',(1.,0.,-0.));
#12596 = DIRECTION('',(0.,0.,1.));
#12597 = DEFINITIONAL_REPRESENTATION('',(#12598),#12601);
#12598 = B_SPLINE_CURVE_WITH_KNOTS('',1,(#12599,#12600),.UNSPECIFIED.,
  .F.,.F.,(2,2),(-35.5,-1.5),.PIECEWISE_BEZIER_KNOTS.);
#12599 = CARTESIAN_POINT('',(34.,-1.));
#12600 = CARTESIAN_POINT('',(0.,-1.));
#12601 = ( GEOMETRIC_REPRESENTATION_CONTEXT(2) 
PARAMETRIC_REPRESENTATION_CONTEXT() REPRESENTATION_CONTEXT('2D SPACE',''
  ) );
#12602 = ORIENTED_EDGE('',*,*,#12603,.F.);
#12603 = EDGE_CURVE('',#12518,#12577,#12604,.T.);
#12604 = SURFACE_CURVE('',#12605,(#12609,#12616),.PCURVE_S1.);
#12605 = LINE('',#12606,#12607);
#12606 = CARTESIAN_POINT('',(-698.5,230.,523.));
#12607 = VECTOR('',#12608,1.);
#12608 = DIRECTION('',(1.,0.,-0.));
#12609 = PCURVE('',#12526,#12610);
#12610 = DEFINITIONAL_REPRESENTATION('',(#12611),#12615);
#12611 = LINE('',#12612,#12613);
#12612 = CARTESIAN_POINT('',(3.,1.5));
#12613 = VECTOR('',#12614,1.);
#12614 = DIRECTION('',(0.,1.));
#12615 = ( GEOMETRIC_REPRESENTATION_CONTEXT(2) 
PARAMETRIC_REPRESENTATION_CONTEXT() REPRESENTATION_CONTEXT('2D SPACE',''
  ) );
#12616 = PCURVE('',#12617,#12622);
#12617 = PLANE('',#12618);
#12618 = AXIS2_PLACEMENT_3D('',#12619,#12620,#12621);
#12619 = CARTESIAN_POINT('',(-697.,229.,523.));
#12620 = DIRECTION('',(0.,0.,1.));
#12621 = DIRECTION('',(1.,0.,-0.));
#12622 = DEFINITIONAL_REPRESENTATION('',(#12623),#12626);
#12623 = B_SPLINE_CURVE_WITH_KNOTS('',1,(#12624,#12625),.UNSPECIFIED.,
  .F.,.F.,(2,2),(1.5,35.5),.PIECEWISE_BEZIER_KNOTS.);
#12624 = CARTESIAN_POINT('',(0.,1.));
#12625 = CARTESIAN_POINT('',(34.,1.));
#12626 = ( GEOMETRIC_REPRESENTATION_CONTEXT(2) 
PARAMETRIC_REPRESENTATION_CONTEXT() REPRESENTATION_CONTEXT('2D SPACE',''
  ) );
#12627 = ADVANCED_FACE('',(#12628),#12538,.F.);
#12628 = FACE_BOUND('',#12629,.F.);
#12629 = EDGE_LOOP('',(#12630,#12653,#12654,#12677));
#12630 = ORIENTED_EDGE('',*,*,#12631,.F.);
#12631 = EDGE_CURVE('',#12516,#12632,#12634,.T.);
#12632 = VERTEX_POINT('',#12633);
#12633 = CARTESIAN_POINT('',(-697.,650.,557.));
#12634 = SURFACE_CURVE('',#12635,(#12639,#12646),.PCURVE_S1.);
#12635 = LINE('',#12636,#12637);
#12636 = CARTESIAN_POINT('',(-697.,229.,557.));
#12637 = VECTOR('',#12638,1.);
#12638 = DIRECTION('',(-0.,1.,0.));
#12639 = PCURVE('',#12538,#12640);
#12640 = DEFINITIONAL_REPRESENTATION('',(#12641),#12645);
#12641 = LINE('',#12642,#12643);
#12642 = CARTESIAN_POINT('',(34.,0.));
#12643 = VECTOR('',#12644,1.);
#12644 = DIRECTION('',(0.,-1.));
#12645 = ( GEOMETRIC_REPRESENTATION_CONTEXT(2) 
PARAMETRIC_REPRESENTATION_CONTEXT() REPRESENTATION_CONTEXT('2D SPACE',''
  ) );
#12646 = PCURVE('',#12565,#12647);
#12647 = DEFINITIONAL_REPRESENTATION('',(#12648),#12652);
#12648 = LINE('',#12649,#12650);
#12649 = CARTESIAN_POINT('',(0.,0.));
#12650 = VECTOR('',#12651,1.);
#12651 = DIRECTION('',(0.,1.));
#12652 = ( GEOMETRIC_REPRESENTATION_CONTEXT(2) 
PARAMETRIC_REPRESENTATION_CONTEXT() REPRESENTATION_CONTEXT('2D SPACE',''
  ) );
#12653 = ORIENTED_EDGE('',*,*,#12515,.T.);
#12654 = ORIENTED_EDGE('',*,*,#12655,.T.);
#12655 = EDGE_CURVE('',#12518,#12656,#12658,.T.);
#12656 = VERTEX_POINT('',#12657);
#12657 = CARTESIAN_POINT('',(-697.,650.,523.));
#12658 = SURFACE_CURVE('',#12659,(#12663,#12670),.PCURVE_S1.);
#12659 = LINE('',#12660,#12661);
#12660 = CARTESIAN_POINT('',(-697.,229.,523.));
#12661 = VECTOR('',#12662,1.);
#12662 = DIRECTION('',(-0.,1.,0.));
#12663 = PCURVE('',#12538,#12664);
#12664 = DEFINITIONAL_REPRESENTATION('',(#12665),#12669);
#12665 = LINE('',#12666,#12667);
#12666 = CARTESIAN_POINT('',(0.,0.));
#12667 = VECTOR('',#12668,1.);
#12668 = DIRECTION('',(0.,-1.));
#12669 = ( GEOMETRIC_REPRESENTATION_CONTEXT(2) 
PARAMETRIC_REPRESENTATION_CONTEXT() REPRESENTATION_CONTEXT('2D SPACE',''
  ) );
#12670 = PCURVE('',#12617,#12671);
#12671 = DEFINITIONAL_REPRESENTATION('',(#12672),#12676);
#12672 = LINE('',#12673,#12674);
#12673 = CARTESIAN_POINT('',(0.,0.));
#12674 = VECTOR('',#12675,1.);
#12675 = DIRECTION('',(0.,1.));
#12676 = ( GEOMETRIC_REPRESENTATION_CONTEXT(2) 
PARAMETRIC_REPRESENTATION_CONTEXT() REPRESENTATION_CONTEXT('2D SPACE',''
  ) );
#12677 = ORIENTED_EDGE('',*,*,#12678,.F.);
#12678 = EDGE_CURVE('',#12632,#12656,#12679,.T.);
#12679 = SURFACE_CURVE('',#12680,(#12684,#12690),.PCURVE_S1.);
#12680 = LINE('',#12681,#12682);
#12681 = CARTESIAN_POINT('',(-697.,650.,521.5));
#12682 = VECTOR('',#12683,1.);
#12683 = DIRECTION('',(-0.,0.,-1.));
#12684 = PCURVE('',#12538,#12685);
#12685 = DEFINITIONAL_REPRESENTATION('',(#12686),#12689);
#12686 = B_SPLINE_CURVE_WITH_KNOTS('',1,(#12687,#12688),.UNSPECIFIED.,
  .F.,.F.,(2,2),(-35.5,-1.5),.PIECEWISE_BEZIER_KNOTS.);
#12687 = CARTESIAN_POINT('',(34.,-421.));
#12688 = CARTESIAN_POINT('',(0.,-421.));
#12689 = ( GEOMETRIC_REPRESENTATION_CONTEXT(2) 
PARAMETRIC_REPRESENTATION_CONTEXT() REPRESENTATION_CONTEXT('2D SPACE',''
  ) );
#12690 = PCURVE('',#12691,#12696);
#12691 = PLANE('',#12692);
#12692 = AXIS2_PLACEMENT_3D('',#12693,#12694,#12695);
#12693 = CARTESIAN_POINT('',(-700.,650.,520.));
#12694 = DIRECTION('',(-0.,1.,0.));
#12695 = DIRECTION('',(0.,0.,1.));
#12696 = DEFINITIONAL_REPRESENTATION('',(#12697),#12701);
#12697 = LINE('',#12698,#12699);
#12698 = CARTESIAN_POINT('',(1.5,3.));
#12699 = VECTOR('',#12700,1.);
#12700 = DIRECTION('',(-1.,0.));
#12701 = ( GEOMETRIC_REPRESENTATION_CONTEXT(2) 
PARAMETRIC_REPRESENTATION_CONTEXT() REPRESENTATION_CONTEXT('2D SPACE',''
  ) );
#12702 = ADVANCED_FACE('',(#12703),#12617,.F.);
#12703 = FACE_BOUND('',#12704,.F.);
#12704 = EDGE_LOOP('',(#12705,#12706,#12707,#12730));
#12705 = ORIENTED_EDGE('',*,*,#12655,.F.);
#12706 = ORIENTED_EDGE('',*,*,#12603,.T.);
#12707 = ORIENTED_EDGE('',*,*,#12708,.T.);
#12708 = EDGE_CURVE('',#12577,#12709,#12711,.T.);
#12709 = VERTEX_POINT('',#12710);
#12710 = CARTESIAN_POINT('',(-663.,650.,523.));
#12711 = SURFACE_CURVE('',#12712,(#12716,#12723),.PCURVE_S1.);
#12712 = LINE('',#12713,#12714);
#12713 = CARTESIAN_POINT('',(-663.,229.,523.));
#12714 = VECTOR('',#12715,1.);
#12715 = DIRECTION('',(-0.,1.,0.));
#12716 = PCURVE('',#12617,#12717);
#12717 = DEFINITIONAL_REPRESENTATION('',(#12718),#12722);
#12718 = LINE('',#12719,#12720);
#12719 = CARTESIAN_POINT('',(34.,0.));
#12720 = VECTOR('',#12721,1.);
#12721 = DIRECTION('',(0.,1.));
#12722 = ( GEOMETRIC_REPRESENTATION_CONTEXT(2) 
PARAMETRIC_REPRESENTATION_CONTEXT() REPRESENTATION_CONTEXT('2D SPACE',''
  ) );
#12723 = PCURVE('',#12592,#12724);
#12724 = DEFINITIONAL_REPRESENTATION('',(#12725),#12729);
#12725 = LINE('',#12726,#12727);
#12726 = CARTESIAN_POINT('',(0.,0.));
#12727 = VECTOR('',#12728,1.);
#12728 = DIRECTION('',(0.,-1.));
#12729 = ( GEOMETRIC_REPRESENTATION_CONTEXT(2) 
PARAMETRIC_REPRESENTATION_CONTEXT() REPRESENTATION_CONTEXT('2D SPACE',''
  ) );
#12730 = ORIENTED_EDGE('',*,*,#12731,.F.);
#12731 = EDGE_CURVE('',#12656,#12709,#12732,.T.);
#12732 = SURFACE_CURVE('',#12733,(#12737,#12743),.PCURVE_S1.);
#12733 = LINE('',#12734,#12735);
#12734 = CARTESIAN_POINT('',(-698.5,650.,523.));
#12735 = VECTOR('',#12736,1.);
#12736 = DIRECTION('',(1.,0.,-0.));
#12737 = PCURVE('',#12617,#12738);
#12738 = DEFINITIONAL_REPRESENTATION('',(#12739),#12742);
#12739 = B_SPLINE_CURVE_WITH_KNOTS('',1,(#12740,#12741),.UNSPECIFIED.,
  .F.,.F.,(2,2),(1.5,35.5),.PIECEWISE_BEZIER_KNOTS.);
#12740 = CARTESIAN_POINT('',(0.,421.));
#12741 = CARTESIAN_POINT('',(34.,421.));
#12742 = ( GEOMETRIC_REPRESENTATION_CONTEXT(2) 
PARAMETRIC_REPRESENTATION_CONTEXT() REPRESENTATION_CONTEXT('2D SPACE',''
  ) );
#12743 = PCURVE('',#12691,#12744);
#12744 = DEFINITIONAL_REPRESENTATION('',(#12745),#12749);
#12745 = LINE('',#12746,#12747);
#12746 = CARTESIAN_POINT('',(3.,1.5));
#12747 = VECTOR('',#12748,1.);
#12748 = DIRECTION('',(0.,1.));
#12749 = ( GEOMETRIC_REPRESENTATION_CONTEXT(2) 
PARAMETRIC_REPRESENTATION_CONTEXT() REPRESENTATION_CONTEXT('2D SPACE',''
  ) );
#12750 = ADVANCED_FACE('',(#12751),#12592,.T.);
#12751 = FACE_BOUND('',#12752,.T.);
#12752 = EDGE_LOOP('',(#12753,#12776,#12777,#12778));
#12753 = ORIENTED_EDGE('',*,*,#12754,.F.);
#12754 = EDGE_CURVE('',#12550,#12755,#12757,.T.);
#12755 = VERTEX_POINT('',#12756);
#12756 = CARTESIAN_POINT('',(-663.,650.,557.));
#12757 = SURFACE_CURVE('',#12758,(#12762,#12769),.PCURVE_S1.);
#12758 = LINE('',#12759,#12760);
#12759 = CARTESIAN_POINT('',(-663.,229.,557.));
#12760 = VECTOR('',#12761,1.);
#12761 = DIRECTION('',(-0.,1.,0.));
#12762 = PCURVE('',#12592,#12763);
#12763 = DEFINITIONAL_REPRESENTATION('',(#12764),#12768);
#12764 = LINE('',#12765,#12766);
#12765 = CARTESIAN_POINT('',(34.,0.));
#12766 = VECTOR('',#12767,1.);
#12767 = DIRECTION('',(0.,-1.));
#12768 = ( GEOMETRIC_REPRESENTATION_CONTEXT(2) 
PARAMETRIC_REPRESENTATION_CONTEXT() REPRESENTATION_CONTEXT('2D SPACE',''
  ) );
#12769 = PCURVE('',#12565,#12770);
#12770 = DEFINITIONAL_REPRESENTATION('',(#12771),#12775);
#12771 = LINE('',#12772,#12773);
#12772 = CARTESIAN_POINT('',(34.,0.));
#12773 = VECTOR('',#12774,1.);
#12774 = DIRECTION('',(0.,1.));
#12775 = ( GEOMETRIC_REPRESENTATION_CONTEXT(2) 
PARAMETRIC_REPRESENTATION_CONTEXT() REPRESENTATION_CONTEXT('2D SPACE',''
  ) );
#12776 = ORIENTED_EDGE('',*,*,#12576,.T.);
#12777 = ORIENTED_EDGE('',*,*,#12708,.T.);
#12778 = ORIENTED_EDGE('',*,*,#12779,.F.);
#12779 = EDGE_CURVE('',#12755,#12709,#12780,.T.);
#12780 = SURFACE_CURVE('',#12781,(#12785,#12791),.PCURVE_S1.);
#12781 = LINE('',#12782,#12783);
#12782 = CARTESIAN_POINT('',(-663.,650.,521.5));
#12783 = VECTOR('',#12784,1.);
#12784 = DIRECTION('',(-0.,0.,-1.));
#12785 = PCURVE('',#12592,#12786);
#12786 = DEFINITIONAL_REPRESENTATION('',(#12787),#12790);
#12787 = B_SPLINE_CURVE_WITH_KNOTS('',1,(#12788,#12789),.UNSPECIFIED.,
  .F.,.F.,(2,2),(-35.5,-1.5),.PIECEWISE_BEZIER_KNOTS.);
#12788 = CARTESIAN_POINT('',(34.,-421.));
#12789 = CARTESIAN_POINT('',(0.,-421.));
#12790 = ( GEOMETRIC_REPRESENTATION_CONTEXT(2) 
PARAMETRIC_REPRESENTATION_CONTEXT() REPRESENTATION_CONTEXT('2D SPACE',''
  ) );
#12791 = PCURVE('',#12691,#12792);
#12792 = DEFINITIONAL_REPRESENTATION('',(#12793),#12797);
#12793 = LINE('',#12794,#12795);
#12794 = CARTESIAN_POINT('',(1.5,37.));
#12795 = VECTOR('',#12796,1.);
#12796 = DIRECTION('',(-1.,0.));
#12797 = ( GEOMETRIC_REPRESENTATION_CONTEXT(2) 
PARAMETRIC_REPRESENTATION_CONTEXT() REPRESENTATION_CONTEXT('2D SPACE',''
  ) );
#12798 = ADVANCED_FACE('',(#12799),#12565,.T.);
#12799 = FACE_BOUND('',#12800,.T.);
#12800 = EDGE_LOOP('',(#12801,#12802,#12803,#12804));
#12801 = ORIENTED_EDGE('',*,*,#12631,.F.);
#12802 = ORIENTED_EDGE('',*,*,#12549,.T.);
#12803 = ORIENTED_EDGE('',*,*,#12754,.T.);
#12804 = ORIENTED_EDGE('',*,*,#12805,.F.);
#12805 = EDGE_CURVE('',#12632,#12755,#12806,.T.);
#12806 = SURFACE_CURVE('',#12807,(#12811,#12817),.PCURVE_S1.);
#12807 = LINE('',#12808,#12809);
#12808 = CARTESIAN_POINT('',(-698.5,650.,557.));
#12809 = VECTOR('',#12810,1.);
#12810 = DIRECTION('',(1.,0.,-0.));
#12811 = PCURVE('',#12565,#12812);
#12812 = DEFINITIONAL_REPRESENTATION('',(#12813),#12816);
#12813 = B_SPLINE_CURVE_WITH_KNOTS('',1,(#12814,#12815),.UNSPECIFIED.,
  .F.,.F.,(2,2),(1.5,35.5),.PIECEWISE_BEZIER_KNOTS.);
#12814 = CARTESIAN_POINT('',(0.,421.));
#12815 = CARTESIAN_POINT('',(34.,421.));
#12816 = ( GEOMETRIC_REPRESENTATION_CONTEXT(2) 
PARAMETRIC_REPRESENTATION_CONTEXT() REPRESENTATION_CONTEXT('2D SPACE',''
  ) );
#12817 = PCURVE('',#12691,#12818);
#12818 = DEFINITIONAL_REPRESENTATION('',(#12819),#12823);
#12819 = LINE('',#12820,#12821);
#12820 = CARTESIAN_POINT('',(37.,1.5));
#12821 = VECTOR('',#12822,1.);
#12822 = DIRECTION('',(0.,1.));
#12823 = ( GEOMETRIC_REPRESENTATION_CONTEXT(2) 
PARAMETRIC_REPRESENTATION_CONTEXT() REPRESENTATION_CONTEXT('2D SPACE',''
  ) );
#12824 = ADVANCED_FACE('',(#12825),#12691,.T.);
#12825 = FACE_BOUND('',#12826,.T.);
#12826 = EDGE_LOOP('',(#12827,#12828,#12829,#12830));
#12827 = ORIENTED_EDGE('',*,*,#12678,.F.);
#12828 = ORIENTED_EDGE('',*,*,#12805,.T.);
#12829 = ORIENTED_EDGE('',*,*,#12779,.T.);
#12830 = ORIENTED_EDGE('',*,*,#12731,.F.);
#12831 = ORIENTED_CLOSED_SHELL('',*,#12832,.F.);
#12832 = CLOSED_SHELL('',(#12833,#12949,#13024,#13072,#13120,#13146));
#12833 = ADVANCED_FACE('',(#12834),#12848,.T.);
#12834 = FACE_BOUND('',#12835,.T.);
#12835 = EDGE_LOOP('',(#12836,#12870,#12897,#12924));
#12836 = ORIENTED_EDGE('',*,*,#12837,.F.);
#12837 = EDGE_CURVE('',#12838,#12840,#12842,.T.);
#12838 = VERTEX_POINT('',#12839);
#12839 = CARTESIAN_POINT('',(-3.,653.,520.));
#12840 = VERTEX_POINT('',#12841);
#12841 = CARTESIAN_POINT('',(-37.,653.,520.));
#12842 = SURFACE_CURVE('',#12843,(#12847,#12859),.PCURVE_S1.);
#12843 = LINE('',#12844,#12845);
#12844 = CARTESIAN_POINT('',(-38.5,653.,520.));
#12845 = VECTOR('',#12846,1.);
#12846 = DIRECTION('',(-1.,-0.,0.));
#12847 = PCURVE('',#12848,#12853);
#12848 = PLANE('',#12849);
#12849 = AXIS2_PLACEMENT_3D('',#12850,#12851,#12852);
#12850 = CARTESIAN_POINT('',(-700.,190.,520.));
#12851 = DIRECTION('',(0.,0.,1.));
#12852 = DIRECTION('',(1.,0.,-0.));
#12853 = DEFINITIONAL_REPRESENTATION('',(#12854),#12858);
#12854 = LINE('',#12855,#12856);
#12855 = CARTESIAN_POINT('',(661.5,463.));
#12856 = VECTOR('',#12857,1.);
#12857 = DIRECTION('',(-1.,0.));
#12858 = ( GEOMETRIC_REPRESENTATION_CONTEXT(2) 
PARAMETRIC_REPRESENTATION_CONTEXT() REPRESENTATION_CONTEXT('2D SPACE',''
  ) );
#12859 = PCURVE('',#12860,#12865);
#12860 = PLANE('',#12861);
#12861 = AXIS2_PLACEMENT_3D('',#12862,#12863,#12864);
#12862 = CARTESIAN_POINT('',(-37.,653.,39.));
#12863 = DIRECTION('',(-0.,1.,0.));
#12864 = DIRECTION('',(0.,0.,1.));
#12865 = DEFINITIONAL_REPRESENTATION('',(#12866),#12869);
#12866 = B_SPLINE_CURVE_WITH_KNOTS('',1,(#12867,#12868),.UNSPECIFIED.,
  .F.,.F.,(2,2),(-35.5,-1.5),.PIECEWISE_BEZIER_KNOTS.);
#12867 = CARTESIAN_POINT('',(481.,34.));
#12868 = CARTESIAN_POINT('',(481.,0.));
#12869 = ( GEOMETRIC_REPRESENTATION_CONTEXT(2) 
PARAMETRIC_REPRESENTATION_CONTEXT() REPRESENTATION_CONTEXT('2D SPACE',''
  ) );
#12870 = ORIENTED_EDGE('',*,*,#12871,.T.);
#12871 = EDGE_CURVE('',#12838,#12872,#12874,.T.);
#12872 = VERTEX_POINT('',#12873);
#12873 = CARTESIAN_POINT('',(-3.,687.,520.));
#12874 = SURFACE_CURVE('',#12875,(#12879,#12886),.PCURVE_S1.);
#12875 = LINE('',#12876,#12877);
#12876 = CARTESIAN_POINT('',(-3.,651.5,520.));
#12877 = VECTOR('',#12878,1.);
#12878 = DIRECTION('',(-0.,1.,0.));
#12879 = PCURVE('',#12848,#12880);
#12880 = DEFINITIONAL_REPRESENTATION('',(#12881),#12885);
#12881 = LINE('',#12882,#12883);
#12882 = CARTESIAN_POINT('',(697.,461.5));
#12883 = VECTOR('',#12884,1.);
#12884 = DIRECTION('',(0.,1.));
#12885 = ( GEOMETRIC_REPRESENTATION_CONTEXT(2) 
PARAMETRIC_REPRESENTATION_CONTEXT() REPRESENTATION_CONTEXT('2D SPACE',''
  ) );
#12886 = PCURVE('',#12887,#12892);
#12887 = PLANE('',#12888);
#12888 = AXIS2_PLACEMENT_3D('',#12889,#12890,#12891);
#12889 = CARTESIAN_POINT('',(-3.,653.,39.));
#12890 = DIRECTION('',(1.,0.,-0.));
#12891 = DIRECTION('',(0.,0.,1.));
#12892 = DEFINITIONAL_REPRESENTATION('',(#12893),#12896);
#12893 = B_SPLINE_CURVE_WITH_KNOTS('',1,(#12894,#12895),.UNSPECIFIED.,
  .F.,.F.,(2,2),(1.5,35.5),.PIECEWISE_BEZIER_KNOTS.);
#12894 = CARTESIAN_POINT('',(481.,0.));
#12895 = CARTESIAN_POINT('',(481.,-34.));
#12896 = ( GEOMETRIC_REPRESENTATION_CONTEXT(2) 
PARAMETRIC_REPRESENTATION_CONTEXT() REPRESENTATION_CONTEXT('2D SPACE',''
  ) );
#12897 = ORIENTED_EDGE('',*,*,#12898,.T.);
#12898 = EDGE_CURVE('',#12872,#12899,#12901,.T.);
#12899 = VERTEX_POINT('',#12900);
#12900 = CARTESIAN_POINT('',(-37.,687.,520.));
#12901 = SURFACE_CURVE('',#12902,(#12906,#12913),.PCURVE_S1.);
#12902 = LINE('',#12903,#12904);
#12903 = CARTESIAN_POINT('',(-38.5,687.,520.));
#12904 = VECTOR('',#12905,1.);
#12905 = DIRECTION('',(-1.,-0.,0.));
#12906 = PCURVE('',#12848,#12907);
#12907 = DEFINITIONAL_REPRESENTATION('',(#12908),#12912);
#12908 = LINE('',#12909,#12910);
#12909 = CARTESIAN_POINT('',(661.5,497.));
#12910 = VECTOR('',#12911,1.);
#12911 = DIRECTION('',(-1.,0.));
#12912 = ( GEOMETRIC_REPRESENTATION_CONTEXT(2) 
PARAMETRIC_REPRESENTATION_CONTEXT() REPRESENTATION_CONTEXT('2D SPACE',''
  ) );
#12913 = PCURVE('',#12914,#12919);
#12914 = PLANE('',#12915);
#12915 = AXIS2_PLACEMENT_3D('',#12916,#12917,#12918);
#12916 = CARTESIAN_POINT('',(-37.,687.,39.));
#12917 = DIRECTION('',(-0.,1.,0.));
#12918 = DIRECTION('',(0.,0.,1.));
#12919 = DEFINITIONAL_REPRESENTATION('',(#12920),#12923);
#12920 = B_SPLINE_CURVE_WITH_KNOTS('',1,(#12921,#12922),.UNSPECIFIED.,
  .F.,.F.,(2,2),(-35.5,-1.5),.PIECEWISE_BEZIER_KNOTS.);
#12921 = CARTESIAN_POINT('',(481.,34.));
#12922 = CARTESIAN_POINT('',(481.,0.));
#12923 = ( GEOMETRIC_REPRESENTATION_CONTEXT(2) 
PARAMETRIC_REPRESENTATION_CONTEXT() REPRESENTATION_CONTEXT('2D SPACE',''
  ) );
#12924 = ORIENTED_EDGE('',*,*,#12925,.F.);
#12925 = EDGE_CURVE('',#12840,#12899,#12926,.T.);
#12926 = SURFACE_CURVE('',#12927,(#12931,#12938),.PCURVE_S1.);
#12927 = LINE('',#12928,#12929);
#12928 = CARTESIAN_POINT('',(-37.,651.5,520.));
#12929 = VECTOR('',#12930,1.);
#12930 = DIRECTION('',(-0.,1.,0.));
#12931 = PCURVE('',#12848,#12932);
#12932 = DEFINITIONAL_REPRESENTATION('',(#12933),#12937);
#12933 = LINE('',#12934,#12935);
#12934 = CARTESIAN_POINT('',(663.,461.5));
#12935 = VECTOR('',#12936,1.);
#12936 = DIRECTION('',(0.,1.));
#12937 = ( GEOMETRIC_REPRESENTATION_CONTEXT(2) 
PARAMETRIC_REPRESENTATION_CONTEXT() REPRESENTATION_CONTEXT('2D SPACE',''
  ) );
#12938 = PCURVE('',#12939,#12944);
#12939 = PLANE('',#12940);
#12940 = AXIS2_PLACEMENT_3D('',#12941,#12942,#12943);
#12941 = CARTESIAN_POINT('',(-37.,653.,39.));
#12942 = DIRECTION('',(1.,0.,-0.));
#12943 = DIRECTION('',(0.,0.,1.));
#12944 = DEFINITIONAL_REPRESENTATION('',(#12945),#12948);
#12945 = B_SPLINE_CURVE_WITH_KNOTS('',1,(#12946,#12947),.UNSPECIFIED.,
  .F.,.F.,(2,2),(1.5,35.5),.PIECEWISE_BEZIER_KNOTS.);
#12946 = CARTESIAN_POINT('',(481.,0.));
#12947 = CARTESIAN_POINT('',(481.,-34.));
#12948 = ( GEOMETRIC_REPRESENTATION_CONTEXT(2) 
PARAMETRIC_REPRESENTATION_CONTEXT() REPRESENTATION_CONTEXT('2D SPACE',''
  ) );
#12949 = ADVANCED_FACE('',(#12950),#12860,.F.);
#12950 = FACE_BOUND('',#12951,.F.);
#12951 = EDGE_LOOP('',(#12952,#12975,#13002,#13023));
#12952 = ORIENTED_EDGE('',*,*,#12953,.F.);
#12953 = EDGE_CURVE('',#12954,#12838,#12956,.T.);
#12954 = VERTEX_POINT('',#12955);
#12955 = CARTESIAN_POINT('',(-3.,653.,40.));
#12956 = SURFACE_CURVE('',#12957,(#12961,#12968),.PCURVE_S1.);
#12957 = LINE('',#12958,#12959);
#12958 = CARTESIAN_POINT('',(-3.,653.,39.));
#12959 = VECTOR('',#12960,1.);
#12960 = DIRECTION('',(0.,0.,1.));
#12961 = PCURVE('',#12860,#12962);
#12962 = DEFINITIONAL_REPRESENTATION('',(#12963),#12967);
#12963 = LINE('',#12964,#12965);
#12964 = CARTESIAN_POINT('',(0.,34.));
#12965 = VECTOR('',#12966,1.);
#12966 = DIRECTION('',(1.,0.));
#12967 = ( GEOMETRIC_REPRESENTATION_CONTEXT(2) 
PARAMETRIC_REPRESENTATION_CONTEXT() REPRESENTATION_CONTEXT('2D SPACE',''
  ) );
#12968 = PCURVE('',#12887,#12969);
#12969 = DEFINITIONAL_REPRESENTATION('',(#12970),#12974);
#12970 = LINE('',#12971,#12972);
#12971 = CARTESIAN_POINT('',(0.,0.));
#12972 = VECTOR('',#12973,1.);
#12973 = DIRECTION('',(1.,0.));
#12974 = ( GEOMETRIC_REPRESENTATION_CONTEXT(2) 
PARAMETRIC_REPRESENTATION_CONTEXT() REPRESENTATION_CONTEXT('2D SPACE',''
  ) );
#12975 = ORIENTED_EDGE('',*,*,#12976,.T.);
#12976 = EDGE_CURVE('',#12954,#12977,#12979,.T.);
#12977 = VERTEX_POINT('',#12978);
#12978 = CARTESIAN_POINT('',(-37.,653.,40.));
#12979 = SURFACE_CURVE('',#12980,(#12984,#12990),.PCURVE_S1.);
#12980 = LINE('',#12981,#12982);
#12981 = CARTESIAN_POINT('',(-38.5,653.,40.));
#12982 = VECTOR('',#12983,1.);
#12983 = DIRECTION('',(-1.,-0.,0.));
#12984 = PCURVE('',#12860,#12985);
#12985 = DEFINITIONAL_REPRESENTATION('',(#12986),#12989);
#12986 = B_SPLINE_CURVE_WITH_KNOTS('',1,(#12987,#12988),.UNSPECIFIED.,
  .F.,.F.,(2,2),(-35.5,-1.5),.PIECEWISE_BEZIER_KNOTS.);
#12987 = CARTESIAN_POINT('',(1.,34.));
#12988 = CARTESIAN_POINT('',(1.,0.));
#12989 = ( GEOMETRIC_REPRESENTATION_CONTEXT(2) 
PARAMETRIC_REPRESENTATION_CONTEXT() REPRESENTATION_CONTEXT('2D SPACE',''
  ) );
#12990 = PCURVE('',#12991,#12996);
#12991 = PLANE('',#12992);
#12992 = AXIS2_PLACEMENT_3D('',#12993,#12994,#12995);
#12993 = CARTESIAN_POINT('',(-700.,190.,40.));
#12994 = DIRECTION('',(0.,0.,1.));
#12995 = DIRECTION('',(1.,0.,-0.));
#12996 = DEFINITIONAL_REPRESENTATION('',(#12997),#13001);
#12997 = LINE('',#12998,#12999);
#12998 = CARTESIAN_POINT('',(661.5,463.));
#12999 = VECTOR('',#13000,1.);
#13000 = DIRECTION('',(-1.,0.));
#13001 = ( GEOMETRIC_REPRESENTATION_CONTEXT(2) 
PARAMETRIC_REPRESENTATION_CONTEXT() REPRESENTATION_CONTEXT('2D SPACE',''
  ) );
#13002 = ORIENTED_EDGE('',*,*,#13003,.T.);
#13003 = EDGE_CURVE('',#12977,#12840,#13004,.T.);
#13004 = SURFACE_CURVE('',#13005,(#13009,#13016),.PCURVE_S1.);
#13005 = LINE('',#13006,#13007);
#13006 = CARTESIAN_POINT('',(-37.,653.,39.));
#13007 = VECTOR('',#13008,1.);
#13008 = DIRECTION('',(0.,0.,1.));
#13009 = PCURVE('',#12860,#13010);
#13010 = DEFINITIONAL_REPRESENTATION('',(#13011),#13015);
#13011 = LINE('',#13012,#13013);
#13012 = CARTESIAN_POINT('',(0.,0.));
#13013 = VECTOR('',#13014,1.);
#13014 = DIRECTION('',(1.,0.));
#13015 = ( GEOMETRIC_REPRESENTATION_CONTEXT(2) 
PARAMETRIC_REPRESENTATION_CONTEXT() REPRESENTATION_CONTEXT('2D SPACE',''
  ) );
#13016 = PCURVE('',#12939,#13017);
#13017 = DEFINITIONAL_REPRESENTATION('',(#13018),#13022);
#13018 = LINE('',#13019,#13020);
#13019 = CARTESIAN_POINT('',(0.,0.));
#13020 = VECTOR('',#13021,1.);
#13021 = DIRECTION('',(1.,0.));
#13022 = ( GEOMETRIC_REPRESENTATION_CONTEXT(2) 
PARAMETRIC_REPRESENTATION_CONTEXT() REPRESENTATION_CONTEXT('2D SPACE',''
  ) );
#13023 = ORIENTED_EDGE('',*,*,#12837,.F.);
#13024 = ADVANCED_FACE('',(#13025),#12939,.F.);
#13025 = FACE_BOUND('',#13026,.F.);
#13026 = EDGE_LOOP('',(#13027,#13028,#13050,#13071));
#13027 = ORIENTED_EDGE('',*,*,#13003,.F.);
#13028 = ORIENTED_EDGE('',*,*,#13029,.T.);
#13029 = EDGE_CURVE('',#12977,#13030,#13032,.T.);
#13030 = VERTEX_POINT('',#13031);
#13031 = CARTESIAN_POINT('',(-37.,687.,40.));
#13032 = SURFACE_CURVE('',#13033,(#13037,#13043),.PCURVE_S1.);
#13033 = LINE('',#13034,#13035);
#13034 = CARTESIAN_POINT('',(-37.,651.5,40.));
#13035 = VECTOR('',#13036,1.);
#13036 = DIRECTION('',(-0.,1.,0.));
#13037 = PCURVE('',#12939,#13038);
#13038 = DEFINITIONAL_REPRESENTATION('',(#13039),#13042);
#13039 = B_SPLINE_CURVE_WITH_KNOTS('',1,(#13040,#13041),.UNSPECIFIED.,
  .F.,.F.,(2,2),(1.5,35.5),.PIECEWISE_BEZIER_KNOTS.);
#13040 = CARTESIAN_POINT('',(1.,0.));
#13041 = CARTESIAN_POINT('',(1.,-34.));
#13042 = ( GEOMETRIC_REPRESENTATION_CONTEXT(2) 
PARAMETRIC_REPRESENTATION_CONTEXT() REPRESENTATION_CONTEXT('2D SPACE',''
  ) );
#13043 = PCURVE('',#12991,#13044);
#13044 = DEFINITIONAL_REPRESENTATION('',(#13045),#13049);
#13045 = LINE('',#13046,#13047);
#13046 = CARTESIAN_POINT('',(663.,461.5));
#13047 = VECTOR('',#13048,1.);
#13048 = DIRECTION('',(0.,1.));
#13049 = ( GEOMETRIC_REPRESENTATION_CONTEXT(2) 
PARAMETRIC_REPRESENTATION_CONTEXT() REPRESENTATION_CONTEXT('2D SPACE',''
  ) );
#13050 = ORIENTED_EDGE('',*,*,#13051,.T.);
#13051 = EDGE_CURVE('',#13030,#12899,#13052,.T.);
#13052 = SURFACE_CURVE('',#13053,(#13057,#13064),.PCURVE_S1.);
#13053 = LINE('',#13054,#13055);
#13054 = CARTESIAN_POINT('',(-37.,687.,39.));
#13055 = VECTOR('',#13056,1.);
#13056 = DIRECTION('',(0.,0.,1.));
#13057 = PCURVE('',#12939,#13058);
#13058 = DEFINITIONAL_REPRESENTATION('',(#13059),#13063);
#13059 = LINE('',#13060,#13061);
#13060 = CARTESIAN_POINT('',(0.,-34.));
#13061 = VECTOR('',#13062,1.);
#13062 = DIRECTION('',(1.,0.));
#13063 = ( GEOMETRIC_REPRESENTATION_CONTEXT(2) 
PARAMETRIC_REPRESENTATION_CONTEXT() REPRESENTATION_CONTEXT('2D SPACE',''
  ) );
#13064 = PCURVE('',#12914,#13065);
#13065 = DEFINITIONAL_REPRESENTATION('',(#13066),#13070);
#13066 = LINE('',#13067,#13068);
#13067 = CARTESIAN_POINT('',(0.,0.));
#13068 = VECTOR('',#13069,1.);
#13069 = DIRECTION('',(1.,0.));
#13070 = ( GEOMETRIC_REPRESENTATION_CONTEXT(2) 
PARAMETRIC_REPRESENTATION_CONTEXT() REPRESENTATION_CONTEXT('2D SPACE',''
  ) );
#13071 = ORIENTED_EDGE('',*,*,#12925,.F.);
#13072 = ADVANCED_FACE('',(#13073),#12914,.T.);
#13073 = FACE_BOUND('',#13074,.T.);
#13074 = EDGE_LOOP('',(#13075,#13098,#13118,#13119));
#13075 = ORIENTED_EDGE('',*,*,#13076,.F.);
#13076 = EDGE_CURVE('',#13077,#12872,#13079,.T.);
#13077 = VERTEX_POINT('',#13078);
#13078 = CARTESIAN_POINT('',(-3.,687.,40.));
#13079 = SURFACE_CURVE('',#13080,(#13084,#13091),.PCURVE_S1.);
#13080 = LINE('',#13081,#13082);
#13081 = CARTESIAN_POINT('',(-3.,687.,39.));
#13082 = VECTOR('',#13083,1.);
#13083 = DIRECTION('',(0.,0.,1.));
#13084 = PCURVE('',#12914,#13085);
#13085 = DEFINITIONAL_REPRESENTATION('',(#13086),#13090);
#13086 = LINE('',#13087,#13088);
#13087 = CARTESIAN_POINT('',(0.,34.));
#13088 = VECTOR('',#13089,1.);
#13089 = DIRECTION('',(1.,0.));
#13090 = ( GEOMETRIC_REPRESENTATION_CONTEXT(2) 
PARAMETRIC_REPRESENTATION_CONTEXT() REPRESENTATION_CONTEXT('2D SPACE',''
  ) );
#13091 = PCURVE('',#12887,#13092);
#13092 = DEFINITIONAL_REPRESENTATION('',(#13093),#13097);
#13093 = LINE('',#13094,#13095);
#13094 = CARTESIAN_POINT('',(0.,-34.));
#13095 = VECTOR('',#13096,1.);
#13096 = DIRECTION('',(1.,0.));
#13097 = ( GEOMETRIC_REPRESENTATION_CONTEXT(2) 
PARAMETRIC_REPRESENTATION_CONTEXT() REPRESENTATION_CONTEXT('2D SPACE',''
  ) );
#13098 = ORIENTED_EDGE('',*,*,#13099,.T.);
#13099 = EDGE_CURVE('',#13077,#13030,#13100,.T.);
#13100 = SURFACE_CURVE('',#13101,(#13105,#13111),.PCURVE_S1.);
#13101 = LINE('',#13102,#13103);
#13102 = CARTESIAN_POINT('',(-38.5,687.,40.));
#13103 = VECTOR('',#13104,1.);
#13104 = DIRECTION('',(-1.,-0.,0.));
#13105 = PCURVE('',#12914,#13106);
#13106 = DEFINITIONAL_REPRESENTATION('',(#13107),#13110);
#13107 = B_SPLINE_CURVE_WITH_KNOTS('',1,(#13108,#13109),.UNSPECIFIED.,
  .F.,.F.,(2,2),(-35.5,-1.5),.PIECEWISE_BEZIER_KNOTS.);
#13108 = CARTESIAN_POINT('',(1.,34.));
#13109 = CARTESIAN_POINT('',(1.,0.));
#13110 = ( GEOMETRIC_REPRESENTATION_CONTEXT(2) 
PARAMETRIC_REPRESENTATION_CONTEXT() REPRESENTATION_CONTEXT('2D SPACE',''
  ) );
#13111 = PCURVE('',#12991,#13112);
#13112 = DEFINITIONAL_REPRESENTATION('',(#13113),#13117);
#13113 = LINE('',#13114,#13115);
#13114 = CARTESIAN_POINT('',(661.5,497.));
#13115 = VECTOR('',#13116,1.);
#13116 = DIRECTION('',(-1.,0.));
#13117 = ( GEOMETRIC_REPRESENTATION_CONTEXT(2) 
PARAMETRIC_REPRESENTATION_CONTEXT() REPRESENTATION_CONTEXT('2D SPACE',''
  ) );
#13118 = ORIENTED_EDGE('',*,*,#13051,.T.);
#13119 = ORIENTED_EDGE('',*,*,#12898,.F.);
#13120 = ADVANCED_FACE('',(#13121),#12887,.T.);
#13121 = FACE_BOUND('',#13122,.T.);
#13122 = EDGE_LOOP('',(#13123,#13124,#13144,#13145));
#13123 = ORIENTED_EDGE('',*,*,#12953,.F.);
#13124 = ORIENTED_EDGE('',*,*,#13125,.T.);
#13125 = EDGE_CURVE('',#12954,#13077,#13126,.T.);
#13126 = SURFACE_CURVE('',#13127,(#13131,#13137),.PCURVE_S1.);
#13127 = LINE('',#13128,#13129);
#13128 = CARTESIAN_POINT('',(-3.,651.5,40.));
#13129 = VECTOR('',#13130,1.);
#13130 = DIRECTION('',(-0.,1.,0.));
#13131 = PCURVE('',#12887,#13132);
#13132 = DEFINITIONAL_REPRESENTATION('',(#13133),#13136);
#13133 = B_SPLINE_CURVE_WITH_KNOTS('',1,(#13134,#13135),.UNSPECIFIED.,
  .F.,.F.,(2,2),(1.5,35.5),.PIECEWISE_BEZIER_KNOTS.);
#13134 = CARTESIAN_POINT('',(1.,0.));
#13135 = CARTESIAN_POINT('',(1.,-34.));
#13136 = ( GEOMETRIC_REPRESENTATION_CONTEXT(2) 
PARAMETRIC_REPRESENTATION_CONTEXT() REPRESENTATION_CONTEXT('2D SPACE',''
  ) );
#13137 = PCURVE('',#12991,#13138);
#13138 = DEFINITIONAL_REPRESENTATION('',(#13139),#13143);
#13139 = LINE('',#13140,#13141);
#13140 = CARTESIAN_POINT('',(697.,461.5));
#13141 = VECTOR('',#13142,1.);
#13142 = DIRECTION('',(0.,1.));
#13143 = ( GEOMETRIC_REPRESENTATION_CONTEXT(2) 
PARAMETRIC_REPRESENTATION_CONTEXT() REPRESENTATION_CONTEXT('2D SPACE',''
  ) );
#13144 = ORIENTED_EDGE('',*,*,#13076,.T.);
#13145 = ORIENTED_EDGE('',*,*,#12871,.F.);
#13146 = ADVANCED_FACE('',(#13147),#12991,.F.);
#13147 = FACE_BOUND('',#13148,.F.);
#13148 = EDGE_LOOP('',(#13149,#13150,#13151,#13152));
#13149 = ORIENTED_EDGE('',*,*,#12976,.F.);
#13150 = ORIENTED_EDGE('',*,*,#13125,.T.);
#13151 = ORIENTED_EDGE('',*,*,#13099,.T.);
#13152 = ORIENTED_EDGE('',*,*,#13029,.F.);
#13153 = ORIENTED_CLOSED_SHELL('',*,#13154,.F.);
#13154 = CLOSED_SHELL('',(#13155,#13271,#13346,#13394,#13442,#13468));
#13155 = ADVANCED_FACE('',(#13156),#13170,.T.);
#13156 = FACE_BOUND('',#13157,.T.);
#13157 = EDGE_LOOP('',(#13158,#13192,#13219,#13246));
#13158 = ORIENTED_EDGE('',*,*,#13159,.F.);
#13159 = EDGE_CURVE('',#13160,#13162,#13164,.T.);
#13160 = VERTEX_POINT('',#13161);
#13161 = CARTESIAN_POINT('',(-37.,650.,557.));
#13162 = VERTEX_POINT('',#13163);
#13163 = CARTESIAN_POINT('',(-37.,650.,523.));
#13164 = SURFACE_CURVE('',#13165,(#13169,#13181),.PCURVE_S1.);
#13165 = LINE('',#13166,#13167);
#13166 = CARTESIAN_POINT('',(-37.,650.,521.5));
#13167 = VECTOR('',#13168,1.);
#13168 = DIRECTION('',(-0.,0.,-1.));
#13169 = PCURVE('',#13170,#13175);
#13170 = PLANE('',#13171);
#13171 = AXIS2_PLACEMENT_3D('',#13172,#13173,#13174);
#13172 = CARTESIAN_POINT('',(-700.,650.,520.));
#13173 = DIRECTION('',(-0.,1.,0.));
#13174 = DIRECTION('',(0.,0.,1.));
#13175 = DEFINITIONAL_REPRESENTATION('',(#13176),#13180);
#13176 = LINE('',#13177,#13178);
#13177 = CARTESIAN_POINT('',(1.5,663.));
#13178 = VECTOR('',#13179,1.);
#13179 = DIRECTION('',(-1.,0.));
#13180 = ( GEOMETRIC_REPRESENTATION_CONTEXT(2) 
PARAMETRIC_REPRESENTATION_CONTEXT() REPRESENTATION_CONTEXT('2D SPACE',''
  ) );
#13181 = PCURVE('',#13182,#13187);
#13182 = PLANE('',#13183);
#13183 = AXIS2_PLACEMENT_3D('',#13184,#13185,#13186);
#13184 = CARTESIAN_POINT('',(-37.,229.,523.));
#13185 = DIRECTION('',(1.,0.,-0.));
#13186 = DIRECTION('',(0.,0.,1.));
#13187 = DEFINITIONAL_REPRESENTATION('',(#13188),#13191);
#13188 = B_SPLINE_CURVE_WITH_KNOTS('',1,(#13189,#13190),.UNSPECIFIED.,
  .F.,.F.,(2,2),(-35.5,-1.5),.PIECEWISE_BEZIER_KNOTS.);
#13189 = CARTESIAN_POINT('',(34.,-421.));
#13190 = CARTESIAN_POINT('',(0.,-421.));
#13191 = ( GEOMETRIC_REPRESENTATION_CONTEXT(2) 
PARAMETRIC_REPRESENTATION_CONTEXT() REPRESENTATION_CONTEXT('2D SPACE',''
  ) );
#13192 = ORIENTED_EDGE('',*,*,#13193,.T.);
#13193 = EDGE_CURVE('',#13160,#13194,#13196,.T.);
#13194 = VERTEX_POINT('',#13195);
#13195 = CARTESIAN_POINT('',(-3.,650.,557.));
#13196 = SURFACE_CURVE('',#13197,(#13201,#13208),.PCURVE_S1.);
#13197 = LINE('',#13198,#13199);
#13198 = CARTESIAN_POINT('',(-38.5,650.,557.));
#13199 = VECTOR('',#13200,1.);
#13200 = DIRECTION('',(1.,0.,-0.));
#13201 = PCURVE('',#13170,#13202);
#13202 = DEFINITIONAL_REPRESENTATION('',(#13203),#13207);
#13203 = LINE('',#13204,#13205);
#13204 = CARTESIAN_POINT('',(37.,661.5));
#13205 = VECTOR('',#13206,1.);
#13206 = DIRECTION('',(0.,1.));
#13207 = ( GEOMETRIC_REPRESENTATION_CONTEXT(2) 
PARAMETRIC_REPRESENTATION_CONTEXT() REPRESENTATION_CONTEXT('2D SPACE',''
  ) );
#13208 = PCURVE('',#13209,#13214);
#13209 = PLANE('',#13210);
#13210 = AXIS2_PLACEMENT_3D('',#13211,#13212,#13213);
#13211 = CARTESIAN_POINT('',(-37.,229.,557.));
#13212 = DIRECTION('',(0.,0.,1.));
#13213 = DIRECTION('',(1.,0.,-0.));
#13214 = DEFINITIONAL_REPRESENTATION('',(#13215),#13218);
#13215 = B_SPLINE_CURVE_WITH_KNOTS('',1,(#13216,#13217),.UNSPECIFIED.,
  .F.,.F.,(2,2),(1.5,35.5),.PIECEWISE_BEZIER_KNOTS.);
#13216 = CARTESIAN_POINT('',(0.,421.));
#13217 = CARTESIAN_POINT('',(34.,421.));
#13218 = ( GEOMETRIC_REPRESENTATION_CONTEXT(2) 
PARAMETRIC_REPRESENTATION_CONTEXT() REPRESENTATION_CONTEXT('2D SPACE',''
  ) );
#13219 = ORIENTED_EDGE('',*,*,#13220,.T.);
#13220 = EDGE_CURVE('',#13194,#13221,#13223,.T.);
#13221 = VERTEX_POINT('',#13222);
#13222 = CARTESIAN_POINT('',(-3.,650.,523.));
#13223 = SURFACE_CURVE('',#13224,(#13228,#13235),.PCURVE_S1.);
#13224 = LINE('',#13225,#13226);
#13225 = CARTESIAN_POINT('',(-3.,650.,521.5));
#13226 = VECTOR('',#13227,1.);
#13227 = DIRECTION('',(-0.,0.,-1.));
#13228 = PCURVE('',#13170,#13229);
#13229 = DEFINITIONAL_REPRESENTATION('',(#13230),#13234);
#13230 = LINE('',#13231,#13232);
#13231 = CARTESIAN_POINT('',(1.5,697.));
#13232 = VECTOR('',#13233,1.);
#13233 = DIRECTION('',(-1.,0.));
#13234 = ( GEOMETRIC_REPRESENTATION_CONTEXT(2) 
PARAMETRIC_REPRESENTATION_CONTEXT() REPRESENTATION_CONTEXT('2D SPACE',''
  ) );
#13235 = PCURVE('',#13236,#13241);
#13236 = PLANE('',#13237);
#13237 = AXIS2_PLACEMENT_3D('',#13238,#13239,#13240);
#13238 = CARTESIAN_POINT('',(-3.,229.,523.));
#13239 = DIRECTION('',(1.,0.,-0.));
#13240 = DIRECTION('',(0.,0.,1.));
#13241 = DEFINITIONAL_REPRESENTATION('',(#13242),#13245);
#13242 = B_SPLINE_CURVE_WITH_KNOTS('',1,(#13243,#13244),.UNSPECIFIED.,
  .F.,.F.,(2,2),(-35.5,-1.5),.PIECEWISE_BEZIER_KNOTS.);
#13243 = CARTESIAN_POINT('',(34.,-421.));
#13244 = CARTESIAN_POINT('',(0.,-421.));
#13245 = ( GEOMETRIC_REPRESENTATION_CONTEXT(2) 
PARAMETRIC_REPRESENTATION_CONTEXT() REPRESENTATION_CONTEXT('2D SPACE',''
  ) );
#13246 = ORIENTED_EDGE('',*,*,#13247,.F.);
#13247 = EDGE_CURVE('',#13162,#13221,#13248,.T.);
#13248 = SURFACE_CURVE('',#13249,(#13253,#13260),.PCURVE_S1.);
#13249 = LINE('',#13250,#13251);
#13250 = CARTESIAN_POINT('',(-38.5,650.,523.));
#13251 = VECTOR('',#13252,1.);
#13252 = DIRECTION('',(1.,0.,-0.));
#13253 = PCURVE('',#13170,#13254);
#13254 = DEFINITIONAL_REPRESENTATION('',(#13255),#13259);
#13255 = LINE('',#13256,#13257);
#13256 = CARTESIAN_POINT('',(3.,661.5));
#13257 = VECTOR('',#13258,1.);
#13258 = DIRECTION('',(0.,1.));
#13259 = ( GEOMETRIC_REPRESENTATION_CONTEXT(2) 
PARAMETRIC_REPRESENTATION_CONTEXT() REPRESENTATION_CONTEXT('2D SPACE',''
  ) );
#13260 = PCURVE('',#13261,#13266);
#13261 = PLANE('',#13262);
#13262 = AXIS2_PLACEMENT_3D('',#13263,#13264,#13265);
#13263 = CARTESIAN_POINT('',(-37.,229.,523.));
#13264 = DIRECTION('',(0.,0.,1.));
#13265 = DIRECTION('',(1.,0.,-0.));
#13266 = DEFINITIONAL_REPRESENTATION('',(#13267),#13270);
#13267 = B_SPLINE_CURVE_WITH_KNOTS('',1,(#13268,#13269),.UNSPECIFIED.,
  .F.,.F.,(2,2),(1.5,35.5),.PIECEWISE_BEZIER_KNOTS.);
#13268 = CARTESIAN_POINT('',(0.,421.));
#13269 = CARTESIAN_POINT('',(34.,421.));
#13270 = ( GEOMETRIC_REPRESENTATION_CONTEXT(2) 
PARAMETRIC_REPRESENTATION_CONTEXT() REPRESENTATION_CONTEXT('2D SPACE',''
  ) );
#13271 = ADVANCED_FACE('',(#13272),#13182,.F.);
#13272 = FACE_BOUND('',#13273,.F.);
#13273 = EDGE_LOOP('',(#13274,#13297,#13324,#13345));
#13274 = ORIENTED_EDGE('',*,*,#13275,.F.);
#13275 = EDGE_CURVE('',#13276,#13160,#13278,.T.);
#13276 = VERTEX_POINT('',#13277);
#13277 = CARTESIAN_POINT('',(-37.,230.,557.));
#13278 = SURFACE_CURVE('',#13279,(#13283,#13290),.PCURVE_S1.);
#13279 = LINE('',#13280,#13281);
#13280 = CARTESIAN_POINT('',(-37.,229.,557.));
#13281 = VECTOR('',#13282,1.);
#13282 = DIRECTION('',(-0.,1.,0.));
#13283 = PCURVE('',#13182,#13284);
#13284 = DEFINITIONAL_REPRESENTATION('',(#13285),#13289);
#13285 = LINE('',#13286,#13287);
#13286 = CARTESIAN_POINT('',(34.,0.));
#13287 = VECTOR('',#13288,1.);
#13288 = DIRECTION('',(0.,-1.));
#13289 = ( GEOMETRIC_REPRESENTATION_CONTEXT(2) 
PARAMETRIC_REPRESENTATION_CONTEXT() REPRESENTATION_CONTEXT('2D SPACE',''
  ) );
#13290 = PCURVE('',#13209,#13291);
#13291 = DEFINITIONAL_REPRESENTATION('',(#13292),#13296);
#13292 = LINE('',#13293,#13294);
#13293 = CARTESIAN_POINT('',(0.,0.));
#13294 = VECTOR('',#13295,1.);
#13295 = DIRECTION('',(0.,1.));
#13296 = ( GEOMETRIC_REPRESENTATION_CONTEXT(2) 
PARAMETRIC_REPRESENTATION_CONTEXT() REPRESENTATION_CONTEXT('2D SPACE',''
  ) );
#13297 = ORIENTED_EDGE('',*,*,#13298,.T.);
#13298 = EDGE_CURVE('',#13276,#13299,#13301,.T.);
#13299 = VERTEX_POINT('',#13300);
#13300 = CARTESIAN_POINT('',(-37.,230.,523.));
#13301 = SURFACE_CURVE('',#13302,(#13306,#13312),.PCURVE_S1.);
#13302 = LINE('',#13303,#13304);
#13303 = CARTESIAN_POINT('',(-37.,230.,521.5));
#13304 = VECTOR('',#13305,1.);
#13305 = DIRECTION('',(-0.,0.,-1.));
#13306 = PCURVE('',#13182,#13307);
#13307 = DEFINITIONAL_REPRESENTATION('',(#13308),#13311);
#13308 = B_SPLINE_CURVE_WITH_KNOTS('',1,(#13309,#13310),.UNSPECIFIED.,
  .F.,.F.,(2,2),(-35.5,-1.5),.PIECEWISE_BEZIER_KNOTS.);
#13309 = CARTESIAN_POINT('',(34.,-1.));
#13310 = CARTESIAN_POINT('',(0.,-1.));
#13311 = ( GEOMETRIC_REPRESENTATION_CONTEXT(2) 
PARAMETRIC_REPRESENTATION_CONTEXT() REPRESENTATION_CONTEXT('2D SPACE',''
  ) );
#13312 = PCURVE('',#13313,#13318);
#13313 = PLANE('',#13314);
#13314 = AXIS2_PLACEMENT_3D('',#13315,#13316,#13317);
#13315 = CARTESIAN_POINT('',(-700.,230.,520.));
#13316 = DIRECTION('',(-0.,1.,0.));
#13317 = DIRECTION('',(0.,0.,1.));
#13318 = DEFINITIONAL_REPRESENTATION('',(#13319),#13323);
#13319 = LINE('',#13320,#13321);
#13320 = CARTESIAN_POINT('',(1.5,663.));
#13321 = VECTOR('',#13322,1.);
#13322 = DIRECTION('',(-1.,0.));
#13323 = ( GEOMETRIC_REPRESENTATION_CONTEXT(2) 
PARAMETRIC_REPRESENTATION_CONTEXT() REPRESENTATION_CONTEXT('2D SPACE',''
  ) );
#13324 = ORIENTED_EDGE('',*,*,#13325,.T.);
#13325 = EDGE_CURVE('',#13299,#13162,#13326,.T.);
#13326 = SURFACE_CURVE('',#13327,(#13331,#13338),.PCURVE_S1.);
#13327 = LINE('',#13328,#13329);
#13328 = CARTESIAN_POINT('',(-37.,229.,523.));
#13329 = VECTOR('',#13330,1.);
#13330 = DIRECTION('',(-0.,1.,0.));
#13331 = PCURVE('',#13182,#13332);
#13332 = DEFINITIONAL_REPRESENTATION('',(#13333),#13337);
#13333 = LINE('',#13334,#13335);
#13334 = CARTESIAN_POINT('',(0.,0.));
#13335 = VECTOR('',#13336,1.);
#13336 = DIRECTION('',(0.,-1.));
#13337 = ( GEOMETRIC_REPRESENTATION_CONTEXT(2) 
PARAMETRIC_REPRESENTATION_CONTEXT() REPRESENTATION_CONTEXT('2D SPACE',''
  ) );
#13338 = PCURVE('',#13261,#13339);
#13339 = DEFINITIONAL_REPRESENTATION('',(#13340),#13344);
#13340 = LINE('',#13341,#13342);
#13341 = CARTESIAN_POINT('',(0.,0.));
#13342 = VECTOR('',#13343,1.);
#13343 = DIRECTION('',(0.,1.));
#13344 = ( GEOMETRIC_REPRESENTATION_CONTEXT(2) 
PARAMETRIC_REPRESENTATION_CONTEXT() REPRESENTATION_CONTEXT('2D SPACE',''
  ) );
#13345 = ORIENTED_EDGE('',*,*,#13159,.F.);
#13346 = ADVANCED_FACE('',(#13347),#13261,.F.);
#13347 = FACE_BOUND('',#13348,.F.);
#13348 = EDGE_LOOP('',(#13349,#13350,#13372,#13393));
#13349 = ORIENTED_EDGE('',*,*,#13325,.F.);
#13350 = ORIENTED_EDGE('',*,*,#13351,.T.);
#13351 = EDGE_CURVE('',#13299,#13352,#13354,.T.);
#13352 = VERTEX_POINT('',#13353);
#13353 = CARTESIAN_POINT('',(-3.,230.,523.));
#13354 = SURFACE_CURVE('',#13355,(#13359,#13365),.PCURVE_S1.);
#13355 = LINE('',#13356,#13357);
#13356 = CARTESIAN_POINT('',(-38.5,230.,523.));
#13357 = VECTOR('',#13358,1.);
#13358 = DIRECTION('',(1.,0.,-0.));
#13359 = PCURVE('',#13261,#13360);
#13360 = DEFINITIONAL_REPRESENTATION('',(#13361),#13364);
#13361 = B_SPLINE_CURVE_WITH_KNOTS('',1,(#13362,#13363),.UNSPECIFIED.,
  .F.,.F.,(2,2),(1.5,35.5),.PIECEWISE_BEZIER_KNOTS.);
#13362 = CARTESIAN_POINT('',(0.,1.));
#13363 = CARTESIAN_POINT('',(34.,1.));
#13364 = ( GEOMETRIC_REPRESENTATION_CONTEXT(2) 
PARAMETRIC_REPRESENTATION_CONTEXT() REPRESENTATION_CONTEXT('2D SPACE',''
  ) );
#13365 = PCURVE('',#13313,#13366);
#13366 = DEFINITIONAL_REPRESENTATION('',(#13367),#13371);
#13367 = LINE('',#13368,#13369);
#13368 = CARTESIAN_POINT('',(3.,661.5));
#13369 = VECTOR('',#13370,1.);
#13370 = DIRECTION('',(0.,1.));
#13371 = ( GEOMETRIC_REPRESENTATION_CONTEXT(2) 
PARAMETRIC_REPRESENTATION_CONTEXT() REPRESENTATION_CONTEXT('2D SPACE',''
  ) );
#13372 = ORIENTED_EDGE('',*,*,#13373,.T.);
#13373 = EDGE_CURVE('',#13352,#13221,#13374,.T.);
#13374 = SURFACE_CURVE('',#13375,(#13379,#13386),.PCURVE_S1.);
#13375 = LINE('',#13376,#13377);
#13376 = CARTESIAN_POINT('',(-3.,229.,523.));
#13377 = VECTOR('',#13378,1.);
#13378 = DIRECTION('',(-0.,1.,0.));
#13379 = PCURVE('',#13261,#13380);
#13380 = DEFINITIONAL_REPRESENTATION('',(#13381),#13385);
#13381 = LINE('',#13382,#13383);
#13382 = CARTESIAN_POINT('',(34.,0.));
#13383 = VECTOR('',#13384,1.);
#13384 = DIRECTION('',(0.,1.));
#13385 = ( GEOMETRIC_REPRESENTATION_CONTEXT(2) 
PARAMETRIC_REPRESENTATION_CONTEXT() REPRESENTATION_CONTEXT('2D SPACE',''
  ) );
#13386 = PCURVE('',#13236,#13387);
#13387 = DEFINITIONAL_REPRESENTATION('',(#13388),#13392);
#13388 = LINE('',#13389,#13390);
#13389 = CARTESIAN_POINT('',(0.,0.));
#13390 = VECTOR('',#13391,1.);
#13391 = DIRECTION('',(0.,-1.));
#13392 = ( GEOMETRIC_REPRESENTATION_CONTEXT(2) 
PARAMETRIC_REPRESENTATION_CONTEXT() REPRESENTATION_CONTEXT('2D SPACE',''
  ) );
#13393 = ORIENTED_EDGE('',*,*,#13247,.F.);
#13394 = ADVANCED_FACE('',(#13395),#13236,.T.);
#13395 = FACE_BOUND('',#13396,.T.);
#13396 = EDGE_LOOP('',(#13397,#13420,#13440,#13441));
#13397 = ORIENTED_EDGE('',*,*,#13398,.F.);
#13398 = EDGE_CURVE('',#13399,#13194,#13401,.T.);
#13399 = VERTEX_POINT('',#13400);
#13400 = CARTESIAN_POINT('',(-3.,230.,557.));
#13401 = SURFACE_CURVE('',#13402,(#13406,#13413),.PCURVE_S1.);
#13402 = LINE('',#13403,#13404);
#13403 = CARTESIAN_POINT('',(-3.,229.,557.));
#13404 = VECTOR('',#13405,1.);
#13405 = DIRECTION('',(-0.,1.,0.));
#13406 = PCURVE('',#13236,#13407);
#13407 = DEFINITIONAL_REPRESENTATION('',(#13408),#13412);
#13408 = LINE('',#13409,#13410);
#13409 = CARTESIAN_POINT('',(34.,0.));
#13410 = VECTOR('',#13411,1.);
#13411 = DIRECTION('',(0.,-1.));
#13412 = ( GEOMETRIC_REPRESENTATION_CONTEXT(2) 
PARAMETRIC_REPRESENTATION_CONTEXT() REPRESENTATION_CONTEXT('2D SPACE',''
  ) );
#13413 = PCURVE('',#13209,#13414);
#13414 = DEFINITIONAL_REPRESENTATION('',(#13415),#13419);
#13415 = LINE('',#13416,#13417);
#13416 = CARTESIAN_POINT('',(34.,0.));
#13417 = VECTOR('',#13418,1.);
#13418 = DIRECTION('',(0.,1.));
#13419 = ( GEOMETRIC_REPRESENTATION_CONTEXT(2) 
PARAMETRIC_REPRESENTATION_CONTEXT() REPRESENTATION_CONTEXT('2D SPACE',''
  ) );
#13420 = ORIENTED_EDGE('',*,*,#13421,.T.);
#13421 = EDGE_CURVE('',#13399,#13352,#13422,.T.);
#13422 = SURFACE_CURVE('',#13423,(#13427,#13433),.PCURVE_S1.);
#13423 = LINE('',#13424,#13425);
#13424 = CARTESIAN_POINT('',(-3.,230.,521.5));
#13425 = VECTOR('',#13426,1.);
#13426 = DIRECTION('',(-0.,0.,-1.));
#13427 = PCURVE('',#13236,#13428);
#13428 = DEFINITIONAL_REPRESENTATION('',(#13429),#13432);
#13429 = B_SPLINE_CURVE_WITH_KNOTS('',1,(#13430,#13431),.UNSPECIFIED.,
  .F.,.F.,(2,2),(-35.5,-1.5),.PIECEWISE_BEZIER_KNOTS.);
#13430 = CARTESIAN_POINT('',(34.,-1.));
#13431 = CARTESIAN_POINT('',(0.,-1.));
#13432 = ( GEOMETRIC_REPRESENTATION_CONTEXT(2) 
PARAMETRIC_REPRESENTATION_CONTEXT() REPRESENTATION_CONTEXT('2D SPACE',''
  ) );
#13433 = PCURVE('',#13313,#13434);
#13434 = DEFINITIONAL_REPRESENTATION('',(#13435),#13439);
#13435 = LINE('',#13436,#13437);
#13436 = CARTESIAN_POINT('',(1.5,697.));
#13437 = VECTOR('',#13438,1.);
#13438 = DIRECTION('',(-1.,0.));
#13439 = ( GEOMETRIC_REPRESENTATION_CONTEXT(2) 
PARAMETRIC_REPRESENTATION_CONTEXT() REPRESENTATION_CONTEXT('2D SPACE',''
  ) );
#13440 = ORIENTED_EDGE('',*,*,#13373,.T.);
#13441 = ORIENTED_EDGE('',*,*,#13220,.F.);
#13442 = ADVANCED_FACE('',(#13443),#13209,.T.);
#13443 = FACE_BOUND('',#13444,.T.);
#13444 = EDGE_LOOP('',(#13445,#13446,#13466,#13467));
#13445 = ORIENTED_EDGE('',*,*,#13275,.F.);
#13446 = ORIENTED_EDGE('',*,*,#13447,.T.);
#13447 = EDGE_CURVE('',#13276,#13399,#13448,.T.);
#13448 = SURFACE_CURVE('',#13449,(#13453,#13459),.PCURVE_S1.);
#13449 = LINE('',#13450,#13451);
#13450 = CARTESIAN_POINT('',(-38.5,230.,557.));
#13451 = VECTOR('',#13452,1.);
#13452 = DIRECTION('',(1.,0.,-0.));
#13453 = PCURVE('',#13209,#13454);
#13454 = DEFINITIONAL_REPRESENTATION('',(#13455),#13458);
#13455 = B_SPLINE_CURVE_WITH_KNOTS('',1,(#13456,#13457),.UNSPECIFIED.,
  .F.,.F.,(2,2),(1.5,35.5),.PIECEWISE_BEZIER_KNOTS.);
#13456 = CARTESIAN_POINT('',(0.,1.));
#13457 = CARTESIAN_POINT('',(34.,1.));
#13458 = ( GEOMETRIC_REPRESENTATION_CONTEXT(2) 
PARAMETRIC_REPRESENTATION_CONTEXT() REPRESENTATION_CONTEXT('2D SPACE',''
  ) );
#13459 = PCURVE('',#13313,#13460);
#13460 = DEFINITIONAL_REPRESENTATION('',(#13461),#13465);
#13461 = LINE('',#13462,#13463);
#13462 = CARTESIAN_POINT('',(37.,661.5));
#13463 = VECTOR('',#13464,1.);
#13464 = DIRECTION('',(0.,1.));
#13465 = ( GEOMETRIC_REPRESENTATION_CONTEXT(2) 
PARAMETRIC_REPRESENTATION_CONTEXT() REPRESENTATION_CONTEXT('2D SPACE',''
  ) );
#13466 = ORIENTED_EDGE('',*,*,#13398,.T.);
#13467 = ORIENTED_EDGE('',*,*,#13193,.F.);
#13468 = ADVANCED_FACE('',(#13469),#13313,.F.);
#13469 = FACE_BOUND('',#13470,.F.);
#13470 = EDGE_LOOP('',(#13471,#13472,#13473,#13474));
#13471 = ORIENTED_EDGE('',*,*,#13298,.F.);
#13472 = ORIENTED_EDGE('',*,*,#13447,.T.);
#13473 = ORIENTED_EDGE('',*,*,#13421,.T.);
#13474 = ORIENTED_EDGE('',*,*,#13351,.F.);
#13475 = MANIFOLD_SOLID_BREP('',#13476);
#13476 = CLOSED_SHELL('',(#13477,#13597,#13779,#13828,#13963,#13990,
    #13997,#14044,#14071,#14098));
#13477 = ADVANCED_FACE('',(#13478),#13492,.F.);
#13478 = FACE_BOUND('',#13479,.F.);
#13479 = EDGE_LOOP('',(#13480,#13515,#13543,#13571));
#13480 = ORIENTED_EDGE('',*,*,#13481,.F.);
#13481 = EDGE_CURVE('',#13482,#13484,#13486,.T.);
#13482 = VERTEX_POINT('',#13483);
#13483 = CARTESIAN_POINT('',(-520.,50.,0.));
#13484 = VERTEX_POINT('',#13485);
#13485 = CARTESIAN_POINT('',(-520.,50.,40.));
#13486 = SURFACE_CURVE('',#13487,(#13491,#13503),.PCURVE_S1.);
#13487 = LINE('',#13488,#13489);
#13488 = CARTESIAN_POINT('',(-520.,50.,0.));
#13489 = VECTOR('',#13490,1.);
#13490 = DIRECTION('',(0.,0.,1.));
#13491 = PCURVE('',#13492,#13497);
#13492 = PLANE('',#13493);
#13493 = AXIS2_PLACEMENT_3D('',#13494,#13495,#13496);
#13494 = CARTESIAN_POINT('',(-520.,50.,0.));
#13495 = DIRECTION('',(1.,0.,-0.));
#13496 = DIRECTION('',(0.,0.,1.));
#13497 = DEFINITIONAL_REPRESENTATION('',(#13498),#13502);
#13498 = LINE('',#13499,#13500);
#13499 = CARTESIAN_POINT('',(0.,0.));
#13500 = VECTOR('',#13501,1.);
#13501 = DIRECTION('',(1.,0.));
#13502 = ( GEOMETRIC_REPRESENTATION_CONTEXT(2) 
PARAMETRIC_REPRESENTATION_CONTEXT() REPRESENTATION_CONTEXT('2D SPACE',''
  ) );
#13503 = PCURVE('',#13504,#13509);
#13504 = PLANE('',#13505);
#13505 = AXIS2_PLACEMENT_3D('',#13506,#13507,#13508);
#13506 = CARTESIAN_POINT('',(-520.,50.,0.));
#13507 = DIRECTION('',(-0.,1.,0.));
#13508 = DIRECTION('',(0.,0.,1.));
#13509 = DEFINITIONAL_REPRESENTATION('',(#13510),#13514);
#13510 = LINE('',#13511,#13512);
#13511 = CARTESIAN_POINT('',(0.,0.));
#13512 = VECTOR('',#13513,1.);
#13513 = DIRECTION('',(1.,0.));
#13514 = ( GEOMETRIC_REPRESENTATION_CONTEXT(2) 
PARAMETRIC_REPRESENTATION_CONTEXT() REPRESENTATION_CONTEXT('2D SPACE',''
  ) );
#13515 = ORIENTED_EDGE('',*,*,#13516,.T.);
#13516 = EDGE_CURVE('',#13482,#13517,#13519,.T.);
#13517 = VERTEX_POINT('',#13518);
#13518 = CARTESIAN_POINT('',(-520.,190.,0.));
#13519 = SURFACE_CURVE('',#13520,(#13524,#13531),.PCURVE_S1.);
#13520 = LINE('',#13521,#13522);
#13521 = CARTESIAN_POINT('',(-520.,50.,0.));
#13522 = VECTOR('',#13523,1.);
#13523 = DIRECTION('',(-0.,1.,0.));
#13524 = PCURVE('',#13492,#13525);
#13525 = DEFINITIONAL_REPRESENTATION('',(#13526),#13530);
#13526 = LINE('',#13527,#13528);
#13527 = CARTESIAN_POINT('',(0.,0.));
#13528 = VECTOR('',#13529,1.);
#13529 = DIRECTION('',(0.,-1.));
#13530 = ( GEOMETRIC_REPRESENTATION_CONTEXT(2) 
PARAMETRIC_REPRESENTATION_CONTEXT() REPRESENTATION_CONTEXT('2D SPACE',''
  ) );
#13531 = PCURVE('',#13532,#13537);
#13532 = PLANE('',#13533);
#13533 = AXIS2_PLACEMENT_3D('',#13534,#13535,#13536);
#13534 = CARTESIAN_POINT('',(-520.,50.,0.));
#13535 = DIRECTION('',(0.,0.,1.));
#13536 = DIRECTION('',(1.,0.,-0.));
#13537 = DEFINITIONAL_REPRESENTATION('',(#13538),#13542);
#13538 = LINE('',#13539,#13540);
#13539 = CARTESIAN_POINT('',(0.,0.));
#13540 = VECTOR('',#13541,1.);
#13541 = DIRECTION('',(0.,1.));
#13542 = ( GEOMETRIC_REPRESENTATION_CONTEXT(2) 
PARAMETRIC_REPRESENTATION_CONTEXT() REPRESENTATION_CONTEXT('2D SPACE',''
  ) );
#13543 = ORIENTED_EDGE('',*,*,#13544,.T.);
#13544 = EDGE_CURVE('',#13517,#13545,#13547,.T.);
#13545 = VERTEX_POINT('',#13546);
#13546 = CARTESIAN_POINT('',(-520.,190.,40.));
#13547 = SURFACE_CURVE('',#13548,(#13552,#13559),.PCURVE_S1.);
#13548 = LINE('',#13549,#13550);
#13549 = CARTESIAN_POINT('',(-520.,190.,0.));
#13550 = VECTOR('',#13551,1.);
#13551 = DIRECTION('',(0.,0.,1.));
#13552 = PCURVE('',#13492,#13553);
#13553 = DEFINITIONAL_REPRESENTATION('',(#13554),#13558);
#13554 = LINE('',#13555,#13556);
#13555 = CARTESIAN_POINT('',(0.,-140.));
#13556 = VECTOR('',#13557,1.);
#13557 = DIRECTION('',(1.,0.));
#13558 = ( GEOMETRIC_REPRESENTATION_CONTEXT(2) 
PARAMETRIC_REPRESENTATION_CONTEXT() REPRESENTATION_CONTEXT('2D SPACE',''
  ) );
#13559 = PCURVE('',#13560,#13565);
#13560 = PLANE('',#13561);
#13561 = AXIS2_PLACEMENT_3D('',#13562,#13563,#13564);
#13562 = CARTESIAN_POINT('',(-520.,190.,0.));
#13563 = DIRECTION('',(-0.,1.,0.));
#13564 = DIRECTION('',(0.,0.,1.));
#13565 = DEFINITIONAL_REPRESENTATION('',(#13566),#13570);
#13566 = LINE('',#13567,#13568);
#13567 = CARTESIAN_POINT('',(0.,0.));
#13568 = VECTOR('',#13569,1.);
#13569 = DIRECTION('',(1.,0.));
#13570 = ( GEOMETRIC_REPRESENTATION_CONTEXT(2) 
PARAMETRIC_REPRESENTATION_CONTEXT() REPRESENTATION_CONTEXT('2D SPACE',''
  ) );
#13571 = ORIENTED_EDGE('',*,*,#13572,.F.);
#13572 = EDGE_CURVE('',#13484,#13545,#13573,.T.);
#13573 = SURFACE_CURVE('',#13574,(#13578,#13585),.PCURVE_S1.);
#13574 = LINE('',#13575,#13576);
#13575 = CARTESIAN_POINT('',(-520.,50.,40.));
#13576 = VECTOR('',#13577,1.);
#13577 = DIRECTION('',(-0.,1.,0.));
#13578 = PCURVE('',#13492,#13579);
#13579 = DEFINITIONAL_REPRESENTATION('',(#13580),#13584);
#13580 = LINE('',#13581,#13582);
#13581 = CARTESIAN_POINT('',(40.,0.));
#13582 = VECTOR('',#13583,1.);
#13583 = DIRECTION('',(0.,-1.));
#13584 = ( GEOMETRIC_REPRESENTATION_CONTEXT(2) 
PARAMETRIC_REPRESENTATION_CONTEXT() REPRESENTATION_CONTEXT('2D SPACE',''
  ) );
#13585 = PCURVE('',#13586,#13591);
#13586 = PLANE('',#13587);
#13587 = AXIS2_PLACEMENT_3D('',#13588,#13589,#13590);
#13588 = CARTESIAN_POINT('',(-520.,50.,40.));
#13589 = DIRECTION('',(0.,0.,1.));
#13590 = DIRECTION('',(1.,0.,-0.));
#13591 = DEFINITIONAL_REPRESENTATION('',(#13592),#13596);
#13592 = LINE('',#13593,#13594);
#13593 = CARTESIAN_POINT('',(0.,0.));
#13594 = VECTOR('',#13595,1.);
#13595 = DIRECTION('',(0.,1.));
#13596 = ( GEOMETRIC_REPRESENTATION_CONTEXT(2) 
PARAMETRIC_REPRESENTATION_CONTEXT() REPRESENTATION_CONTEXT('2D SPACE',''
  ) );
#13597 = ADVANCED_FACE('',(#13598,#13673),#13504,.F.);
#13598 = FACE_BOUND('',#13599,.F.);
#13599 = EDGE_LOOP('',(#13600,#13623,#13624,#13647));
#13600 = ORIENTED_EDGE('',*,*,#13601,.F.);
#13601 = EDGE_CURVE('',#13482,#13602,#13604,.T.);
#13602 = VERTEX_POINT('',#13603);
#13603 = CARTESIAN_POINT('',(-480.,50.,0.));
#13604 = SURFACE_CURVE('',#13605,(#13609,#13616),.PCURVE_S1.);
#13605 = LINE('',#13606,#13607);
#13606 = CARTESIAN_POINT('',(-520.,50.,0.));
#13607 = VECTOR('',#13608,1.);
#13608 = DIRECTION('',(1.,0.,-0.));
#13609 = PCURVE('',#13504,#13610);
#13610 = DEFINITIONAL_REPRESENTATION('',(#13611),#13615);
#13611 = LINE('',#13612,#13613);
#13612 = CARTESIAN_POINT('',(0.,0.));
#13613 = VECTOR('',#13614,1.);
#13614 = DIRECTION('',(0.,1.));
#13615 = ( GEOMETRIC_REPRESENTATION_CONTEXT(2) 
PARAMETRIC_REPRESENTATION_CONTEXT() REPRESENTATION_CONTEXT('2D SPACE',''
  ) );
#13616 = PCURVE('',#13532,#13617);
#13617 = DEFINITIONAL_REPRESENTATION('',(#13618),#13622);
#13618 = LINE('',#13619,#13620);
#13619 = CARTESIAN_POINT('',(0.,0.));
#13620 = VECTOR('',#13621,1.);
#13621 = DIRECTION('',(1.,0.));
#13622 = ( GEOMETRIC_REPRESENTATION_CONTEXT(2) 
PARAMETRIC_REPRESENTATION_CONTEXT() REPRESENTATION_CONTEXT('2D SPACE',''
  ) );
#13623 = ORIENTED_EDGE('',*,*,#13481,.T.);
#13624 = ORIENTED_EDGE('',*,*,#13625,.T.);
#13625 = EDGE_CURVE('',#13484,#13626,#13628,.T.);
#13626 = VERTEX_POINT('',#13627);
#13627 = CARTESIAN_POINT('',(-480.,50.,40.));
#13628 = SURFACE_CURVE('',#13629,(#13633,#13640),.PCURVE_S1.);
#13629 = LINE('',#13630,#13631);
#13630 = CARTESIAN_POINT('',(-520.,50.,40.));
#13631 = VECTOR('',#13632,1.);
#13632 = DIRECTION('',(1.,0.,-0.));
#13633 = PCURVE('',#13504,#13634);
#13634 = DEFINITIONAL_REPRESENTATION('',(#13635),#13639);
#13635 = LINE('',#13636,#13637);
#13636 = CARTESIAN_POINT('',(40.,0.));
#13637 = VECTOR('',#13638,1.);
#13638 = DIRECTION('',(0.,1.));
#13639 = ( GEOMETRIC_REPRESENTATION_CONTEXT(2) 
PARAMETRIC_REPRESENTATION_CONTEXT() REPRESENTATION_CONTEXT('2D SPACE',''
  ) );
#13640 = PCURVE('',#13586,#13641);
#13641 = DEFINITIONAL_REPRESENTATION('',(#13642),#13646);
#13642 = LINE('',#13643,#13644);
#13643 = CARTESIAN_POINT('',(0.,0.));
#13644 = VECTOR('',#13645,1.);
#13645 = DIRECTION('',(1.,0.));
#13646 = ( GEOMETRIC_REPRESENTATION_CONTEXT(2) 
PARAMETRIC_REPRESENTATION_CONTEXT() REPRESENTATION_CONTEXT('2D SPACE',''
  ) );
#13647 = ORIENTED_EDGE('',*,*,#13648,.F.);
#13648 = EDGE_CURVE('',#13602,#13626,#13649,.T.);
#13649 = SURFACE_CURVE('',#13650,(#13654,#13661),.PCURVE_S1.);
#13650 = LINE('',#13651,#13652);
#13651 = CARTESIAN_POINT('',(-480.,50.,0.));
#13652 = VECTOR('',#13653,1.);
#13653 = DIRECTION('',(0.,0.,1.));
#13654 = PCURVE('',#13504,#13655);
#13655 = DEFINITIONAL_REPRESENTATION('',(#13656),#13660);
#13656 = LINE('',#13657,#13658);
#13657 = CARTESIAN_POINT('',(0.,40.));
#13658 = VECTOR('',#13659,1.);
#13659 = DIRECTION('',(1.,0.));
#13660 = ( GEOMETRIC_REPRESENTATION_CONTEXT(2) 
PARAMETRIC_REPRESENTATION_CONTEXT() REPRESENTATION_CONTEXT('2D SPACE',''
  ) );
#13661 = PCURVE('',#13662,#13667);
#13662 = PLANE('',#13663);
#13663 = AXIS2_PLACEMENT_3D('',#13664,#13665,#13666);
#13664 = CARTESIAN_POINT('',(-480.,50.,0.));
#13665 = DIRECTION('',(1.,0.,-0.));
#13666 = DIRECTION('',(0.,0.,1.));
#13667 = DEFINITIONAL_REPRESENTATION('',(#13668),#13672);
#13668 = LINE('',#13669,#13670);
#13669 = CARTESIAN_POINT('',(0.,0.));
#13670 = VECTOR('',#13671,1.);
#13671 = DIRECTION('',(1.,0.));
#13672 = ( GEOMETRIC_REPRESENTATION_CONTEXT(2) 
PARAMETRIC_REPRESENTATION_CONTEXT() REPRESENTATION_CONTEXT('2D SPACE',''
  ) );
#13673 = FACE_BOUND('',#13674,.F.);
#13674 = EDGE_LOOP('',(#13675,#13703,#13729,#13755));
#13675 = ORIENTED_EDGE('',*,*,#13676,.F.);
#13676 = EDGE_CURVE('',#13677,#13679,#13681,.T.);
#13677 = VERTEX_POINT('',#13678);
#13678 = CARTESIAN_POINT('',(-517.,50.,37.));
#13679 = VERTEX_POINT('',#13680);
#13680 = CARTESIAN_POINT('',(-483.,50.,37.));
#13681 = SURFACE_CURVE('',#13682,(#13686,#13692),.PCURVE_S1.);
#13682 = LINE('',#13683,#13684);
#13683 = CARTESIAN_POINT('',(-518.5,50.,37.));
#13684 = VECTOR('',#13685,1.);
#13685 = DIRECTION('',(1.,0.,-0.));
#13686 = PCURVE('',#13504,#13687);
#13687 = DEFINITIONAL_REPRESENTATION('',(#13688),#13691);
#13688 = B_SPLINE_CURVE_WITH_KNOTS('',1,(#13689,#13690),.UNSPECIFIED.,
  .F.,.F.,(2,2),(1.5,35.5),.PIECEWISE_BEZIER_KNOTS.);
#13689 = CARTESIAN_POINT('',(37.,3.));
#13690 = CARTESIAN_POINT('',(37.,37.));
#13691 = ( GEOMETRIC_REPRESENTATION_CONTEXT(2) 
PARAMETRIC_REPRESENTATION_CONTEXT() REPRESENTATION_CONTEXT('2D SPACE',''
  ) );
#13692 = PCURVE('',#13693,#13698);
#13693 = PLANE('',#13694);
#13694 = AXIS2_PLACEMENT_3D('',#13695,#13696,#13697);
#13695 = CARTESIAN_POINT('',(-517.,49.,37.));
#13696 = DIRECTION('',(0.,0.,1.));
#13697 = DIRECTION('',(1.,0.,-0.));
#13698 = DEFINITIONAL_REPRESENTATION('',(#13699),#13702);
#13699 = B_SPLINE_CURVE_WITH_KNOTS('',1,(#13700,#13701),.UNSPECIFIED.,
  .F.,.F.,(2,2),(1.5,35.5),.PIECEWISE_BEZIER_KNOTS.);
#13700 = CARTESIAN_POINT('',(0.,1.));
#13701 = CARTESIAN_POINT('',(34.,1.));
#13702 = ( GEOMETRIC_REPRESENTATION_CONTEXT(2) 
PARAMETRIC_REPRESENTATION_CONTEXT() REPRESENTATION_CONTEXT('2D SPACE',''
  ) );
#13703 = ORIENTED_EDGE('',*,*,#13704,.T.);
#13704 = EDGE_CURVE('',#13677,#13705,#13707,.T.);
#13705 = VERTEX_POINT('',#13706);
#13706 = CARTESIAN_POINT('',(-517.,50.,3.));
#13707 = SURFACE_CURVE('',#13708,(#13712,#13718),.PCURVE_S1.);
#13708 = LINE('',#13709,#13710);
#13709 = CARTESIAN_POINT('',(-517.,50.,1.5));
#13710 = VECTOR('',#13711,1.);
#13711 = DIRECTION('',(-0.,0.,-1.));
#13712 = PCURVE('',#13504,#13713);
#13713 = DEFINITIONAL_REPRESENTATION('',(#13714),#13717);
#13714 = B_SPLINE_CURVE_WITH_KNOTS('',1,(#13715,#13716),.UNSPECIFIED.,
  .F.,.F.,(2,2),(-35.5,-1.5),.PIECEWISE_BEZIER_KNOTS.);
#13715 = CARTESIAN_POINT('',(37.,3.));
#13716 = CARTESIAN_POINT('',(3.,3.));
#13717 = ( GEOMETRIC_REPRESENTATION_CONTEXT(2) 
PARAMETRIC_REPRESENTATION_CONTEXT() REPRESENTATION_CONTEXT('2D SPACE',''
  ) );
#13718 = PCURVE('',#13719,#13724);
#13719 = PLANE('',#13720);
#13720 = AXIS2_PLACEMENT_3D('',#13721,#13722,#13723);
#13721 = CARTESIAN_POINT('',(-517.,49.,3.));
#13722 = DIRECTION('',(1.,0.,-0.));
#13723 = DIRECTION('',(0.,0.,1.));
#13724 = DEFINITIONAL_REPRESENTATION('',(#13725),#13728);
#13725 = B_SPLINE_CURVE_WITH_KNOTS('',1,(#13726,#13727),.UNSPECIFIED.,
  .F.,.F.,(2,2),(-35.5,-1.5),.PIECEWISE_BEZIER_KNOTS.);
#13726 = CARTESIAN_POINT('',(34.,-1.));
#13727 = CARTESIAN_POINT('',(0.,-1.));
#13728 = ( GEOMETRIC_REPRESENTATION_CONTEXT(2) 
PARAMETRIC_REPRESENTATION_CONTEXT() REPRESENTATION_CONTEXT('2D SPACE',''
  ) );
#13729 = ORIENTED_EDGE('',*,*,#13730,.T.);
#13730 = EDGE_CURVE('',#13705,#13731,#13733,.T.);
#13731 = VERTEX_POINT('',#13732);
#13732 = CARTESIAN_POINT('',(-483.,50.,3.));
#13733 = SURFACE_CURVE('',#13734,(#13738,#13744),.PCURVE_S1.);
#13734 = LINE('',#13735,#13736);
#13735 = CARTESIAN_POINT('',(-518.5,50.,3.));
#13736 = VECTOR('',#13737,1.);
#13737 = DIRECTION('',(1.,0.,-0.));
#13738 = PCURVE('',#13504,#13739);
#13739 = DEFINITIONAL_REPRESENTATION('',(#13740),#13743);
#13740 = B_SPLINE_CURVE_WITH_KNOTS('',1,(#13741,#13742),.UNSPECIFIED.,
  .F.,.F.,(2,2),(1.5,35.5),.PIECEWISE_BEZIER_KNOTS.);
#13741 = CARTESIAN_POINT('',(3.,3.));
#13742 = CARTESIAN_POINT('',(3.,37.));
#13743 = ( GEOMETRIC_REPRESENTATION_CONTEXT(2) 
PARAMETRIC_REPRESENTATION_CONTEXT() REPRESENTATION_CONTEXT('2D SPACE',''
  ) );
#13744 = PCURVE('',#13745,#13750);
#13745 = PLANE('',#13746);
#13746 = AXIS2_PLACEMENT_3D('',#13747,#13748,#13749);
#13747 = CARTESIAN_POINT('',(-517.,49.,3.));
#13748 = DIRECTION('',(0.,0.,1.));
#13749 = DIRECTION('',(1.,0.,-0.));
#13750 = DEFINITIONAL_REPRESENTATION('',(#13751),#13754);
#13751 = B_SPLINE_CURVE_WITH_KNOTS('',1,(#13752,#13753),.UNSPECIFIED.,
  .F.,.F.,(2,2),(1.5,35.5),.PIECEWISE_BEZIER_KNOTS.);
#13752 = CARTESIAN_POINT('',(0.,1.));
#13753 = CARTESIAN_POINT('',(34.,1.));
#13754 = ( GEOMETRIC_REPRESENTATION_CONTEXT(2) 
PARAMETRIC_REPRESENTATION_CONTEXT() REPRESENTATION_CONTEXT('2D SPACE',''
  ) );
#13755 = ORIENTED_EDGE('',*,*,#13756,.F.);
#13756 = EDGE_CURVE('',#13679,#13731,#13757,.T.);
#13757 = SURFACE_CURVE('',#13758,(#13762,#13768),.PCURVE_S1.);
#13758 = LINE('',#13759,#13760);
#13759 = CARTESIAN_POINT('',(-483.,50.,1.5));
#13760 = VECTOR('',#13761,1.);
#13761 = DIRECTION('',(-0.,0.,-1.));
#13762 = PCURVE('',#13504,#13763);
#13763 = DEFINITIONAL_REPRESENTATION('',(#13764),#13767);
#13764 = B_SPLINE_CURVE_WITH_KNOTS('',1,(#13765,#13766),.UNSPECIFIED.,
  .F.,.F.,(2,2),(-35.5,-1.5),.PIECEWISE_BEZIER_KNOTS.);
#13765 = CARTESIAN_POINT('',(37.,37.));
#13766 = CARTESIAN_POINT('',(3.,37.));
#13767 = ( GEOMETRIC_REPRESENTATION_CONTEXT(2) 
PARAMETRIC_REPRESENTATION_CONTEXT() REPRESENTATION_CONTEXT('2D SPACE',''
  ) );
#13768 = PCURVE('',#13769,#13774);
#13769 = PLANE('',#13770);
#13770 = AXIS2_PLACEMENT_3D('',#13771,#13772,#13773);
#13771 = CARTESIAN_POINT('',(-483.,49.,3.));
#13772 = DIRECTION('',(1.,0.,-0.));
#13773 = DIRECTION('',(0.,0.,1.));
#13774 = DEFINITIONAL_REPRESENTATION('',(#13775),#13778);
#13775 = B_SPLINE_CURVE_WITH_KNOTS('',1,(#13776,#13777),.UNSPECIFIED.,
  .F.,.F.,(2,2),(-35.5,-1.5),.PIECEWISE_BEZIER_KNOTS.);
#13776 = CARTESIAN_POINT('',(34.,-1.));
#13777 = CARTESIAN_POINT('',(0.,-1.));
#13778 = ( GEOMETRIC_REPRESENTATION_CONTEXT(2) 
PARAMETRIC_REPRESENTATION_CONTEXT() REPRESENTATION_CONTEXT('2D SPACE',''
  ) );
#13779 = ADVANCED_FACE('',(#13780),#13586,.T.);
#13780 = FACE_BOUND('',#13781,.T.);
#13781 = EDGE_LOOP('',(#13782,#13783,#13784,#13807));
#13782 = ORIENTED_EDGE('',*,*,#13572,.F.);
#13783 = ORIENTED_EDGE('',*,*,#13625,.T.);
#13784 = ORIENTED_EDGE('',*,*,#13785,.T.);
#13785 = EDGE_CURVE('',#13626,#13786,#13788,.T.);
#13786 = VERTEX_POINT('',#13787);
#13787 = CARTESIAN_POINT('',(-480.,190.,40.));
#13788 = SURFACE_CURVE('',#13789,(#13793,#13800),.PCURVE_S1.);
#13789 = LINE('',#13790,#13791);
#13790 = CARTESIAN_POINT('',(-480.,50.,40.));
#13791 = VECTOR('',#13792,1.);
#13792 = DIRECTION('',(-0.,1.,0.));
#13793 = PCURVE('',#13586,#13794);
#13794 = DEFINITIONAL_REPRESENTATION('',(#13795),#13799);
#13795 = LINE('',#13796,#13797);
#13796 = CARTESIAN_POINT('',(40.,0.));
#13797 = VECTOR('',#13798,1.);
#13798 = DIRECTION('',(0.,1.));
#13799 = ( GEOMETRIC_REPRESENTATION_CONTEXT(2) 
PARAMETRIC_REPRESENTATION_CONTEXT() REPRESENTATION_CONTEXT('2D SPACE',''
  ) );
#13800 = PCURVE('',#13662,#13801);
#13801 = DEFINITIONAL_REPRESENTATION('',(#13802),#13806);
#13802 = LINE('',#13803,#13804);
#13803 = CARTESIAN_POINT('',(40.,0.));
#13804 = VECTOR('',#13805,1.);
#13805 = DIRECTION('',(0.,-1.));
#13806 = ( GEOMETRIC_REPRESENTATION_CONTEXT(2) 
PARAMETRIC_REPRESENTATION_CONTEXT() REPRESENTATION_CONTEXT('2D SPACE',''
  ) );
#13807 = ORIENTED_EDGE('',*,*,#13808,.F.);
#13808 = EDGE_CURVE('',#13545,#13786,#13809,.T.);
#13809 = SURFACE_CURVE('',#13810,(#13814,#13821),.PCURVE_S1.);
#13810 = LINE('',#13811,#13812);
#13811 = CARTESIAN_POINT('',(-520.,190.,40.));
#13812 = VECTOR('',#13813,1.);
#13813 = DIRECTION('',(1.,0.,-0.));
#13814 = PCURVE('',#13586,#13815);
#13815 = DEFINITIONAL_REPRESENTATION('',(#13816),#13820);
#13816 = LINE('',#13817,#13818);
#13817 = CARTESIAN_POINT('',(0.,140.));
#13818 = VECTOR('',#13819,1.);
#13819 = DIRECTION('',(1.,0.));
#13820 = ( GEOMETRIC_REPRESENTATION_CONTEXT(2) 
PARAMETRIC_REPRESENTATION_CONTEXT() REPRESENTATION_CONTEXT('2D SPACE',''
  ) );
#13821 = PCURVE('',#13560,#13822);
#13822 = DEFINITIONAL_REPRESENTATION('',(#13823),#13827);
#13823 = LINE('',#13824,#13825);
#13824 = CARTESIAN_POINT('',(40.,0.));
#13825 = VECTOR('',#13826,1.);
#13826 = DIRECTION('',(0.,1.));
#13827 = ( GEOMETRIC_REPRESENTATION_CONTEXT(2) 
PARAMETRIC_REPRESENTATION_CONTEXT() REPRESENTATION_CONTEXT('2D SPACE',''
  ) );
#13828 = ADVANCED_FACE('',(#13829,#13877),#13560,.T.);
#13829 = FACE_BOUND('',#13830,.T.);
#13830 = EDGE_LOOP('',(#13831,#13854,#13855,#13856));
#13831 = ORIENTED_EDGE('',*,*,#13832,.F.);
#13832 = EDGE_CURVE('',#13517,#13833,#13835,.T.);
#13833 = VERTEX_POINT('',#13834);
#13834 = CARTESIAN_POINT('',(-480.,190.,0.));
#13835 = SURFACE_CURVE('',#13836,(#13840,#13847),.PCURVE_S1.);
#13836 = LINE('',#13837,#13838);
#13837 = CARTESIAN_POINT('',(-520.,190.,0.));
#13838 = VECTOR('',#13839,1.);
#13839 = DIRECTION('',(1.,0.,-0.));
#13840 = PCURVE('',#13560,#13841);
#13841 = DEFINITIONAL_REPRESENTATION('',(#13842),#13846);
#13842 = LINE('',#13843,#13844);
#13843 = CARTESIAN_POINT('',(0.,0.));
#13844 = VECTOR('',#13845,1.);
#13845 = DIRECTION('',(0.,1.));
#13846 = ( GEOMETRIC_REPRESENTATION_CONTEXT(2) 
PARAMETRIC_REPRESENTATION_CONTEXT() REPRESENTATION_CONTEXT('2D SPACE',''
  ) );
#13847 = PCURVE('',#13532,#13848);
#13848 = DEFINITIONAL_REPRESENTATION('',(#13849),#13853);
#13849 = LINE('',#13850,#13851);
#13850 = CARTESIAN_POINT('',(0.,140.));
#13851 = VECTOR('',#13852,1.);
#13852 = DIRECTION('',(1.,0.));
#13853 = ( GEOMETRIC_REPRESENTATION_CONTEXT(2) 
PARAMETRIC_REPRESENTATION_CONTEXT() REPRESENTATION_CONTEXT('2D SPACE',''
  ) );
#13854 = ORIENTED_EDGE('',*,*,#13544,.T.);
#13855 = ORIENTED_EDGE('',*,*,#13808,.T.);
#13856 = ORIENTED_EDGE('',*,*,#13857,.F.);
#13857 = EDGE_CURVE('',#13833,#13786,#13858,.T.);
#13858 = SURFACE_CURVE('',#13859,(#13863,#13870),.PCURVE_S1.);
#13859 = LINE('',#13860,#13861);
#13860 = CARTESIAN_POINT('',(-480.,190.,0.));
#13861 = VECTOR('',#13862,1.);
#13862 = DIRECTION('',(0.,0.,1.));
#13863 = PCURVE('',#13560,#13864);
#13864 = DEFINITIONAL_REPRESENTATION('',(#13865),#13869);
#13865 = LINE('',#13866,#13867);
#13866 = CARTESIAN_POINT('',(0.,40.));
#13867 = VECTOR('',#13868,1.);
#13868 = DIRECTION('',(1.,0.));
#13869 = ( GEOMETRIC_REPRESENTATION_CONTEXT(2) 
PARAMETRIC_REPRESENTATION_CONTEXT() REPRESENTATION_CONTEXT('2D SPACE',''
  ) );
#13870 = PCURVE('',#13662,#13871);
#13871 = DEFINITIONAL_REPRESENTATION('',(#13872),#13876);
#13872 = LINE('',#13873,#13874);
#13873 = CARTESIAN_POINT('',(0.,-140.));
#13874 = VECTOR('',#13875,1.);
#13875 = DIRECTION('',(1.,0.));
#13876 = ( GEOMETRIC_REPRESENTATION_CONTEXT(2) 
PARAMETRIC_REPRESENTATION_CONTEXT() REPRESENTATION_CONTEXT('2D SPACE',''
  ) );
#13877 = FACE_BOUND('',#13878,.T.);
#13878 = EDGE_LOOP('',(#13879,#13902,#13923,#13944));
#13879 = ORIENTED_EDGE('',*,*,#13880,.F.);
#13880 = EDGE_CURVE('',#13881,#13883,#13885,.T.);
#13881 = VERTEX_POINT('',#13882);
#13882 = CARTESIAN_POINT('',(-517.,190.,37.));
#13883 = VERTEX_POINT('',#13884);
#13884 = CARTESIAN_POINT('',(-483.,190.,37.));
#13885 = SURFACE_CURVE('',#13886,(#13890,#13896),.PCURVE_S1.);
#13886 = LINE('',#13887,#13888);
#13887 = CARTESIAN_POINT('',(-518.5,190.,37.));
#13888 = VECTOR('',#13889,1.);
#13889 = DIRECTION('',(1.,0.,-0.));
#13890 = PCURVE('',#13560,#13891);
#13891 = DEFINITIONAL_REPRESENTATION('',(#13892),#13895);
#13892 = B_SPLINE_CURVE_WITH_KNOTS('',1,(#13893,#13894),.UNSPECIFIED.,
  .F.,.F.,(2,2),(1.5,35.5),.PIECEWISE_BEZIER_KNOTS.);
#13893 = CARTESIAN_POINT('',(37.,3.));
#13894 = CARTESIAN_POINT('',(37.,37.));
#13895 = ( GEOMETRIC_REPRESENTATION_CONTEXT(2) 
PARAMETRIC_REPRESENTATION_CONTEXT() REPRESENTATION_CONTEXT('2D SPACE',''
  ) );
#13896 = PCURVE('',#13693,#13897);
#13897 = DEFINITIONAL_REPRESENTATION('',(#13898),#13901);
#13898 = B_SPLINE_CURVE_WITH_KNOTS('',1,(#13899,#13900),.UNSPECIFIED.,
  .F.,.F.,(2,2),(1.5,35.5),.PIECEWISE_BEZIER_KNOTS.);
#13899 = CARTESIAN_POINT('',(0.,141.));
#13900 = CARTESIAN_POINT('',(34.,141.));
#13901 = ( GEOMETRIC_REPRESENTATION_CONTEXT(2) 
PARAMETRIC_REPRESENTATION_CONTEXT() REPRESENTATION_CONTEXT('2D SPACE',''
  ) );
#13902 = ORIENTED_EDGE('',*,*,#13903,.T.);
#13903 = EDGE_CURVE('',#13881,#13904,#13906,.T.);
#13904 = VERTEX_POINT('',#13905);
#13905 = CARTESIAN_POINT('',(-517.,190.,3.));
#13906 = SURFACE_CURVE('',#13907,(#13911,#13917),.PCURVE_S1.);
#13907 = LINE('',#13908,#13909);
#13908 = CARTESIAN_POINT('',(-517.,190.,1.5));
#13909 = VECTOR('',#13910,1.);
#13910 = DIRECTION('',(-0.,0.,-1.));
#13911 = PCURVE('',#13560,#13912);
#13912 = DEFINITIONAL_REPRESENTATION('',(#13913),#13916);
#13913 = B_SPLINE_CURVE_WITH_KNOTS('',1,(#13914,#13915),.UNSPECIFIED.,
  .F.,.F.,(2,2),(-35.5,-1.5),.PIECEWISE_BEZIER_KNOTS.);
#13914 = CARTESIAN_POINT('',(37.,3.));
#13915 = CARTESIAN_POINT('',(3.,3.));
#13916 = ( GEOMETRIC_REPRESENTATION_CONTEXT(2) 
PARAMETRIC_REPRESENTATION_CONTEXT() REPRESENTATION_CONTEXT('2D SPACE',''
  ) );
#13917 = PCURVE('',#13719,#13918);
#13918 = DEFINITIONAL_REPRESENTATION('',(#13919),#13922);
#13919 = B_SPLINE_CURVE_WITH_KNOTS('',1,(#13920,#13921),.UNSPECIFIED.,
  .F.,.F.,(2,2),(-35.5,-1.5),.PIECEWISE_BEZIER_KNOTS.);
#13920 = CARTESIAN_POINT('',(34.,-141.));
#13921 = CARTESIAN_POINT('',(0.,-141.));
#13922 = ( GEOMETRIC_REPRESENTATION_CONTEXT(2) 
PARAMETRIC_REPRESENTATION_CONTEXT() REPRESENTATION_CONTEXT('2D SPACE',''
  ) );
#13923 = ORIENTED_EDGE('',*,*,#13924,.T.);
#13924 = EDGE_CURVE('',#13904,#13925,#13927,.T.);
#13925 = VERTEX_POINT('',#13926);
#13926 = CARTESIAN_POINT('',(-483.,190.,3.));
#13927 = SURFACE_CURVE('',#13928,(#13932,#13938),.PCURVE_S1.);
#13928 = LINE('',#13929,#13930);
#13929 = CARTESIAN_POINT('',(-518.5,190.,3.));
#13930 = VECTOR('',#13931,1.);
#13931 = DIRECTION('',(1.,0.,-0.));
#13932 = PCURVE('',#13560,#13933);
#13933 = DEFINITIONAL_REPRESENTATION('',(#13934),#13937);
#13934 = B_SPLINE_CURVE_WITH_KNOTS('',1,(#13935,#13936),.UNSPECIFIED.,
  .F.,.F.,(2,2),(1.5,35.5),.PIECEWISE_BEZIER_KNOTS.);
#13935 = CARTESIAN_POINT('',(3.,3.));
#13936 = CARTESIAN_POINT('',(3.,37.));
#13937 = ( GEOMETRIC_REPRESENTATION_CONTEXT(2) 
PARAMETRIC_REPRESENTATION_CONTEXT() REPRESENTATION_CONTEXT('2D SPACE',''
  ) );
#13938 = PCURVE('',#13745,#13939);
#13939 = DEFINITIONAL_REPRESENTATION('',(#13940),#13943);
#13940 = B_SPLINE_CURVE_WITH_KNOTS('',1,(#13941,#13942),.UNSPECIFIED.,
  .F.,.F.,(2,2),(1.5,35.5),.PIECEWISE_BEZIER_KNOTS.);
#13941 = CARTESIAN_POINT('',(0.,141.));
#13942 = CARTESIAN_POINT('',(34.,141.));
#13943 = ( GEOMETRIC_REPRESENTATION_CONTEXT(2) 
PARAMETRIC_REPRESENTATION_CONTEXT() REPRESENTATION_CONTEXT('2D SPACE',''
  ) );
#13944 = ORIENTED_EDGE('',*,*,#13945,.F.);
#13945 = EDGE_CURVE('',#13883,#13925,#13946,.T.);
#13946 = SURFACE_CURVE('',#13947,(#13951,#13957),.PCURVE_S1.);
#13947 = LINE('',#13948,#13949);
#13948 = CARTESIAN_POINT('',(-483.,190.,1.5));
#13949 = VECTOR('',#13950,1.);
#13950 = DIRECTION('',(-0.,0.,-1.));
#13951 = PCURVE('',#13560,#13952);
#13952 = DEFINITIONAL_REPRESENTATION('',(#13953),#13956);
#13953 = B_SPLINE_CURVE_WITH_KNOTS('',1,(#13954,#13955),.UNSPECIFIED.,
  .F.,.F.,(2,2),(-35.5,-1.5),.PIECEWISE_BEZIER_KNOTS.);
#13954 = CARTESIAN_POINT('',(37.,37.));
#13955 = CARTESIAN_POINT('',(3.,37.));
#13956 = ( GEOMETRIC_REPRESENTATION_CONTEXT(2) 
PARAMETRIC_REPRESENTATION_CONTEXT() REPRESENTATION_CONTEXT('2D SPACE',''
  ) );
#13957 = PCURVE('',#13769,#13958);
#13958 = DEFINITIONAL_REPRESENTATION('',(#13959),#13962);
#13959 = B_SPLINE_CURVE_WITH_KNOTS('',1,(#13960,#13961),.UNSPECIFIED.,
  .F.,.F.,(2,2),(-35.5,-1.5),.PIECEWISE_BEZIER_KNOTS.);
#13960 = CARTESIAN_POINT('',(34.,-141.));
#13961 = CARTESIAN_POINT('',(0.,-141.));
#13962 = ( GEOMETRIC_REPRESENTATION_CONTEXT(2) 
PARAMETRIC_REPRESENTATION_CONTEXT() REPRESENTATION_CONTEXT('2D SPACE',''
  ) );
#13963 = ADVANCED_FACE('',(#13964),#13532,.F.);
#13964 = FACE_BOUND('',#13965,.F.);
#13965 = EDGE_LOOP('',(#13966,#13967,#13968,#13989));
#13966 = ORIENTED_EDGE('',*,*,#13516,.F.);
#13967 = ORIENTED_EDGE('',*,*,#13601,.T.);
#13968 = ORIENTED_EDGE('',*,*,#13969,.T.);
#13969 = EDGE_CURVE('',#13602,#13833,#13970,.T.);
#13970 = SURFACE_CURVE('',#13971,(#13975,#13982),.PCURVE_S1.);
#13971 = LINE('',#13972,#13973);
#13972 = CARTESIAN_POINT('',(-480.,50.,0.));
#13973 = VECTOR('',#13974,1.);
#13974 = DIRECTION('',(-0.,1.,0.));
#13975 = PCURVE('',#13532,#13976);
#13976 = DEFINITIONAL_REPRESENTATION('',(#13977),#13981);
#13977 = LINE('',#13978,#13979);
#13978 = CARTESIAN_POINT('',(40.,0.));
#13979 = VECTOR('',#13980,1.);
#13980 = DIRECTION('',(0.,1.));
#13981 = ( GEOMETRIC_REPRESENTATION_CONTEXT(2) 
PARAMETRIC_REPRESENTATION_CONTEXT() REPRESENTATION_CONTEXT('2D SPACE',''
  ) );
#13982 = PCURVE('',#13662,#13983);
#13983 = DEFINITIONAL_REPRESENTATION('',(#13984),#13988);
#13984 = LINE('',#13985,#13986);
#13985 = CARTESIAN_POINT('',(0.,0.));
#13986 = VECTOR('',#13987,1.);
#13987 = DIRECTION('',(0.,-1.));
#13988 = ( GEOMETRIC_REPRESENTATION_CONTEXT(2) 
PARAMETRIC_REPRESENTATION_CONTEXT() REPRESENTATION_CONTEXT('2D SPACE',''
  ) );
#13989 = ORIENTED_EDGE('',*,*,#13832,.F.);
#13990 = ADVANCED_FACE('',(#13991),#13662,.T.);
#13991 = FACE_BOUND('',#13992,.T.);
#13992 = EDGE_LOOP('',(#13993,#13994,#13995,#13996));
#13993 = ORIENTED_EDGE('',*,*,#13648,.F.);
#13994 = ORIENTED_EDGE('',*,*,#13969,.T.);
#13995 = ORIENTED_EDGE('',*,*,#13857,.T.);
#13996 = ORIENTED_EDGE('',*,*,#13785,.F.);
#13997 = ADVANCED_FACE('',(#13998),#13693,.F.);
#13998 = FACE_BOUND('',#13999,.F.);
#13999 = EDGE_LOOP('',(#14000,#14021,#14022,#14043));
#14000 = ORIENTED_EDGE('',*,*,#14001,.F.);
#14001 = EDGE_CURVE('',#13677,#13881,#14002,.T.);
#14002 = SURFACE_CURVE('',#14003,(#14007,#14014),.PCURVE_S1.);
#14003 = LINE('',#14004,#14005);
#14004 = CARTESIAN_POINT('',(-517.,49.,37.));
#14005 = VECTOR('',#14006,1.);
#14006 = DIRECTION('',(-0.,1.,0.));
#14007 = PCURVE('',#13693,#14008);
#14008 = DEFINITIONAL_REPRESENTATION('',(#14009),#14013);
#14009 = LINE('',#14010,#14011);
#14010 = CARTESIAN_POINT('',(0.,0.));
#14011 = VECTOR('',#14012,1.);
#14012 = DIRECTION('',(0.,1.));
#14013 = ( GEOMETRIC_REPRESENTATION_CONTEXT(2) 
PARAMETRIC_REPRESENTATION_CONTEXT() REPRESENTATION_CONTEXT('2D SPACE',''
  ) );
#14014 = PCURVE('',#13719,#14015);
#14015 = DEFINITIONAL_REPRESENTATION('',(#14016),#14020);
#14016 = LINE('',#14017,#14018);
#14017 = CARTESIAN_POINT('',(34.,0.));
#14018 = VECTOR('',#14019,1.);
#14019 = DIRECTION('',(0.,-1.));
#14020 = ( GEOMETRIC_REPRESENTATION_CONTEXT(2) 
PARAMETRIC_REPRESENTATION_CONTEXT() REPRESENTATION_CONTEXT('2D SPACE',''
  ) );
#14021 = ORIENTED_EDGE('',*,*,#13676,.T.);
#14022 = ORIENTED_EDGE('',*,*,#14023,.T.);
#14023 = EDGE_CURVE('',#13679,#13883,#14024,.T.);
#14024 = SURFACE_CURVE('',#14025,(#14029,#14036),.PCURVE_S1.);
#14025 = LINE('',#14026,#14027);
#14026 = CARTESIAN_POINT('',(-483.,49.,37.));
#14027 = VECTOR('',#14028,1.);
#14028 = DIRECTION('',(-0.,1.,0.));
#14029 = PCURVE('',#13693,#14030);
#14030 = DEFINITIONAL_REPRESENTATION('',(#14031),#14035);
#14031 = LINE('',#14032,#14033);
#14032 = CARTESIAN_POINT('',(34.,0.));
#14033 = VECTOR('',#14034,1.);
#14034 = DIRECTION('',(0.,1.));
#14035 = ( GEOMETRIC_REPRESENTATION_CONTEXT(2) 
PARAMETRIC_REPRESENTATION_CONTEXT() REPRESENTATION_CONTEXT('2D SPACE',''
  ) );
#14036 = PCURVE('',#13769,#14037);
#14037 = DEFINITIONAL_REPRESENTATION('',(#14038),#14042);
#14038 = LINE('',#14039,#14040);
#14039 = CARTESIAN_POINT('',(34.,0.));
#14040 = VECTOR('',#14041,1.);
#14041 = DIRECTION('',(0.,-1.));
#14042 = ( GEOMETRIC_REPRESENTATION_CONTEXT(2) 
PARAMETRIC_REPRESENTATION_CONTEXT() REPRESENTATION_CONTEXT('2D SPACE',''
  ) );
#14043 = ORIENTED_EDGE('',*,*,#13880,.F.);
#14044 = ADVANCED_FACE('',(#14045),#13769,.F.);
#14045 = FACE_BOUND('',#14046,.F.);
#14046 = EDGE_LOOP('',(#14047,#14048,#14049,#14070));
#14047 = ORIENTED_EDGE('',*,*,#14023,.F.);
#14048 = ORIENTED_EDGE('',*,*,#13756,.T.);
#14049 = ORIENTED_EDGE('',*,*,#14050,.T.);
#14050 = EDGE_CURVE('',#13731,#13925,#14051,.T.);
#14051 = SURFACE_CURVE('',#14052,(#14056,#14063),.PCURVE_S1.);
#14052 = LINE('',#14053,#14054);
#14053 = CARTESIAN_POINT('',(-483.,49.,3.));
#14054 = VECTOR('',#14055,1.);
#14055 = DIRECTION('',(-0.,1.,0.));
#14056 = PCURVE('',#13769,#14057);
#14057 = DEFINITIONAL_REPRESENTATION('',(#14058),#14062);
#14058 = LINE('',#14059,#14060);
#14059 = CARTESIAN_POINT('',(0.,0.));
#14060 = VECTOR('',#14061,1.);
#14061 = DIRECTION('',(0.,-1.));
#14062 = ( GEOMETRIC_REPRESENTATION_CONTEXT(2) 
PARAMETRIC_REPRESENTATION_CONTEXT() REPRESENTATION_CONTEXT('2D SPACE',''
  ) );
#14063 = PCURVE('',#13745,#14064);
#14064 = DEFINITIONAL_REPRESENTATION('',(#14065),#14069);
#14065 = LINE('',#14066,#14067);
#14066 = CARTESIAN_POINT('',(34.,0.));
#14067 = VECTOR('',#14068,1.);
#14068 = DIRECTION('',(0.,1.));
#14069 = ( GEOMETRIC_REPRESENTATION_CONTEXT(2) 
PARAMETRIC_REPRESENTATION_CONTEXT() REPRESENTATION_CONTEXT('2D SPACE',''
  ) );
#14070 = ORIENTED_EDGE('',*,*,#13945,.F.);
#14071 = ADVANCED_FACE('',(#14072),#13745,.T.);
#14072 = FACE_BOUND('',#14073,.T.);
#14073 = EDGE_LOOP('',(#14074,#14095,#14096,#14097));
#14074 = ORIENTED_EDGE('',*,*,#14075,.F.);
#14075 = EDGE_CURVE('',#13705,#13904,#14076,.T.);
#14076 = SURFACE_CURVE('',#14077,(#14081,#14088),.PCURVE_S1.);
#14077 = LINE('',#14078,#14079);
#14078 = CARTESIAN_POINT('',(-517.,49.,3.));
#14079 = VECTOR('',#14080,1.);
#14080 = DIRECTION('',(-0.,1.,0.));
#14081 = PCURVE('',#13745,#14082);
#14082 = DEFINITIONAL_REPRESENTATION('',(#14083),#14087);
#14083 = LINE('',#14084,#14085);
#14084 = CARTESIAN_POINT('',(0.,0.));
#14085 = VECTOR('',#14086,1.);
#14086 = DIRECTION('',(0.,1.));
#14087 = ( GEOMETRIC_REPRESENTATION_CONTEXT(2) 
PARAMETRIC_REPRESENTATION_CONTEXT() REPRESENTATION_CONTEXT('2D SPACE',''
  ) );
#14088 = PCURVE('',#13719,#14089);
#14089 = DEFINITIONAL_REPRESENTATION('',(#14090),#14094);
#14090 = LINE('',#14091,#14092);
#14091 = CARTESIAN_POINT('',(0.,0.));
#14092 = VECTOR('',#14093,1.);
#14093 = DIRECTION('',(0.,-1.));
#14094 = ( GEOMETRIC_REPRESENTATION_CONTEXT(2) 
PARAMETRIC_REPRESENTATION_CONTEXT() REPRESENTATION_CONTEXT('2D SPACE',''
  ) );
#14095 = ORIENTED_EDGE('',*,*,#13730,.T.);
#14096 = ORIENTED_EDGE('',*,*,#14050,.T.);
#14097 = ORIENTED_EDGE('',*,*,#13924,.F.);
#14098 = ADVANCED_FACE('',(#14099),#13719,.T.);
#14099 = FACE_BOUND('',#14100,.T.);
#14100 = EDGE_LOOP('',(#14101,#14102,#14103,#14104));
#14101 = ORIENTED_EDGE('',*,*,#14001,.F.);
#14102 = ORIENTED_EDGE('',*,*,#13704,.T.);
#14103 = ORIENTED_EDGE('',*,*,#14075,.T.);
#14104 = ORIENTED_EDGE('',*,*,#13903,.F.);
#14105 = MANIFOLD_SOLID_BREP('',#14106);
#14106 = CLOSED_SHELL('',(#14107,#14227,#14409,#14458,#14593,#14620,
    #14627,#14674,#14701,#14728));
#14107 = ADVANCED_FACE('',(#14108),#14122,.F.);
#14108 = FACE_BOUND('',#14109,.F.);
#14109 = EDGE_LOOP('',(#14110,#14145,#14173,#14201));
#14110 = ORIENTED_EDGE('',*,*,#14111,.F.);
#14111 = EDGE_CURVE('',#14112,#14114,#14116,.T.);
#14112 = VERTEX_POINT('',#14113);
#14113 = CARTESIAN_POINT('',(-220.,50.,0.));
#14114 = VERTEX_POINT('',#14115);
#14115 = CARTESIAN_POINT('',(-220.,50.,40.));
#14116 = SURFACE_CURVE('',#14117,(#14121,#14133),.PCURVE_S1.);
#14117 = LINE('',#14118,#14119);
#14118 = CARTESIAN_POINT('',(-220.,50.,0.));
#14119 = VECTOR('',#14120,1.);
#14120 = DIRECTION('',(0.,0.,1.));
#14121 = PCURVE('',#14122,#14127);
#14122 = PLANE('',#14123);
#14123 = AXIS2_PLACEMENT_3D('',#14124,#14125,#14126);
#14124 = CARTESIAN_POINT('',(-220.,50.,0.));
#14125 = DIRECTION('',(1.,0.,-0.));
#14126 = DIRECTION('',(0.,0.,1.));
#14127 = DEFINITIONAL_REPRESENTATION('',(#14128),#14132);
#14128 = LINE('',#14129,#14130);
#14129 = CARTESIAN_POINT('',(0.,0.));
#14130 = VECTOR('',#14131,1.);
#14131 = DIRECTION('',(1.,0.));
#14132 = ( GEOMETRIC_REPRESENTATION_CONTEXT(2) 
PARAMETRIC_REPRESENTATION_CONTEXT() REPRESENTATION_CONTEXT('2D SPACE',''
  ) );
#14133 = PCURVE('',#14134,#14139);
#14134 = PLANE('',#14135);
#14135 = AXIS2_PLACEMENT_3D('',#14136,#14137,#14138);
#14136 = CARTESIAN_POINT('',(-220.,50.,0.));
#14137 = DIRECTION('',(-0.,1.,0.));
#14138 = DIRECTION('',(0.,0.,1.));
#14139 = DEFINITIONAL_REPRESENTATION('',(#14140),#14144);
#14140 = LINE('',#14141,#14142);
#14141 = CARTESIAN_POINT('',(0.,0.));
#14142 = VECTOR('',#14143,1.);
#14143 = DIRECTION('',(1.,0.));
#14144 = ( GEOMETRIC_REPRESENTATION_CONTEXT(2) 
PARAMETRIC_REPRESENTATION_CONTEXT() REPRESENTATION_CONTEXT('2D SPACE',''
  ) );
#14145 = ORIENTED_EDGE('',*,*,#14146,.T.);
#14146 = EDGE_CURVE('',#14112,#14147,#14149,.T.);
#14147 = VERTEX_POINT('',#14148);
#14148 = CARTESIAN_POINT('',(-220.,190.,0.));
#14149 = SURFACE_CURVE('',#14150,(#14154,#14161),.PCURVE_S1.);
#14150 = LINE('',#14151,#14152);
#14151 = CARTESIAN_POINT('',(-220.,50.,0.));
#14152 = VECTOR('',#14153,1.);
#14153 = DIRECTION('',(-0.,1.,0.));
#14154 = PCURVE('',#14122,#14155);
#14155 = DEFINITIONAL_REPRESENTATION('',(#14156),#14160);
#14156 = LINE('',#14157,#14158);
#14157 = CARTESIAN_POINT('',(0.,0.));
#14158 = VECTOR('',#14159,1.);
#14159 = DIRECTION('',(0.,-1.));
#14160 = ( GEOMETRIC_REPRESENTATION_CONTEXT(2) 
PARAMETRIC_REPRESENTATION_CONTEXT() REPRESENTATION_CONTEXT('2D SPACE',''
  ) );
#14161 = PCURVE('',#14162,#14167);
#14162 = PLANE('',#14163);
#14163 = AXIS2_PLACEMENT_3D('',#14164,#14165,#14166);
#14164 = CARTESIAN_POINT('',(-220.,50.,0.));
#14165 = DIRECTION('',(0.,0.,1.));
#14166 = DIRECTION('',(1.,0.,-0.));
#14167 = DEFINITIONAL_REPRESENTATION('',(#14168),#14172);
#14168 = LINE('',#14169,#14170);
#14169 = CARTESIAN_POINT('',(0.,0.));
#14170 = VECTOR('',#14171,1.);
#14171 = DIRECTION('',(0.,1.));
#14172 = ( GEOMETRIC_REPRESENTATION_CONTEXT(2) 
PARAMETRIC_REPRESENTATION_CONTEXT() REPRESENTATION_CONTEXT('2D SPACE',''
  ) );
#14173 = ORIENTED_EDGE('',*,*,#14174,.T.);
#14174 = EDGE_CURVE('',#14147,#14175,#14177,.T.);
#14175 = VERTEX_POINT('',#14176);
#14176 = CARTESIAN_POINT('',(-220.,190.,40.));
#14177 = SURFACE_CURVE('',#14178,(#14182,#14189),.PCURVE_S1.);
#14178 = LINE('',#14179,#14180);
#14179 = CARTESIAN_POINT('',(-220.,190.,0.));
#14180 = VECTOR('',#14181,1.);
#14181 = DIRECTION('',(0.,0.,1.));
#14182 = PCURVE('',#14122,#14183);
#14183 = DEFINITIONAL_REPRESENTATION('',(#14184),#14188);
#14184 = LINE('',#14185,#14186);
#14185 = CARTESIAN_POINT('',(0.,-140.));
#14186 = VECTOR('',#14187,1.);
#14187 = DIRECTION('',(1.,0.));
#14188 = ( GEOMETRIC_REPRESENTATION_CONTEXT(2) 
PARAMETRIC_REPRESENTATION_CONTEXT() REPRESENTATION_CONTEXT('2D SPACE',''
  ) );
#14189 = PCURVE('',#14190,#14195);
#14190 = PLANE('',#14191);
#14191 = AXIS2_PLACEMENT_3D('',#14192,#14193,#14194);
#14192 = CARTESIAN_POINT('',(-220.,190.,0.));
#14193 = DIRECTION('',(-0.,1.,0.));
#14194 = DIRECTION('',(0.,0.,1.));
#14195 = DEFINITIONAL_REPRESENTATION('',(#14196),#14200);
#14196 = LINE('',#14197,#14198);
#14197 = CARTESIAN_POINT('',(0.,0.));
#14198 = VECTOR('',#14199,1.);
#14199 = DIRECTION('',(1.,0.));
#14200 = ( GEOMETRIC_REPRESENTATION_CONTEXT(2) 
PARAMETRIC_REPRESENTATION_CONTEXT() REPRESENTATION_CONTEXT('2D SPACE',''
  ) );
#14201 = ORIENTED_EDGE('',*,*,#14202,.F.);
#14202 = EDGE_CURVE('',#14114,#14175,#14203,.T.);
#14203 = SURFACE_CURVE('',#14204,(#14208,#14215),.PCURVE_S1.);
#14204 = LINE('',#14205,#14206);
#14205 = CARTESIAN_POINT('',(-220.,50.,40.));
#14206 = VECTOR('',#14207,1.);
#14207 = DIRECTION('',(-0.,1.,0.));
#14208 = PCURVE('',#14122,#14209);
#14209 = DEFINITIONAL_REPRESENTATION('',(#14210),#14214);
#14210 = LINE('',#14211,#14212);
#14211 = CARTESIAN_POINT('',(40.,0.));
#14212 = VECTOR('',#14213,1.);
#14213 = DIRECTION('',(0.,-1.));
#14214 = ( GEOMETRIC_REPRESENTATION_CONTEXT(2) 
PARAMETRIC_REPRESENTATION_CONTEXT() REPRESENTATION_CONTEXT('2D SPACE',''
  ) );
#14215 = PCURVE('',#14216,#14221);
#14216 = PLANE('',#14217);
#14217 = AXIS2_PLACEMENT_3D('',#14218,#14219,#14220);
#14218 = CARTESIAN_POINT('',(-220.,50.,40.));
#14219 = DIRECTION('',(0.,0.,1.));
#14220 = DIRECTION('',(1.,0.,-0.));
#14221 = DEFINITIONAL_REPRESENTATION('',(#14222),#14226);
#14222 = LINE('',#14223,#14224);
#14223 = CARTESIAN_POINT('',(0.,0.));
#14224 = VECTOR('',#14225,1.);
#14225 = DIRECTION('',(0.,1.));
#14226 = ( GEOMETRIC_REPRESENTATION_CONTEXT(2) 
PARAMETRIC_REPRESENTATION_CONTEXT() REPRESENTATION_CONTEXT('2D SPACE',''
  ) );
#14227 = ADVANCED_FACE('',(#14228,#14303),#14134,.F.);
#14228 = FACE_BOUND('',#14229,.F.);
#14229 = EDGE_LOOP('',(#14230,#14253,#14254,#14277));
#14230 = ORIENTED_EDGE('',*,*,#14231,.F.);
#14231 = EDGE_CURVE('',#14112,#14232,#14234,.T.);
#14232 = VERTEX_POINT('',#14233);
#14233 = CARTESIAN_POINT('',(-180.,50.,0.));
#14234 = SURFACE_CURVE('',#14235,(#14239,#14246),.PCURVE_S1.);
#14235 = LINE('',#14236,#14237);
#14236 = CARTESIAN_POINT('',(-220.,50.,0.));
#14237 = VECTOR('',#14238,1.);
#14238 = DIRECTION('',(1.,0.,-0.));
#14239 = PCURVE('',#14134,#14240);
#14240 = DEFINITIONAL_REPRESENTATION('',(#14241),#14245);
#14241 = LINE('',#14242,#14243);
#14242 = CARTESIAN_POINT('',(0.,0.));
#14243 = VECTOR('',#14244,1.);
#14244 = DIRECTION('',(0.,1.));
#14245 = ( GEOMETRIC_REPRESENTATION_CONTEXT(2) 
PARAMETRIC_REPRESENTATION_CONTEXT() REPRESENTATION_CONTEXT('2D SPACE',''
  ) );
#14246 = PCURVE('',#14162,#14247);
#14247 = DEFINITIONAL_REPRESENTATION('',(#14248),#14252);
#14248 = LINE('',#14249,#14250);
#14249 = CARTESIAN_POINT('',(0.,0.));
#14250 = VECTOR('',#14251,1.);
#14251 = DIRECTION('',(1.,0.));
#14252 = ( GEOMETRIC_REPRESENTATION_CONTEXT(2) 
PARAMETRIC_REPRESENTATION_CONTEXT() REPRESENTATION_CONTEXT('2D SPACE',''
  ) );
#14253 = ORIENTED_EDGE('',*,*,#14111,.T.);
#14254 = ORIENTED_EDGE('',*,*,#14255,.T.);
#14255 = EDGE_CURVE('',#14114,#14256,#14258,.T.);
#14256 = VERTEX_POINT('',#14257);
#14257 = CARTESIAN_POINT('',(-180.,50.,40.));
#14258 = SURFACE_CURVE('',#14259,(#14263,#14270),.PCURVE_S1.);
#14259 = LINE('',#14260,#14261);
#14260 = CARTESIAN_POINT('',(-220.,50.,40.));
#14261 = VECTOR('',#14262,1.);
#14262 = DIRECTION('',(1.,0.,-0.));
#14263 = PCURVE('',#14134,#14264);
#14264 = DEFINITIONAL_REPRESENTATION('',(#14265),#14269);
#14265 = LINE('',#14266,#14267);
#14266 = CARTESIAN_POINT('',(40.,0.));
#14267 = VECTOR('',#14268,1.);
#14268 = DIRECTION('',(0.,1.));
#14269 = ( GEOMETRIC_REPRESENTATION_CONTEXT(2) 
PARAMETRIC_REPRESENTATION_CONTEXT() REPRESENTATION_CONTEXT('2D SPACE',''
  ) );
#14270 = PCURVE('',#14216,#14271);
#14271 = DEFINITIONAL_REPRESENTATION('',(#14272),#14276);
#14272 = LINE('',#14273,#14274);
#14273 = CARTESIAN_POINT('',(0.,0.));
#14274 = VECTOR('',#14275,1.);
#14275 = DIRECTION('',(1.,0.));
#14276 = ( GEOMETRIC_REPRESENTATION_CONTEXT(2) 
PARAMETRIC_REPRESENTATION_CONTEXT() REPRESENTATION_CONTEXT('2D SPACE',''
  ) );
#14277 = ORIENTED_EDGE('',*,*,#14278,.F.);
#14278 = EDGE_CURVE('',#14232,#14256,#14279,.T.);
#14279 = SURFACE_CURVE('',#14280,(#14284,#14291),.PCURVE_S1.);
#14280 = LINE('',#14281,#14282);
#14281 = CARTESIAN_POINT('',(-180.,50.,0.));
#14282 = VECTOR('',#14283,1.);
#14283 = DIRECTION('',(0.,0.,1.));
#14284 = PCURVE('',#14134,#14285);
#14285 = DEFINITIONAL_REPRESENTATION('',(#14286),#14290);
#14286 = LINE('',#14287,#14288);
#14287 = CARTESIAN_POINT('',(0.,40.));
#14288 = VECTOR('',#14289,1.);
#14289 = DIRECTION('',(1.,0.));
#14290 = ( GEOMETRIC_REPRESENTATION_CONTEXT(2) 
PARAMETRIC_REPRESENTATION_CONTEXT() REPRESENTATION_CONTEXT('2D SPACE',''
  ) );
#14291 = PCURVE('',#14292,#14297);
#14292 = PLANE('',#14293);
#14293 = AXIS2_PLACEMENT_3D('',#14294,#14295,#14296);
#14294 = CARTESIAN_POINT('',(-180.,50.,0.));
#14295 = DIRECTION('',(1.,0.,-0.));
#14296 = DIRECTION('',(0.,0.,1.));
#14297 = DEFINITIONAL_REPRESENTATION('',(#14298),#14302);
#14298 = LINE('',#14299,#14300);
#14299 = CARTESIAN_POINT('',(0.,0.));
#14300 = VECTOR('',#14301,1.);
#14301 = DIRECTION('',(1.,0.));
#14302 = ( GEOMETRIC_REPRESENTATION_CONTEXT(2) 
PARAMETRIC_REPRESENTATION_CONTEXT() REPRESENTATION_CONTEXT('2D SPACE',''
  ) );
#14303 = FACE_BOUND('',#14304,.F.);
#14304 = EDGE_LOOP('',(#14305,#14333,#14359,#14385));
#14305 = ORIENTED_EDGE('',*,*,#14306,.F.);
#14306 = EDGE_CURVE('',#14307,#14309,#14311,.T.);
#14307 = VERTEX_POINT('',#14308);
#14308 = CARTESIAN_POINT('',(-217.,50.,37.));
#14309 = VERTEX_POINT('',#14310);
#14310 = CARTESIAN_POINT('',(-183.,50.,37.));
#14311 = SURFACE_CURVE('',#14312,(#14316,#14322),.PCURVE_S1.);
#14312 = LINE('',#14313,#14314);
#14313 = CARTESIAN_POINT('',(-218.5,50.,37.));
#14314 = VECTOR('',#14315,1.);
#14315 = DIRECTION('',(1.,0.,-0.));
#14316 = PCURVE('',#14134,#14317);
#14317 = DEFINITIONAL_REPRESENTATION('',(#14318),#14321);
#14318 = B_SPLINE_CURVE_WITH_KNOTS('',1,(#14319,#14320),.UNSPECIFIED.,
  .F.,.F.,(2,2),(1.5,35.5),.PIECEWISE_BEZIER_KNOTS.);
#14319 = CARTESIAN_POINT('',(37.,3.));
#14320 = CARTESIAN_POINT('',(37.,37.));
#14321 = ( GEOMETRIC_REPRESENTATION_CONTEXT(2) 
PARAMETRIC_REPRESENTATION_CONTEXT() REPRESENTATION_CONTEXT('2D SPACE',''
  ) );
#14322 = PCURVE('',#14323,#14328);
#14323 = PLANE('',#14324);
#14324 = AXIS2_PLACEMENT_3D('',#14325,#14326,#14327);
#14325 = CARTESIAN_POINT('',(-217.,49.,37.));
#14326 = DIRECTION('',(0.,0.,1.));
#14327 = DIRECTION('',(1.,0.,-0.));
#14328 = DEFINITIONAL_REPRESENTATION('',(#14329),#14332);
#14329 = B_SPLINE_CURVE_WITH_KNOTS('',1,(#14330,#14331),.UNSPECIFIED.,
  .F.,.F.,(2,2),(1.5,35.5),.PIECEWISE_BEZIER_KNOTS.);
#14330 = CARTESIAN_POINT('',(0.,1.));
#14331 = CARTESIAN_POINT('',(34.,1.));
#14332 = ( GEOMETRIC_REPRESENTATION_CONTEXT(2) 
PARAMETRIC_REPRESENTATION_CONTEXT() REPRESENTATION_CONTEXT('2D SPACE',''
  ) );
#14333 = ORIENTED_EDGE('',*,*,#14334,.T.);
#14334 = EDGE_CURVE('',#14307,#14335,#14337,.T.);
#14335 = VERTEX_POINT('',#14336);
#14336 = CARTESIAN_POINT('',(-217.,50.,3.));
#14337 = SURFACE_CURVE('',#14338,(#14342,#14348),.PCURVE_S1.);
#14338 = LINE('',#14339,#14340);
#14339 = CARTESIAN_POINT('',(-217.,50.,1.5));
#14340 = VECTOR('',#14341,1.);
#14341 = DIRECTION('',(-0.,0.,-1.));
#14342 = PCURVE('',#14134,#14343);
#14343 = DEFINITIONAL_REPRESENTATION('',(#14344),#14347);
#14344 = B_SPLINE_CURVE_WITH_KNOTS('',1,(#14345,#14346),.UNSPECIFIED.,
  .F.,.F.,(2,2),(-35.5,-1.5),.PIECEWISE_BEZIER_KNOTS.);
#14345 = CARTESIAN_POINT('',(37.,3.));
#14346 = CARTESIAN_POINT('',(3.,3.));
#14347 = ( GEOMETRIC_REPRESENTATION_CONTEXT(2) 
PARAMETRIC_REPRESENTATION_CONTEXT() REPRESENTATION_CONTEXT('2D SPACE',''
  ) );
#14348 = PCURVE('',#14349,#14354);
#14349 = PLANE('',#14350);
#14350 = AXIS2_PLACEMENT_3D('',#14351,#14352,#14353);
#14351 = CARTESIAN_POINT('',(-217.,49.,3.));
#14352 = DIRECTION('',(1.,0.,-0.));
#14353 = DIRECTION('',(0.,0.,1.));
#14354 = DEFINITIONAL_REPRESENTATION('',(#14355),#14358);
#14355 = B_SPLINE_CURVE_WITH_KNOTS('',1,(#14356,#14357),.UNSPECIFIED.,
  .F.,.F.,(2,2),(-35.5,-1.5),.PIECEWISE_BEZIER_KNOTS.);
#14356 = CARTESIAN_POINT('',(34.,-1.));
#14357 = CARTESIAN_POINT('',(0.,-1.));
#14358 = ( GEOMETRIC_REPRESENTATION_CONTEXT(2) 
PARAMETRIC_REPRESENTATION_CONTEXT() REPRESENTATION_CONTEXT('2D SPACE',''
  ) );
#14359 = ORIENTED_EDGE('',*,*,#14360,.T.);
#14360 = EDGE_CURVE('',#14335,#14361,#14363,.T.);
#14361 = VERTEX_POINT('',#14362);
#14362 = CARTESIAN_POINT('',(-183.,50.,3.));
#14363 = SURFACE_CURVE('',#14364,(#14368,#14374),.PCURVE_S1.);
#14364 = LINE('',#14365,#14366);
#14365 = CARTESIAN_POINT('',(-218.5,50.,3.));
#14366 = VECTOR('',#14367,1.);
#14367 = DIRECTION('',(1.,0.,-0.));
#14368 = PCURVE('',#14134,#14369);
#14369 = DEFINITIONAL_REPRESENTATION('',(#14370),#14373);
#14370 = B_SPLINE_CURVE_WITH_KNOTS('',1,(#14371,#14372),.UNSPECIFIED.,
  .F.,.F.,(2,2),(1.5,35.5),.PIECEWISE_BEZIER_KNOTS.);
#14371 = CARTESIAN_POINT('',(3.,3.));
#14372 = CARTESIAN_POINT('',(3.,37.));
#14373 = ( GEOMETRIC_REPRESENTATION_CONTEXT(2) 
PARAMETRIC_REPRESENTATION_CONTEXT() REPRESENTATION_CONTEXT('2D SPACE',''
  ) );
#14374 = PCURVE('',#14375,#14380);
#14375 = PLANE('',#14376);
#14376 = AXIS2_PLACEMENT_3D('',#14377,#14378,#14379);
#14377 = CARTESIAN_POINT('',(-217.,49.,3.));
#14378 = DIRECTION('',(0.,0.,1.));
#14379 = DIRECTION('',(1.,0.,-0.));
#14380 = DEFINITIONAL_REPRESENTATION('',(#14381),#14384);
#14381 = B_SPLINE_CURVE_WITH_KNOTS('',1,(#14382,#14383),.UNSPECIFIED.,
  .F.,.F.,(2,2),(1.5,35.5),.PIECEWISE_BEZIER_KNOTS.);
#14382 = CARTESIAN_POINT('',(0.,1.));
#14383 = CARTESIAN_POINT('',(34.,1.));
#14384 = ( GEOMETRIC_REPRESENTATION_CONTEXT(2) 
PARAMETRIC_REPRESENTATION_CONTEXT() REPRESENTATION_CONTEXT('2D SPACE',''
  ) );
#14385 = ORIENTED_EDGE('',*,*,#14386,.F.);
#14386 = EDGE_CURVE('',#14309,#14361,#14387,.T.);
#14387 = SURFACE_CURVE('',#14388,(#14392,#14398),.PCURVE_S1.);
#14388 = LINE('',#14389,#14390);
#14389 = CARTESIAN_POINT('',(-183.,50.,1.5));
#14390 = VECTOR('',#14391,1.);
#14391 = DIRECTION('',(-0.,0.,-1.));
#14392 = PCURVE('',#14134,#14393);
#14393 = DEFINITIONAL_REPRESENTATION('',(#14394),#14397);
#14394 = B_SPLINE_CURVE_WITH_KNOTS('',1,(#14395,#14396),.UNSPECIFIED.,
  .F.,.F.,(2,2),(-35.5,-1.5),.PIECEWISE_BEZIER_KNOTS.);
#14395 = CARTESIAN_POINT('',(37.,37.));
#14396 = CARTESIAN_POINT('',(3.,37.));
#14397 = ( GEOMETRIC_REPRESENTATION_CONTEXT(2) 
PARAMETRIC_REPRESENTATION_CONTEXT() REPRESENTATION_CONTEXT('2D SPACE',''
  ) );
#14398 = PCURVE('',#14399,#14404);
#14399 = PLANE('',#14400);
#14400 = AXIS2_PLACEMENT_3D('',#14401,#14402,#14403);
#14401 = CARTESIAN_POINT('',(-183.,49.,3.));
#14402 = DIRECTION('',(1.,0.,-0.));
#14403 = DIRECTION('',(0.,0.,1.));
#14404 = DEFINITIONAL_REPRESENTATION('',(#14405),#14408);
#14405 = B_SPLINE_CURVE_WITH_KNOTS('',1,(#14406,#14407),.UNSPECIFIED.,
  .F.,.F.,(2,2),(-35.5,-1.5),.PIECEWISE_BEZIER_KNOTS.);
#14406 = CARTESIAN_POINT('',(34.,-1.));
#14407 = CARTESIAN_POINT('',(0.,-1.));
#14408 = ( GEOMETRIC_REPRESENTATION_CONTEXT(2) 
PARAMETRIC_REPRESENTATION_CONTEXT() REPRESENTATION_CONTEXT('2D SPACE',''
  ) );
#14409 = ADVANCED_FACE('',(#14410),#14216,.T.);
#14410 = FACE_BOUND('',#14411,.T.);
#14411 = EDGE_LOOP('',(#14412,#14413,#14414,#14437));
#14412 = ORIENTED_EDGE('',*,*,#14202,.F.);
#14413 = ORIENTED_EDGE('',*,*,#14255,.T.);
#14414 = ORIENTED_EDGE('',*,*,#14415,.T.);
#14415 = EDGE_CURVE('',#14256,#14416,#14418,.T.);
#14416 = VERTEX_POINT('',#14417);
#14417 = CARTESIAN_POINT('',(-180.,190.,40.));
#14418 = SURFACE_CURVE('',#14419,(#14423,#14430),.PCURVE_S1.);
#14419 = LINE('',#14420,#14421);
#14420 = CARTESIAN_POINT('',(-180.,50.,40.));
#14421 = VECTOR('',#14422,1.);
#14422 = DIRECTION('',(-0.,1.,0.));
#14423 = PCURVE('',#14216,#14424);
#14424 = DEFINITIONAL_REPRESENTATION('',(#14425),#14429);
#14425 = LINE('',#14426,#14427);
#14426 = CARTESIAN_POINT('',(40.,0.));
#14427 = VECTOR('',#14428,1.);
#14428 = DIRECTION('',(0.,1.));
#14429 = ( GEOMETRIC_REPRESENTATION_CONTEXT(2) 
PARAMETRIC_REPRESENTATION_CONTEXT() REPRESENTATION_CONTEXT('2D SPACE',''
  ) );
#14430 = PCURVE('',#14292,#14431);
#14431 = DEFINITIONAL_REPRESENTATION('',(#14432),#14436);
#14432 = LINE('',#14433,#14434);
#14433 = CARTESIAN_POINT('',(40.,0.));
#14434 = VECTOR('',#14435,1.);
#14435 = DIRECTION('',(0.,-1.));
#14436 = ( GEOMETRIC_REPRESENTATION_CONTEXT(2) 
PARAMETRIC_REPRESENTATION_CONTEXT() REPRESENTATION_CONTEXT('2D SPACE',''
  ) );
#14437 = ORIENTED_EDGE('',*,*,#14438,.F.);
#14438 = EDGE_CURVE('',#14175,#14416,#14439,.T.);
#14439 = SURFACE_CURVE('',#14440,(#14444,#14451),.PCURVE_S1.);
#14440 = LINE('',#14441,#14442);
#14441 = CARTESIAN_POINT('',(-220.,190.,40.));
#14442 = VECTOR('',#14443,1.);
#14443 = DIRECTION('',(1.,0.,-0.));
#14444 = PCURVE('',#14216,#14445);
#14445 = DEFINITIONAL_REPRESENTATION('',(#14446),#14450);
#14446 = LINE('',#14447,#14448);
#14447 = CARTESIAN_POINT('',(0.,140.));
#14448 = VECTOR('',#14449,1.);
#14449 = DIRECTION('',(1.,0.));
#14450 = ( GEOMETRIC_REPRESENTATION_CONTEXT(2) 
PARAMETRIC_REPRESENTATION_CONTEXT() REPRESENTATION_CONTEXT('2D SPACE',''
  ) );
#14451 = PCURVE('',#14190,#14452);
#14452 = DEFINITIONAL_REPRESENTATION('',(#14453),#14457);
#14453 = LINE('',#14454,#14455);
#14454 = CARTESIAN_POINT('',(40.,0.));
#14455 = VECTOR('',#14456,1.);
#14456 = DIRECTION('',(0.,1.));
#14457 = ( GEOMETRIC_REPRESENTATION_CONTEXT(2) 
PARAMETRIC_REPRESENTATION_CONTEXT() REPRESENTATION_CONTEXT('2D SPACE',''
  ) );
#14458 = ADVANCED_FACE('',(#14459,#14507),#14190,.T.);
#14459 = FACE_BOUND('',#14460,.T.);
#14460 = EDGE_LOOP('',(#14461,#14484,#14485,#14486));
#14461 = ORIENTED_EDGE('',*,*,#14462,.F.);
#14462 = EDGE_CURVE('',#14147,#14463,#14465,.T.);
#14463 = VERTEX_POINT('',#14464);
#14464 = CARTESIAN_POINT('',(-180.,190.,0.));
#14465 = SURFACE_CURVE('',#14466,(#14470,#14477),.PCURVE_S1.);
#14466 = LINE('',#14467,#14468);
#14467 = CARTESIAN_POINT('',(-220.,190.,0.));
#14468 = VECTOR('',#14469,1.);
#14469 = DIRECTION('',(1.,0.,-0.));
#14470 = PCURVE('',#14190,#14471);
#14471 = DEFINITIONAL_REPRESENTATION('',(#14472),#14476);
#14472 = LINE('',#14473,#14474);
#14473 = CARTESIAN_POINT('',(0.,0.));
#14474 = VECTOR('',#14475,1.);
#14475 = DIRECTION('',(0.,1.));
#14476 = ( GEOMETRIC_REPRESENTATION_CONTEXT(2) 
PARAMETRIC_REPRESENTATION_CONTEXT() REPRESENTATION_CONTEXT('2D SPACE',''
  ) );
#14477 = PCURVE('',#14162,#14478);
#14478 = DEFINITIONAL_REPRESENTATION('',(#14479),#14483);
#14479 = LINE('',#14480,#14481);
#14480 = CARTESIAN_POINT('',(0.,140.));
#14481 = VECTOR('',#14482,1.);
#14482 = DIRECTION('',(1.,0.));
#14483 = ( GEOMETRIC_REPRESENTATION_CONTEXT(2) 
PARAMETRIC_REPRESENTATION_CONTEXT() REPRESENTATION_CONTEXT('2D SPACE',''
  ) );
#14484 = ORIENTED_EDGE('',*,*,#14174,.T.);
#14485 = ORIENTED_EDGE('',*,*,#14438,.T.);
#14486 = ORIENTED_EDGE('',*,*,#14487,.F.);
#14487 = EDGE_CURVE('',#14463,#14416,#14488,.T.);
#14488 = SURFACE_CURVE('',#14489,(#14493,#14500),.PCURVE_S1.);
#14489 = LINE('',#14490,#14491);
#14490 = CARTESIAN_POINT('',(-180.,190.,0.));
#14491 = VECTOR('',#14492,1.);
#14492 = DIRECTION('',(0.,0.,1.));
#14493 = PCURVE('',#14190,#14494);
#14494 = DEFINITIONAL_REPRESENTATION('',(#14495),#14499);
#14495 = LINE('',#14496,#14497);
#14496 = CARTESIAN_POINT('',(0.,40.));
#14497 = VECTOR('',#14498,1.);
#14498 = DIRECTION('',(1.,0.));
#14499 = ( GEOMETRIC_REPRESENTATION_CONTEXT(2) 
PARAMETRIC_REPRESENTATION_CONTEXT() REPRESENTATION_CONTEXT('2D SPACE',''
  ) );
#14500 = PCURVE('',#14292,#14501);
#14501 = DEFINITIONAL_REPRESENTATION('',(#14502),#14506);
#14502 = LINE('',#14503,#14504);
#14503 = CARTESIAN_POINT('',(0.,-140.));
#14504 = VECTOR('',#14505,1.);
#14505 = DIRECTION('',(1.,0.));
#14506 = ( GEOMETRIC_REPRESENTATION_CONTEXT(2) 
PARAMETRIC_REPRESENTATION_CONTEXT() REPRESENTATION_CONTEXT('2D SPACE',''
  ) );
#14507 = FACE_BOUND('',#14508,.T.);
#14508 = EDGE_LOOP('',(#14509,#14532,#14553,#14574));
#14509 = ORIENTED_EDGE('',*,*,#14510,.F.);
#14510 = EDGE_CURVE('',#14511,#14513,#14515,.T.);
#14511 = VERTEX_POINT('',#14512);
#14512 = CARTESIAN_POINT('',(-217.,190.,37.));
#14513 = VERTEX_POINT('',#14514);
#14514 = CARTESIAN_POINT('',(-183.,190.,37.));
#14515 = SURFACE_CURVE('',#14516,(#14520,#14526),.PCURVE_S1.);
#14516 = LINE('',#14517,#14518);
#14517 = CARTESIAN_POINT('',(-218.5,190.,37.));
#14518 = VECTOR('',#14519,1.);
#14519 = DIRECTION('',(1.,0.,-0.));
#14520 = PCURVE('',#14190,#14521);
#14521 = DEFINITIONAL_REPRESENTATION('',(#14522),#14525);
#14522 = B_SPLINE_CURVE_WITH_KNOTS('',1,(#14523,#14524),.UNSPECIFIED.,
  .F.,.F.,(2,2),(1.5,35.5),.PIECEWISE_BEZIER_KNOTS.);
#14523 = CARTESIAN_POINT('',(37.,3.));
#14524 = CARTESIAN_POINT('',(37.,37.));
#14525 = ( GEOMETRIC_REPRESENTATION_CONTEXT(2) 
PARAMETRIC_REPRESENTATION_CONTEXT() REPRESENTATION_CONTEXT('2D SPACE',''
  ) );
#14526 = PCURVE('',#14323,#14527);
#14527 = DEFINITIONAL_REPRESENTATION('',(#14528),#14531);
#14528 = B_SPLINE_CURVE_WITH_KNOTS('',1,(#14529,#14530),.UNSPECIFIED.,
  .F.,.F.,(2,2),(1.5,35.5),.PIECEWISE_BEZIER_KNOTS.);
#14529 = CARTESIAN_POINT('',(0.,141.));
#14530 = CARTESIAN_POINT('',(34.,141.));
#14531 = ( GEOMETRIC_REPRESENTATION_CONTEXT(2) 
PARAMETRIC_REPRESENTATION_CONTEXT() REPRESENTATION_CONTEXT('2D SPACE',''
  ) );
#14532 = ORIENTED_EDGE('',*,*,#14533,.T.);
#14533 = EDGE_CURVE('',#14511,#14534,#14536,.T.);
#14534 = VERTEX_POINT('',#14535);
#14535 = CARTESIAN_POINT('',(-217.,190.,3.));
#14536 = SURFACE_CURVE('',#14537,(#14541,#14547),.PCURVE_S1.);
#14537 = LINE('',#14538,#14539);
#14538 = CARTESIAN_POINT('',(-217.,190.,1.5));
#14539 = VECTOR('',#14540,1.);
#14540 = DIRECTION('',(-0.,0.,-1.));
#14541 = PCURVE('',#14190,#14542);
#14542 = DEFINITIONAL_REPRESENTATION('',(#14543),#14546);
#14543 = B_SPLINE_CURVE_WITH_KNOTS('',1,(#14544,#14545),.UNSPECIFIED.,
  .F.,.F.,(2,2),(-35.5,-1.5),.PIECEWISE_BEZIER_KNOTS.);
#14544 = CARTESIAN_POINT('',(37.,3.));
#14545 = CARTESIAN_POINT('',(3.,3.));
#14546 = ( GEOMETRIC_REPRESENTATION_CONTEXT(2) 
PARAMETRIC_REPRESENTATION_CONTEXT() REPRESENTATION_CONTEXT('2D SPACE',''
  ) );
#14547 = PCURVE('',#14349,#14548);
#14548 = DEFINITIONAL_REPRESENTATION('',(#14549),#14552);
#14549 = B_SPLINE_CURVE_WITH_KNOTS('',1,(#14550,#14551),.UNSPECIFIED.,
  .F.,.F.,(2,2),(-35.5,-1.5),.PIECEWISE_BEZIER_KNOTS.);
#14550 = CARTESIAN_POINT('',(34.,-141.));
#14551 = CARTESIAN_POINT('',(0.,-141.));
#14552 = ( GEOMETRIC_REPRESENTATION_CONTEXT(2) 
PARAMETRIC_REPRESENTATION_CONTEXT() REPRESENTATION_CONTEXT('2D SPACE',''
  ) );
#14553 = ORIENTED_EDGE('',*,*,#14554,.T.);
#14554 = EDGE_CURVE('',#14534,#14555,#14557,.T.);
#14555 = VERTEX_POINT('',#14556);
#14556 = CARTESIAN_POINT('',(-183.,190.,3.));
#14557 = SURFACE_CURVE('',#14558,(#14562,#14568),.PCURVE_S1.);
#14558 = LINE('',#14559,#14560);
#14559 = CARTESIAN_POINT('',(-218.5,190.,3.));
#14560 = VECTOR('',#14561,1.);
#14561 = DIRECTION('',(1.,0.,-0.));
#14562 = PCURVE('',#14190,#14563);
#14563 = DEFINITIONAL_REPRESENTATION('',(#14564),#14567);
#14564 = B_SPLINE_CURVE_WITH_KNOTS('',1,(#14565,#14566),.UNSPECIFIED.,
  .F.,.F.,(2,2),(1.5,35.5),.PIECEWISE_BEZIER_KNOTS.);
#14565 = CARTESIAN_POINT('',(3.,3.));
#14566 = CARTESIAN_POINT('',(3.,37.));
#14567 = ( GEOMETRIC_REPRESENTATION_CONTEXT(2) 
PARAMETRIC_REPRESENTATION_CONTEXT() REPRESENTATION_CONTEXT('2D SPACE',''
  ) );
#14568 = PCURVE('',#14375,#14569);
#14569 = DEFINITIONAL_REPRESENTATION('',(#14570),#14573);
#14570 = B_SPLINE_CURVE_WITH_KNOTS('',1,(#14571,#14572),.UNSPECIFIED.,
  .F.,.F.,(2,2),(1.5,35.5),.PIECEWISE_BEZIER_KNOTS.);
#14571 = CARTESIAN_POINT('',(0.,141.));
#14572 = CARTESIAN_POINT('',(34.,141.));
#14573 = ( GEOMETRIC_REPRESENTATION_CONTEXT(2) 
PARAMETRIC_REPRESENTATION_CONTEXT() REPRESENTATION_CONTEXT('2D SPACE',''
  ) );
#14574 = ORIENTED_EDGE('',*,*,#14575,.F.);
#14575 = EDGE_CURVE('',#14513,#14555,#14576,.T.);
#14576 = SURFACE_CURVE('',#14577,(#14581,#14587),.PCURVE_S1.);
#14577 = LINE('',#14578,#14579);
#14578 = CARTESIAN_POINT('',(-183.,190.,1.5));
#14579 = VECTOR('',#14580,1.);
#14580 = DIRECTION('',(-0.,0.,-1.));
#14581 = PCURVE('',#14190,#14582);
#14582 = DEFINITIONAL_REPRESENTATION('',(#14583),#14586);
#14583 = B_SPLINE_CURVE_WITH_KNOTS('',1,(#14584,#14585),.UNSPECIFIED.,
  .F.,.F.,(2,2),(-35.5,-1.5),.PIECEWISE_BEZIER_KNOTS.);
#14584 = CARTESIAN_POINT('',(37.,37.));
#14585 = CARTESIAN_POINT('',(3.,37.));
#14586 = ( GEOMETRIC_REPRESENTATION_CONTEXT(2) 
PARAMETRIC_REPRESENTATION_CONTEXT() REPRESENTATION_CONTEXT('2D SPACE',''
  ) );
#14587 = PCURVE('',#14399,#14588);
#14588 = DEFINITIONAL_REPRESENTATION('',(#14589),#14592);
#14589 = B_SPLINE_CURVE_WITH_KNOTS('',1,(#14590,#14591),.UNSPECIFIED.,
  .F.,.F.,(2,2),(-35.5,-1.5),.PIECEWISE_BEZIER_KNOTS.);
#14590 = CARTESIAN_POINT('',(34.,-141.));
#14591 = CARTESIAN_POINT('',(0.,-141.));
#14592 = ( GEOMETRIC_REPRESENTATION_CONTEXT(2) 
PARAMETRIC_REPRESENTATION_CONTEXT() REPRESENTATION_CONTEXT('2D SPACE',''
  ) );
#14593 = ADVANCED_FACE('',(#14594),#14162,.F.);
#14594 = FACE_BOUND('',#14595,.F.);
#14595 = EDGE_LOOP('',(#14596,#14597,#14598,#14619));
#14596 = ORIENTED_EDGE('',*,*,#14146,.F.);
#14597 = ORIENTED_EDGE('',*,*,#14231,.T.);
#14598 = ORIENTED_EDGE('',*,*,#14599,.T.);
#14599 = EDGE_CURVE('',#14232,#14463,#14600,.T.);
#14600 = SURFACE_CURVE('',#14601,(#14605,#14612),.PCURVE_S1.);
#14601 = LINE('',#14602,#14603);
#14602 = CARTESIAN_POINT('',(-180.,50.,0.));
#14603 = VECTOR('',#14604,1.);
#14604 = DIRECTION('',(-0.,1.,0.));
#14605 = PCURVE('',#14162,#14606);
#14606 = DEFINITIONAL_REPRESENTATION('',(#14607),#14611);
#14607 = LINE('',#14608,#14609);
#14608 = CARTESIAN_POINT('',(40.,0.));
#14609 = VECTOR('',#14610,1.);
#14610 = DIRECTION('',(0.,1.));
#14611 = ( GEOMETRIC_REPRESENTATION_CONTEXT(2) 
PARAMETRIC_REPRESENTATION_CONTEXT() REPRESENTATION_CONTEXT('2D SPACE',''
  ) );
#14612 = PCURVE('',#14292,#14613);
#14613 = DEFINITIONAL_REPRESENTATION('',(#14614),#14618);
#14614 = LINE('',#14615,#14616);
#14615 = CARTESIAN_POINT('',(0.,0.));
#14616 = VECTOR('',#14617,1.);
#14617 = DIRECTION('',(0.,-1.));
#14618 = ( GEOMETRIC_REPRESENTATION_CONTEXT(2) 
PARAMETRIC_REPRESENTATION_CONTEXT() REPRESENTATION_CONTEXT('2D SPACE',''
  ) );
#14619 = ORIENTED_EDGE('',*,*,#14462,.F.);
#14620 = ADVANCED_FACE('',(#14621),#14292,.T.);
#14621 = FACE_BOUND('',#14622,.T.);
#14622 = EDGE_LOOP('',(#14623,#14624,#14625,#14626));
#14623 = ORIENTED_EDGE('',*,*,#14278,.F.);
#14624 = ORIENTED_EDGE('',*,*,#14599,.T.);
#14625 = ORIENTED_EDGE('',*,*,#14487,.T.);
#14626 = ORIENTED_EDGE('',*,*,#14415,.F.);
#14627 = ADVANCED_FACE('',(#14628),#14323,.F.);
#14628 = FACE_BOUND('',#14629,.F.);
#14629 = EDGE_LOOP('',(#14630,#14651,#14652,#14673));
#14630 = ORIENTED_EDGE('',*,*,#14631,.F.);
#14631 = EDGE_CURVE('',#14307,#14511,#14632,.T.);
#14632 = SURFACE_CURVE('',#14633,(#14637,#14644),.PCURVE_S1.);
#14633 = LINE('',#14634,#14635);
#14634 = CARTESIAN_POINT('',(-217.,49.,37.));
#14635 = VECTOR('',#14636,1.);
#14636 = DIRECTION('',(-0.,1.,0.));
#14637 = PCURVE('',#14323,#14638);
#14638 = DEFINITIONAL_REPRESENTATION('',(#14639),#14643);
#14639 = LINE('',#14640,#14641);
#14640 = CARTESIAN_POINT('',(0.,0.));
#14641 = VECTOR('',#14642,1.);
#14642 = DIRECTION('',(0.,1.));
#14643 = ( GEOMETRIC_REPRESENTATION_CONTEXT(2) 
PARAMETRIC_REPRESENTATION_CONTEXT() REPRESENTATION_CONTEXT('2D SPACE',''
  ) );
#14644 = PCURVE('',#14349,#14645);
#14645 = DEFINITIONAL_REPRESENTATION('',(#14646),#14650);
#14646 = LINE('',#14647,#14648);
#14647 = CARTESIAN_POINT('',(34.,0.));
#14648 = VECTOR('',#14649,1.);
#14649 = DIRECTION('',(0.,-1.));
#14650 = ( GEOMETRIC_REPRESENTATION_CONTEXT(2) 
PARAMETRIC_REPRESENTATION_CONTEXT() REPRESENTATION_CONTEXT('2D SPACE',''
  ) );
#14651 = ORIENTED_EDGE('',*,*,#14306,.T.);
#14652 = ORIENTED_EDGE('',*,*,#14653,.T.);
#14653 = EDGE_CURVE('',#14309,#14513,#14654,.T.);
#14654 = SURFACE_CURVE('',#14655,(#14659,#14666),.PCURVE_S1.);
#14655 = LINE('',#14656,#14657);
#14656 = CARTESIAN_POINT('',(-183.,49.,37.));
#14657 = VECTOR('',#14658,1.);
#14658 = DIRECTION('',(-0.,1.,0.));
#14659 = PCURVE('',#14323,#14660);
#14660 = DEFINITIONAL_REPRESENTATION('',(#14661),#14665);
#14661 = LINE('',#14662,#14663);
#14662 = CARTESIAN_POINT('',(34.,0.));
#14663 = VECTOR('',#14664,1.);
#14664 = DIRECTION('',(0.,1.));
#14665 = ( GEOMETRIC_REPRESENTATION_CONTEXT(2) 
PARAMETRIC_REPRESENTATION_CONTEXT() REPRESENTATION_CONTEXT('2D SPACE',''
  ) );
#14666 = PCURVE('',#14399,#14667);
#14667 = DEFINITIONAL_REPRESENTATION('',(#14668),#14672);
#14668 = LINE('',#14669,#14670);
#14669 = CARTESIAN_POINT('',(34.,0.));
#14670 = VECTOR('',#14671,1.);
#14671 = DIRECTION('',(0.,-1.));
#14672 = ( GEOMETRIC_REPRESENTATION_CONTEXT(2) 
PARAMETRIC_REPRESENTATION_CONTEXT() REPRESENTATION_CONTEXT('2D SPACE',''
  ) );
#14673 = ORIENTED_EDGE('',*,*,#14510,.F.);
#14674 = ADVANCED_FACE('',(#14675),#14399,.F.);
#14675 = FACE_BOUND('',#14676,.F.);
#14676 = EDGE_LOOP('',(#14677,#14678,#14679,#14700));
#14677 = ORIENTED_EDGE('',*,*,#14653,.F.);
#14678 = ORIENTED_EDGE('',*,*,#14386,.T.);
#14679 = ORIENTED_EDGE('',*,*,#14680,.T.);
#14680 = EDGE_CURVE('',#14361,#14555,#14681,.T.);
#14681 = SURFACE_CURVE('',#14682,(#14686,#14693),.PCURVE_S1.);
#14682 = LINE('',#14683,#14684);
#14683 = CARTESIAN_POINT('',(-183.,49.,3.));
#14684 = VECTOR('',#14685,1.);
#14685 = DIRECTION('',(-0.,1.,0.));
#14686 = PCURVE('',#14399,#14687);
#14687 = DEFINITIONAL_REPRESENTATION('',(#14688),#14692);
#14688 = LINE('',#14689,#14690);
#14689 = CARTESIAN_POINT('',(0.,0.));
#14690 = VECTOR('',#14691,1.);
#14691 = DIRECTION('',(0.,-1.));
#14692 = ( GEOMETRIC_REPRESENTATION_CONTEXT(2) 
PARAMETRIC_REPRESENTATION_CONTEXT() REPRESENTATION_CONTEXT('2D SPACE',''
  ) );
#14693 = PCURVE('',#14375,#14694);
#14694 = DEFINITIONAL_REPRESENTATION('',(#14695),#14699);
#14695 = LINE('',#14696,#14697);
#14696 = CARTESIAN_POINT('',(34.,0.));
#14697 = VECTOR('',#14698,1.);
#14698 = DIRECTION('',(0.,1.));
#14699 = ( GEOMETRIC_REPRESENTATION_CONTEXT(2) 
PARAMETRIC_REPRESENTATION_CONTEXT() REPRESENTATION_CONTEXT('2D SPACE',''
  ) );
#14700 = ORIENTED_EDGE('',*,*,#14575,.F.);
#14701 = ADVANCED_FACE('',(#14702),#14375,.T.);
#14702 = FACE_BOUND('',#14703,.T.);
#14703 = EDGE_LOOP('',(#14704,#14725,#14726,#14727));
#14704 = ORIENTED_EDGE('',*,*,#14705,.F.);
#14705 = EDGE_CURVE('',#14335,#14534,#14706,.T.);
#14706 = SURFACE_CURVE('',#14707,(#14711,#14718),.PCURVE_S1.);
#14707 = LINE('',#14708,#14709);
#14708 = CARTESIAN_POINT('',(-217.,49.,3.));
#14709 = VECTOR('',#14710,1.);
#14710 = DIRECTION('',(-0.,1.,0.));
#14711 = PCURVE('',#14375,#14712);
#14712 = DEFINITIONAL_REPRESENTATION('',(#14713),#14717);
#14713 = LINE('',#14714,#14715);
#14714 = CARTESIAN_POINT('',(0.,0.));
#14715 = VECTOR('',#14716,1.);
#14716 = DIRECTION('',(0.,1.));
#14717 = ( GEOMETRIC_REPRESENTATION_CONTEXT(2) 
PARAMETRIC_REPRESENTATION_CONTEXT() REPRESENTATION_CONTEXT('2D SPACE',''
  ) );
#14718 = PCURVE('',#14349,#14719);
#14719 = DEFINITIONAL_REPRESENTATION('',(#14720),#14724);
#14720 = LINE('',#14721,#14722);
#14721 = CARTESIAN_POINT('',(0.,0.));
#14722 = VECTOR('',#14723,1.);
#14723 = DIRECTION('',(0.,-1.));
#14724 = ( GEOMETRIC_REPRESENTATION_CONTEXT(2) 
PARAMETRIC_REPRESENTATION_CONTEXT() REPRESENTATION_CONTEXT('2D SPACE',''
  ) );
#14725 = ORIENTED_EDGE('',*,*,#14360,.T.);
#14726 = ORIENTED_EDGE('',*,*,#14680,.T.);
#14727 = ORIENTED_EDGE('',*,*,#14554,.F.);
#14728 = ADVANCED_FACE('',(#14729),#14349,.T.);
#14729 = FACE_BOUND('',#14730,.T.);
#14730 = EDGE_LOOP('',(#14731,#14732,#14733,#14734));
#14731 = ORIENTED_EDGE('',*,*,#14631,.F.);
#14732 = ORIENTED_EDGE('',*,*,#14334,.T.);
#14733 = ORIENTED_EDGE('',*,*,#14705,.T.);
#14734 = ORIENTED_EDGE('',*,*,#14533,.F.);
#14735 = MANIFOLD_SOLID_BREP('',#14736);
#14736 = CLOSED_SHELL('',(#14737,#14857,#15039,#15088,#15223,#15250,
    #15257,#15304,#15331,#15358));
#14737 = ADVANCED_FACE('',(#14738),#14752,.F.);
#14738 = FACE_BOUND('',#14739,.F.);
#14739 = EDGE_LOOP('',(#14740,#14775,#14803,#14831));
#14740 = ORIENTED_EDGE('',*,*,#14741,.F.);
#14741 = EDGE_CURVE('',#14742,#14744,#14746,.T.);
#14742 = VERTEX_POINT('',#14743);
#14743 = CARTESIAN_POINT('',(-520.,50.,520.));
#14744 = VERTEX_POINT('',#14745);
#14745 = CARTESIAN_POINT('',(-520.,50.,560.));
#14746 = SURFACE_CURVE('',#14747,(#14751,#14763),.PCURVE_S1.);
#14747 = LINE('',#14748,#14749);
#14748 = CARTESIAN_POINT('',(-520.,50.,520.));
#14749 = VECTOR('',#14750,1.);
#14750 = DIRECTION('',(0.,0.,1.));
#14751 = PCURVE('',#14752,#14757);
#14752 = PLANE('',#14753);
#14753 = AXIS2_PLACEMENT_3D('',#14754,#14755,#14756);
#14754 = CARTESIAN_POINT('',(-520.,50.,520.));
#14755 = DIRECTION('',(1.,0.,-0.));
#14756 = DIRECTION('',(0.,0.,1.));
#14757 = DEFINITIONAL_REPRESENTATION('',(#14758),#14762);
#14758 = LINE('',#14759,#14760);
#14759 = CARTESIAN_POINT('',(0.,0.));
#14760 = VECTOR('',#14761,1.);
#14761 = DIRECTION('',(1.,0.));
#14762 = ( GEOMETRIC_REPRESENTATION_CONTEXT(2) 
PARAMETRIC_REPRESENTATION_CONTEXT() REPRESENTATION_CONTEXT('2D SPACE',''
  ) );
#14763 = PCURVE('',#14764,#14769);
#14764 = PLANE('',#14765);
#14765 = AXIS2_PLACEMENT_3D('',#14766,#14767,#14768);
#14766 = CARTESIAN_POINT('',(-520.,50.,520.));
#14767 = DIRECTION('',(-0.,1.,0.));
#14768 = DIRECTION('',(0.,0.,1.));
#14769 = DEFINITIONAL_REPRESENTATION('',(#14770),#14774);
#14770 = LINE('',#14771,#14772);
#14771 = CARTESIAN_POINT('',(0.,0.));
#14772 = VECTOR('',#14773,1.);
#14773 = DIRECTION('',(1.,0.));
#14774 = ( GEOMETRIC_REPRESENTATION_CONTEXT(2) 
PARAMETRIC_REPRESENTATION_CONTEXT() REPRESENTATION_CONTEXT('2D SPACE',''
  ) );
#14775 = ORIENTED_EDGE('',*,*,#14776,.T.);
#14776 = EDGE_CURVE('',#14742,#14777,#14779,.T.);
#14777 = VERTEX_POINT('',#14778);
#14778 = CARTESIAN_POINT('',(-520.,190.,520.));
#14779 = SURFACE_CURVE('',#14780,(#14784,#14791),.PCURVE_S1.);
#14780 = LINE('',#14781,#14782);
#14781 = CARTESIAN_POINT('',(-520.,50.,520.));
#14782 = VECTOR('',#14783,1.);
#14783 = DIRECTION('',(-0.,1.,0.));
#14784 = PCURVE('',#14752,#14785);
#14785 = DEFINITIONAL_REPRESENTATION('',(#14786),#14790);
#14786 = LINE('',#14787,#14788);
#14787 = CARTESIAN_POINT('',(0.,0.));
#14788 = VECTOR('',#14789,1.);
#14789 = DIRECTION('',(0.,-1.));
#14790 = ( GEOMETRIC_REPRESENTATION_CONTEXT(2) 
PARAMETRIC_REPRESENTATION_CONTEXT() REPRESENTATION_CONTEXT('2D SPACE',''
  ) );
#14791 = PCURVE('',#14792,#14797);
#14792 = PLANE('',#14793);
#14793 = AXIS2_PLACEMENT_3D('',#14794,#14795,#14796);
#14794 = CARTESIAN_POINT('',(-520.,50.,520.));
#14795 = DIRECTION('',(0.,0.,1.));
#14796 = DIRECTION('',(1.,0.,-0.));
#14797 = DEFINITIONAL_REPRESENTATION('',(#14798),#14802);
#14798 = LINE('',#14799,#14800);
#14799 = CARTESIAN_POINT('',(0.,0.));
#14800 = VECTOR('',#14801,1.);
#14801 = DIRECTION('',(0.,1.));
#14802 = ( GEOMETRIC_REPRESENTATION_CONTEXT(2) 
PARAMETRIC_REPRESENTATION_CONTEXT() REPRESENTATION_CONTEXT('2D SPACE',''
  ) );
#14803 = ORIENTED_EDGE('',*,*,#14804,.T.);
#14804 = EDGE_CURVE('',#14777,#14805,#14807,.T.);
#14805 = VERTEX_POINT('',#14806);
#14806 = CARTESIAN_POINT('',(-520.,190.,560.));
#14807 = SURFACE_CURVE('',#14808,(#14812,#14819),.PCURVE_S1.);
#14808 = LINE('',#14809,#14810);
#14809 = CARTESIAN_POINT('',(-520.,190.,520.));
#14810 = VECTOR('',#14811,1.);
#14811 = DIRECTION('',(0.,0.,1.));
#14812 = PCURVE('',#14752,#14813);
#14813 = DEFINITIONAL_REPRESENTATION('',(#14814),#14818);
#14814 = LINE('',#14815,#14816);
#14815 = CARTESIAN_POINT('',(0.,-140.));
#14816 = VECTOR('',#14817,1.);
#14817 = DIRECTION('',(1.,0.));
#14818 = ( GEOMETRIC_REPRESENTATION_CONTEXT(2) 
PARAMETRIC_REPRESENTATION_CONTEXT() REPRESENTATION_CONTEXT('2D SPACE',''
  ) );
#14819 = PCURVE('',#14820,#14825);
#14820 = PLANE('',#14821);
#14821 = AXIS2_PLACEMENT_3D('',#14822,#14823,#14824);
#14822 = CARTESIAN_POINT('',(-520.,190.,520.));
#14823 = DIRECTION('',(-0.,1.,0.));
#14824 = DIRECTION('',(0.,0.,1.));
#14825 = DEFINITIONAL_REPRESENTATION('',(#14826),#14830);
#14826 = LINE('',#14827,#14828);
#14827 = CARTESIAN_POINT('',(0.,0.));
#14828 = VECTOR('',#14829,1.);
#14829 = DIRECTION('',(1.,0.));
#14830 = ( GEOMETRIC_REPRESENTATION_CONTEXT(2) 
PARAMETRIC_REPRESENTATION_CONTEXT() REPRESENTATION_CONTEXT('2D SPACE',''
  ) );
#14831 = ORIENTED_EDGE('',*,*,#14832,.F.);
#14832 = EDGE_CURVE('',#14744,#14805,#14833,.T.);
#14833 = SURFACE_CURVE('',#14834,(#14838,#14845),.PCURVE_S1.);
#14834 = LINE('',#14835,#14836);
#14835 = CARTESIAN_POINT('',(-520.,50.,560.));
#14836 = VECTOR('',#14837,1.);
#14837 = DIRECTION('',(-0.,1.,0.));
#14838 = PCURVE('',#14752,#14839);
#14839 = DEFINITIONAL_REPRESENTATION('',(#14840),#14844);
#14840 = LINE('',#14841,#14842);
#14841 = CARTESIAN_POINT('',(40.,0.));
#14842 = VECTOR('',#14843,1.);
#14843 = DIRECTION('',(0.,-1.));
#14844 = ( GEOMETRIC_REPRESENTATION_CONTEXT(2) 
PARAMETRIC_REPRESENTATION_CONTEXT() REPRESENTATION_CONTEXT('2D SPACE',''
  ) );
#14845 = PCURVE('',#14846,#14851);
#14846 = PLANE('',#14847);
#14847 = AXIS2_PLACEMENT_3D('',#14848,#14849,#14850);
#14848 = CARTESIAN_POINT('',(-520.,50.,560.));
#14849 = DIRECTION('',(0.,0.,1.));
#14850 = DIRECTION('',(1.,0.,-0.));
#14851 = DEFINITIONAL_REPRESENTATION('',(#14852),#14856);
#14852 = LINE('',#14853,#14854);
#14853 = CARTESIAN_POINT('',(0.,0.));
#14854 = VECTOR('',#14855,1.);
#14855 = DIRECTION('',(0.,1.));
#14856 = ( GEOMETRIC_REPRESENTATION_CONTEXT(2) 
PARAMETRIC_REPRESENTATION_CONTEXT() REPRESENTATION_CONTEXT('2D SPACE',''
  ) );
#14857 = ADVANCED_FACE('',(#14858,#14933),#14764,.F.);
#14858 = FACE_BOUND('',#14859,.F.);
#14859 = EDGE_LOOP('',(#14860,#14883,#14884,#14907));
#14860 = ORIENTED_EDGE('',*,*,#14861,.F.);
#14861 = EDGE_CURVE('',#14742,#14862,#14864,.T.);
#14862 = VERTEX_POINT('',#14863);
#14863 = CARTESIAN_POINT('',(-480.,50.,520.));
#14864 = SURFACE_CURVE('',#14865,(#14869,#14876),.PCURVE_S1.);
#14865 = LINE('',#14866,#14867);
#14866 = CARTESIAN_POINT('',(-520.,50.,520.));
#14867 = VECTOR('',#14868,1.);
#14868 = DIRECTION('',(1.,0.,-0.));
#14869 = PCURVE('',#14764,#14870);
#14870 = DEFINITIONAL_REPRESENTATION('',(#14871),#14875);
#14871 = LINE('',#14872,#14873);
#14872 = CARTESIAN_POINT('',(0.,0.));
#14873 = VECTOR('',#14874,1.);
#14874 = DIRECTION('',(0.,1.));
#14875 = ( GEOMETRIC_REPRESENTATION_CONTEXT(2) 
PARAMETRIC_REPRESENTATION_CONTEXT() REPRESENTATION_CONTEXT('2D SPACE',''
  ) );
#14876 = PCURVE('',#14792,#14877);
#14877 = DEFINITIONAL_REPRESENTATION('',(#14878),#14882);
#14878 = LINE('',#14879,#14880);
#14879 = CARTESIAN_POINT('',(0.,0.));
#14880 = VECTOR('',#14881,1.);
#14881 = DIRECTION('',(1.,0.));
#14882 = ( GEOMETRIC_REPRESENTATION_CONTEXT(2) 
PARAMETRIC_REPRESENTATION_CONTEXT() REPRESENTATION_CONTEXT('2D SPACE',''
  ) );
#14883 = ORIENTED_EDGE('',*,*,#14741,.T.);
#14884 = ORIENTED_EDGE('',*,*,#14885,.T.);
#14885 = EDGE_CURVE('',#14744,#14886,#14888,.T.);
#14886 = VERTEX_POINT('',#14887);
#14887 = CARTESIAN_POINT('',(-480.,50.,560.));
#14888 = SURFACE_CURVE('',#14889,(#14893,#14900),.PCURVE_S1.);
#14889 = LINE('',#14890,#14891);
#14890 = CARTESIAN_POINT('',(-520.,50.,560.));
#14891 = VECTOR('',#14892,1.);
#14892 = DIRECTION('',(1.,0.,-0.));
#14893 = PCURVE('',#14764,#14894);
#14894 = DEFINITIONAL_REPRESENTATION('',(#14895),#14899);
#14895 = LINE('',#14896,#14897);
#14896 = CARTESIAN_POINT('',(40.,0.));
#14897 = VECTOR('',#14898,1.);
#14898 = DIRECTION('',(0.,1.));
#14899 = ( GEOMETRIC_REPRESENTATION_CONTEXT(2) 
PARAMETRIC_REPRESENTATION_CONTEXT() REPRESENTATION_CONTEXT('2D SPACE',''
  ) );
#14900 = PCURVE('',#14846,#14901);
#14901 = DEFINITIONAL_REPRESENTATION('',(#14902),#14906);
#14902 = LINE('',#14903,#14904);
#14903 = CARTESIAN_POINT('',(0.,0.));
#14904 = VECTOR('',#14905,1.);
#14905 = DIRECTION('',(1.,0.));
#14906 = ( GEOMETRIC_REPRESENTATION_CONTEXT(2) 
PARAMETRIC_REPRESENTATION_CONTEXT() REPRESENTATION_CONTEXT('2D SPACE',''
  ) );
#14907 = ORIENTED_EDGE('',*,*,#14908,.F.);
#14908 = EDGE_CURVE('',#14862,#14886,#14909,.T.);
#14909 = SURFACE_CURVE('',#14910,(#14914,#14921),.PCURVE_S1.);
#14910 = LINE('',#14911,#14912);
#14911 = CARTESIAN_POINT('',(-480.,50.,520.));
#14912 = VECTOR('',#14913,1.);
#14913 = DIRECTION('',(0.,0.,1.));
#14914 = PCURVE('',#14764,#14915);
#14915 = DEFINITIONAL_REPRESENTATION('',(#14916),#14920);
#14916 = LINE('',#14917,#14918);
#14917 = CARTESIAN_POINT('',(0.,40.));
#14918 = VECTOR('',#14919,1.);
#14919 = DIRECTION('',(1.,0.));
#14920 = ( GEOMETRIC_REPRESENTATION_CONTEXT(2) 
PARAMETRIC_REPRESENTATION_CONTEXT() REPRESENTATION_CONTEXT('2D SPACE',''
  ) );
#14921 = PCURVE('',#14922,#14927);
#14922 = PLANE('',#14923);
#14923 = AXIS2_PLACEMENT_3D('',#14924,#14925,#14926);
#14924 = CARTESIAN_POINT('',(-480.,50.,520.));
#14925 = DIRECTION('',(1.,0.,-0.));
#14926 = DIRECTION('',(0.,0.,1.));
#14927 = DEFINITIONAL_REPRESENTATION('',(#14928),#14932);
#14928 = LINE('',#14929,#14930);
#14929 = CARTESIAN_POINT('',(0.,0.));
#14930 = VECTOR('',#14931,1.);
#14931 = DIRECTION('',(1.,0.));
#14932 = ( GEOMETRIC_REPRESENTATION_CONTEXT(2) 
PARAMETRIC_REPRESENTATION_CONTEXT() REPRESENTATION_CONTEXT('2D SPACE',''
  ) );
#14933 = FACE_BOUND('',#14934,.F.);
#14934 = EDGE_LOOP('',(#14935,#14963,#14989,#15015));
#14935 = ORIENTED_EDGE('',*,*,#14936,.F.);
#14936 = EDGE_CURVE('',#14937,#14939,#14941,.T.);
#14937 = VERTEX_POINT('',#14938);
#14938 = CARTESIAN_POINT('',(-517.,50.,557.));
#14939 = VERTEX_POINT('',#14940);
#14940 = CARTESIAN_POINT('',(-483.,50.,557.));
#14941 = SURFACE_CURVE('',#14942,(#14946,#14952),.PCURVE_S1.);
#14942 = LINE('',#14943,#14944);
#14943 = CARTESIAN_POINT('',(-518.5,50.,557.));
#14944 = VECTOR('',#14945,1.);
#14945 = DIRECTION('',(1.,0.,-0.));
#14946 = PCURVE('',#14764,#14947);
#14947 = DEFINITIONAL_REPRESENTATION('',(#14948),#14951);
#14948 = B_SPLINE_CURVE_WITH_KNOTS('',1,(#14949,#14950),.UNSPECIFIED.,
  .F.,.F.,(2,2),(1.5,35.5),.PIECEWISE_BEZIER_KNOTS.);
#14949 = CARTESIAN_POINT('',(37.,3.));
#14950 = CARTESIAN_POINT('',(37.,37.));
#14951 = ( GEOMETRIC_REPRESENTATION_CONTEXT(2) 
PARAMETRIC_REPRESENTATION_CONTEXT() REPRESENTATION_CONTEXT('2D SPACE',''
  ) );
#14952 = PCURVE('',#14953,#14958);
#14953 = PLANE('',#14954);
#14954 = AXIS2_PLACEMENT_3D('',#14955,#14956,#14957);
#14955 = CARTESIAN_POINT('',(-517.,49.,557.));
#14956 = DIRECTION('',(0.,0.,1.));
#14957 = DIRECTION('',(1.,0.,-0.));
#14958 = DEFINITIONAL_REPRESENTATION('',(#14959),#14962);
#14959 = B_SPLINE_CURVE_WITH_KNOTS('',1,(#14960,#14961),.UNSPECIFIED.,
  .F.,.F.,(2,2),(1.5,35.5),.PIECEWISE_BEZIER_KNOTS.);
#14960 = CARTESIAN_POINT('',(0.,1.));
#14961 = CARTESIAN_POINT('',(34.,1.));
#14962 = ( GEOMETRIC_REPRESENTATION_CONTEXT(2) 
PARAMETRIC_REPRESENTATION_CONTEXT() REPRESENTATION_CONTEXT('2D SPACE',''
  ) );
#14963 = ORIENTED_EDGE('',*,*,#14964,.T.);
#14964 = EDGE_CURVE('',#14937,#14965,#14967,.T.);
#14965 = VERTEX_POINT('',#14966);
#14966 = CARTESIAN_POINT('',(-517.,50.,523.));
#14967 = SURFACE_CURVE('',#14968,(#14972,#14978),.PCURVE_S1.);
#14968 = LINE('',#14969,#14970);
#14969 = CARTESIAN_POINT('',(-517.,50.,521.5));
#14970 = VECTOR('',#14971,1.);
#14971 = DIRECTION('',(-0.,0.,-1.));
#14972 = PCURVE('',#14764,#14973);
#14973 = DEFINITIONAL_REPRESENTATION('',(#14974),#14977);
#14974 = B_SPLINE_CURVE_WITH_KNOTS('',1,(#14975,#14976),.UNSPECIFIED.,
  .F.,.F.,(2,2),(-35.5,-1.5),.PIECEWISE_BEZIER_KNOTS.);
#14975 = CARTESIAN_POINT('',(37.,3.));
#14976 = CARTESIAN_POINT('',(3.,3.));
#14977 = ( GEOMETRIC_REPRESENTATION_CONTEXT(2) 
PARAMETRIC_REPRESENTATION_CONTEXT() REPRESENTATION_CONTEXT('2D SPACE',''
  ) );
#14978 = PCURVE('',#14979,#14984);
#14979 = PLANE('',#14980);
#14980 = AXIS2_PLACEMENT_3D('',#14981,#14982,#14983);
#14981 = CARTESIAN_POINT('',(-517.,49.,523.));
#14982 = DIRECTION('',(1.,0.,-0.));
#14983 = DIRECTION('',(0.,0.,1.));
#14984 = DEFINITIONAL_REPRESENTATION('',(#14985),#14988);
#14985 = B_SPLINE_CURVE_WITH_KNOTS('',1,(#14986,#14987),.UNSPECIFIED.,
  .F.,.F.,(2,2),(-35.5,-1.5),.PIECEWISE_BEZIER_KNOTS.);
#14986 = CARTESIAN_POINT('',(34.,-1.));
#14987 = CARTESIAN_POINT('',(0.,-1.));
#14988 = ( GEOMETRIC_REPRESENTATION_CONTEXT(2) 
PARAMETRIC_REPRESENTATION_CONTEXT() REPRESENTATION_CONTEXT('2D SPACE',''
  ) );
#14989 = ORIENTED_EDGE('',*,*,#14990,.T.);
#14990 = EDGE_CURVE('',#14965,#14991,#14993,.T.);
#14991 = VERTEX_POINT('',#14992);
#14992 = CARTESIAN_POINT('',(-483.,50.,523.));
#14993 = SURFACE_CURVE('',#14994,(#14998,#15004),.PCURVE_S1.);
#14994 = LINE('',#14995,#14996);
#14995 = CARTESIAN_POINT('',(-518.5,50.,523.));
#14996 = VECTOR('',#14997,1.);
#14997 = DIRECTION('',(1.,0.,-0.));
#14998 = PCURVE('',#14764,#14999);
#14999 = DEFINITIONAL_REPRESENTATION('',(#15000),#15003);
#15000 = B_SPLINE_CURVE_WITH_KNOTS('',1,(#15001,#15002),.UNSPECIFIED.,
  .F.,.F.,(2,2),(1.5,35.5),.PIECEWISE_BEZIER_KNOTS.);
#15001 = CARTESIAN_POINT('',(3.,3.));
#15002 = CARTESIAN_POINT('',(3.,37.));
#15003 = ( GEOMETRIC_REPRESENTATION_CONTEXT(2) 
PARAMETRIC_REPRESENTATION_CONTEXT() REPRESENTATION_CONTEXT('2D SPACE',''
  ) );
#15004 = PCURVE('',#15005,#15010);
#15005 = PLANE('',#15006);
#15006 = AXIS2_PLACEMENT_3D('',#15007,#15008,#15009);
#15007 = CARTESIAN_POINT('',(-517.,49.,523.));
#15008 = DIRECTION('',(0.,0.,1.));
#15009 = DIRECTION('',(1.,0.,-0.));
#15010 = DEFINITIONAL_REPRESENTATION('',(#15011),#15014);
#15011 = B_SPLINE_CURVE_WITH_KNOTS('',1,(#15012,#15013),.UNSPECIFIED.,
  .F.,.F.,(2,2),(1.5,35.5),.PIECEWISE_BEZIER_KNOTS.);
#15012 = CARTESIAN_POINT('',(0.,1.));
#15013 = CARTESIAN_POINT('',(34.,1.));
#15014 = ( GEOMETRIC_REPRESENTATION_CONTEXT(2) 
PARAMETRIC_REPRESENTATION_CONTEXT() REPRESENTATION_CONTEXT('2D SPACE',''
  ) );
#15015 = ORIENTED_EDGE('',*,*,#15016,.F.);
#15016 = EDGE_CURVE('',#14939,#14991,#15017,.T.);
#15017 = SURFACE_CURVE('',#15018,(#15022,#15028),.PCURVE_S1.);
#15018 = LINE('',#15019,#15020);
#15019 = CARTESIAN_POINT('',(-483.,50.,521.5));
#15020 = VECTOR('',#15021,1.);
#15021 = DIRECTION('',(-0.,0.,-1.));
#15022 = PCURVE('',#14764,#15023);
#15023 = DEFINITIONAL_REPRESENTATION('',(#15024),#15027);
#15024 = B_SPLINE_CURVE_WITH_KNOTS('',1,(#15025,#15026),.UNSPECIFIED.,
  .F.,.F.,(2,2),(-35.5,-1.5),.PIECEWISE_BEZIER_KNOTS.);
#15025 = CARTESIAN_POINT('',(37.,37.));
#15026 = CARTESIAN_POINT('',(3.,37.));
#15027 = ( GEOMETRIC_REPRESENTATION_CONTEXT(2) 
PARAMETRIC_REPRESENTATION_CONTEXT() REPRESENTATION_CONTEXT('2D SPACE',''
  ) );
#15028 = PCURVE('',#15029,#15034);
#15029 = PLANE('',#15030);
#15030 = AXIS2_PLACEMENT_3D('',#15031,#15032,#15033);
#15031 = CARTESIAN_POINT('',(-483.,49.,523.));
#15032 = DIRECTION('',(1.,0.,-0.));
#15033 = DIRECTION('',(0.,0.,1.));
#15034 = DEFINITIONAL_REPRESENTATION('',(#15035),#15038);
#15035 = B_SPLINE_CURVE_WITH_KNOTS('',1,(#15036,#15037),.UNSPECIFIED.,
  .F.,.F.,(2,2),(-35.5,-1.5),.PIECEWISE_BEZIER_KNOTS.);
#15036 = CARTESIAN_POINT('',(34.,-1.));
#15037 = CARTESIAN_POINT('',(0.,-1.));
#15038 = ( GEOMETRIC_REPRESENTATION_CONTEXT(2) 
PARAMETRIC_REPRESENTATION_CONTEXT() REPRESENTATION_CONTEXT('2D SPACE',''
  ) );
#15039 = ADVANCED_FACE('',(#15040),#14846,.T.);
#15040 = FACE_BOUND('',#15041,.T.);
#15041 = EDGE_LOOP('',(#15042,#15043,#15044,#15067));
#15042 = ORIENTED_EDGE('',*,*,#14832,.F.);
#15043 = ORIENTED_EDGE('',*,*,#14885,.T.);
#15044 = ORIENTED_EDGE('',*,*,#15045,.T.);
#15045 = EDGE_CURVE('',#14886,#15046,#15048,.T.);
#15046 = VERTEX_POINT('',#15047);
#15047 = CARTESIAN_POINT('',(-480.,190.,560.));
#15048 = SURFACE_CURVE('',#15049,(#15053,#15060),.PCURVE_S1.);
#15049 = LINE('',#15050,#15051);
#15050 = CARTESIAN_POINT('',(-480.,50.,560.));
#15051 = VECTOR('',#15052,1.);
#15052 = DIRECTION('',(-0.,1.,0.));
#15053 = PCURVE('',#14846,#15054);
#15054 = DEFINITIONAL_REPRESENTATION('',(#15055),#15059);
#15055 = LINE('',#15056,#15057);
#15056 = CARTESIAN_POINT('',(40.,0.));
#15057 = VECTOR('',#15058,1.);
#15058 = DIRECTION('',(0.,1.));
#15059 = ( GEOMETRIC_REPRESENTATION_CONTEXT(2) 
PARAMETRIC_REPRESENTATION_CONTEXT() REPRESENTATION_CONTEXT('2D SPACE',''
  ) );
#15060 = PCURVE('',#14922,#15061);
#15061 = DEFINITIONAL_REPRESENTATION('',(#15062),#15066);
#15062 = LINE('',#15063,#15064);
#15063 = CARTESIAN_POINT('',(40.,0.));
#15064 = VECTOR('',#15065,1.);
#15065 = DIRECTION('',(0.,-1.));
#15066 = ( GEOMETRIC_REPRESENTATION_CONTEXT(2) 
PARAMETRIC_REPRESENTATION_CONTEXT() REPRESENTATION_CONTEXT('2D SPACE',''
  ) );
#15067 = ORIENTED_EDGE('',*,*,#15068,.F.);
#15068 = EDGE_CURVE('',#14805,#15046,#15069,.T.);
#15069 = SURFACE_CURVE('',#15070,(#15074,#15081),.PCURVE_S1.);
#15070 = LINE('',#15071,#15072);
#15071 = CARTESIAN_POINT('',(-520.,190.,560.));
#15072 = VECTOR('',#15073,1.);
#15073 = DIRECTION('',(1.,0.,-0.));
#15074 = PCURVE('',#14846,#15075);
#15075 = DEFINITIONAL_REPRESENTATION('',(#15076),#15080);
#15076 = LINE('',#15077,#15078);
#15077 = CARTESIAN_POINT('',(0.,140.));
#15078 = VECTOR('',#15079,1.);
#15079 = DIRECTION('',(1.,0.));
#15080 = ( GEOMETRIC_REPRESENTATION_CONTEXT(2) 
PARAMETRIC_REPRESENTATION_CONTEXT() REPRESENTATION_CONTEXT('2D SPACE',''
  ) );
#15081 = PCURVE('',#14820,#15082);
#15082 = DEFINITIONAL_REPRESENTATION('',(#15083),#15087);
#15083 = LINE('',#15084,#15085);
#15084 = CARTESIAN_POINT('',(40.,0.));
#15085 = VECTOR('',#15086,1.);
#15086 = DIRECTION('',(0.,1.));
#15087 = ( GEOMETRIC_REPRESENTATION_CONTEXT(2) 
PARAMETRIC_REPRESENTATION_CONTEXT() REPRESENTATION_CONTEXT('2D SPACE',''
  ) );
#15088 = ADVANCED_FACE('',(#15089,#15137),#14820,.T.);
#15089 = FACE_BOUND('',#15090,.T.);
#15090 = EDGE_LOOP('',(#15091,#15114,#15115,#15116));
#15091 = ORIENTED_EDGE('',*,*,#15092,.F.);
#15092 = EDGE_CURVE('',#14777,#15093,#15095,.T.);
#15093 = VERTEX_POINT('',#15094);
#15094 = CARTESIAN_POINT('',(-480.,190.,520.));
#15095 = SURFACE_CURVE('',#15096,(#15100,#15107),.PCURVE_S1.);
#15096 = LINE('',#15097,#15098);
#15097 = CARTESIAN_POINT('',(-520.,190.,520.));
#15098 = VECTOR('',#15099,1.);
#15099 = DIRECTION('',(1.,0.,-0.));
#15100 = PCURVE('',#14820,#15101);
#15101 = DEFINITIONAL_REPRESENTATION('',(#15102),#15106);
#15102 = LINE('',#15103,#15104);
#15103 = CARTESIAN_POINT('',(0.,0.));
#15104 = VECTOR('',#15105,1.);
#15105 = DIRECTION('',(0.,1.));
#15106 = ( GEOMETRIC_REPRESENTATION_CONTEXT(2) 
PARAMETRIC_REPRESENTATION_CONTEXT() REPRESENTATION_CONTEXT('2D SPACE',''
  ) );
#15107 = PCURVE('',#14792,#15108);
#15108 = DEFINITIONAL_REPRESENTATION('',(#15109),#15113);
#15109 = LINE('',#15110,#15111);
#15110 = CARTESIAN_POINT('',(0.,140.));
#15111 = VECTOR('',#15112,1.);
#15112 = DIRECTION('',(1.,0.));
#15113 = ( GEOMETRIC_REPRESENTATION_CONTEXT(2) 
PARAMETRIC_REPRESENTATION_CONTEXT() REPRESENTATION_CONTEXT('2D SPACE',''
  ) );
#15114 = ORIENTED_EDGE('',*,*,#14804,.T.);
#15115 = ORIENTED_EDGE('',*,*,#15068,.T.);
#15116 = ORIENTED_EDGE('',*,*,#15117,.F.);
#15117 = EDGE_CURVE('',#15093,#15046,#15118,.T.);
#15118 = SURFACE_CURVE('',#15119,(#15123,#15130),.PCURVE_S1.);
#15119 = LINE('',#15120,#15121);
#15120 = CARTESIAN_POINT('',(-480.,190.,520.));
#15121 = VECTOR('',#15122,1.);
#15122 = DIRECTION('',(0.,0.,1.));
#15123 = PCURVE('',#14820,#15124);
#15124 = DEFINITIONAL_REPRESENTATION('',(#15125),#15129);
#15125 = LINE('',#15126,#15127);
#15126 = CARTESIAN_POINT('',(0.,40.));
#15127 = VECTOR('',#15128,1.);
#15128 = DIRECTION('',(1.,0.));
#15129 = ( GEOMETRIC_REPRESENTATION_CONTEXT(2) 
PARAMETRIC_REPRESENTATION_CONTEXT() REPRESENTATION_CONTEXT('2D SPACE',''
  ) );
#15130 = PCURVE('',#14922,#15131);
#15131 = DEFINITIONAL_REPRESENTATION('',(#15132),#15136);
#15132 = LINE('',#15133,#15134);
#15133 = CARTESIAN_POINT('',(0.,-140.));
#15134 = VECTOR('',#15135,1.);
#15135 = DIRECTION('',(1.,0.));
#15136 = ( GEOMETRIC_REPRESENTATION_CONTEXT(2) 
PARAMETRIC_REPRESENTATION_CONTEXT() REPRESENTATION_CONTEXT('2D SPACE',''
  ) );
#15137 = FACE_BOUND('',#15138,.T.);
#15138 = EDGE_LOOP('',(#15139,#15162,#15183,#15204));
#15139 = ORIENTED_EDGE('',*,*,#15140,.F.);
#15140 = EDGE_CURVE('',#15141,#15143,#15145,.T.);
#15141 = VERTEX_POINT('',#15142);
#15142 = CARTESIAN_POINT('',(-517.,190.,557.));
#15143 = VERTEX_POINT('',#15144);
#15144 = CARTESIAN_POINT('',(-483.,190.,557.));
#15145 = SURFACE_CURVE('',#15146,(#15150,#15156),.PCURVE_S1.);
#15146 = LINE('',#15147,#15148);
#15147 = CARTESIAN_POINT('',(-518.5,190.,557.));
#15148 = VECTOR('',#15149,1.);
#15149 = DIRECTION('',(1.,0.,-0.));
#15150 = PCURVE('',#14820,#15151);
#15151 = DEFINITIONAL_REPRESENTATION('',(#15152),#15155);
#15152 = B_SPLINE_CURVE_WITH_KNOTS('',1,(#15153,#15154),.UNSPECIFIED.,
  .F.,.F.,(2,2),(1.5,35.5),.PIECEWISE_BEZIER_KNOTS.);
#15153 = CARTESIAN_POINT('',(37.,3.));
#15154 = CARTESIAN_POINT('',(37.,37.));
#15155 = ( GEOMETRIC_REPRESENTATION_CONTEXT(2) 
PARAMETRIC_REPRESENTATION_CONTEXT() REPRESENTATION_CONTEXT('2D SPACE',''
  ) );
#15156 = PCURVE('',#14953,#15157);
#15157 = DEFINITIONAL_REPRESENTATION('',(#15158),#15161);
#15158 = B_SPLINE_CURVE_WITH_KNOTS('',1,(#15159,#15160),.UNSPECIFIED.,
  .F.,.F.,(2,2),(1.5,35.5),.PIECEWISE_BEZIER_KNOTS.);
#15159 = CARTESIAN_POINT('',(0.,141.));
#15160 = CARTESIAN_POINT('',(34.,141.));
#15161 = ( GEOMETRIC_REPRESENTATION_CONTEXT(2) 
PARAMETRIC_REPRESENTATION_CONTEXT() REPRESENTATION_CONTEXT('2D SPACE',''
  ) );
#15162 = ORIENTED_EDGE('',*,*,#15163,.T.);
#15163 = EDGE_CURVE('',#15141,#15164,#15166,.T.);
#15164 = VERTEX_POINT('',#15165);
#15165 = CARTESIAN_POINT('',(-517.,190.,523.));
#15166 = SURFACE_CURVE('',#15167,(#15171,#15177),.PCURVE_S1.);
#15167 = LINE('',#15168,#15169);
#15168 = CARTESIAN_POINT('',(-517.,190.,521.5));
#15169 = VECTOR('',#15170,1.);
#15170 = DIRECTION('',(-0.,0.,-1.));
#15171 = PCURVE('',#14820,#15172);
#15172 = DEFINITIONAL_REPRESENTATION('',(#15173),#15176);
#15173 = B_SPLINE_CURVE_WITH_KNOTS('',1,(#15174,#15175),.UNSPECIFIED.,
  .F.,.F.,(2,2),(-35.5,-1.5),.PIECEWISE_BEZIER_KNOTS.);
#15174 = CARTESIAN_POINT('',(37.,3.));
#15175 = CARTESIAN_POINT('',(3.,3.));
#15176 = ( GEOMETRIC_REPRESENTATION_CONTEXT(2) 
PARAMETRIC_REPRESENTATION_CONTEXT() REPRESENTATION_CONTEXT('2D SPACE',''
  ) );
#15177 = PCURVE('',#14979,#15178);
#15178 = DEFINITIONAL_REPRESENTATION('',(#15179),#15182);
#15179 = B_SPLINE_CURVE_WITH_KNOTS('',1,(#15180,#15181),.UNSPECIFIED.,
  .F.,.F.,(2,2),(-35.5,-1.5),.PIECEWISE_BEZIER_KNOTS.);
#15180 = CARTESIAN_POINT('',(34.,-141.));
#15181 = CARTESIAN_POINT('',(0.,-141.));
#15182 = ( GEOMETRIC_REPRESENTATION_CONTEXT(2) 
PARAMETRIC_REPRESENTATION_CONTEXT() REPRESENTATION_CONTEXT('2D SPACE',''
  ) );
#15183 = ORIENTED_EDGE('',*,*,#15184,.T.);
#15184 = EDGE_CURVE('',#15164,#15185,#15187,.T.);
#15185 = VERTEX_POINT('',#15186);
#15186 = CARTESIAN_POINT('',(-483.,190.,523.));
#15187 = SURFACE_CURVE('',#15188,(#15192,#15198),.PCURVE_S1.);
#15188 = LINE('',#15189,#15190);
#15189 = CARTESIAN_POINT('',(-518.5,190.,523.));
#15190 = VECTOR('',#15191,1.);
#15191 = DIRECTION('',(1.,0.,-0.));
#15192 = PCURVE('',#14820,#15193);
#15193 = DEFINITIONAL_REPRESENTATION('',(#15194),#15197);
#15194 = B_SPLINE_CURVE_WITH_KNOTS('',1,(#15195,#15196),.UNSPECIFIED.,
  .F.,.F.,(2,2),(1.5,35.5),.PIECEWISE_BEZIER_KNOTS.);
#15195 = CARTESIAN_POINT('',(3.,3.));
#15196 = CARTESIAN_POINT('',(3.,37.));
#15197 = ( GEOMETRIC_REPRESENTATION_CONTEXT(2) 
PARAMETRIC_REPRESENTATION_CONTEXT() REPRESENTATION_CONTEXT('2D SPACE',''
  ) );
#15198 = PCURVE('',#15005,#15199);
#15199 = DEFINITIONAL_REPRESENTATION('',(#15200),#15203);
#15200 = B_SPLINE_CURVE_WITH_KNOTS('',1,(#15201,#15202),.UNSPECIFIED.,
  .F.,.F.,(2,2),(1.5,35.5),.PIECEWISE_BEZIER_KNOTS.);
#15201 = CARTESIAN_POINT('',(0.,141.));
#15202 = CARTESIAN_POINT('',(34.,141.));
#15203 = ( GEOMETRIC_REPRESENTATION_CONTEXT(2) 
PARAMETRIC_REPRESENTATION_CONTEXT() REPRESENTATION_CONTEXT('2D SPACE',''
  ) );
#15204 = ORIENTED_EDGE('',*,*,#15205,.F.);
#15205 = EDGE_CURVE('',#15143,#15185,#15206,.T.);
#15206 = SURFACE_CURVE('',#15207,(#15211,#15217),.PCURVE_S1.);
#15207 = LINE('',#15208,#15209);
#15208 = CARTESIAN_POINT('',(-483.,190.,521.5));
#15209 = VECTOR('',#15210,1.);
#15210 = DIRECTION('',(-0.,0.,-1.));
#15211 = PCURVE('',#14820,#15212);
#15212 = DEFINITIONAL_REPRESENTATION('',(#15213),#15216);
#15213 = B_SPLINE_CURVE_WITH_KNOTS('',1,(#15214,#15215),.UNSPECIFIED.,
  .F.,.F.,(2,2),(-35.5,-1.5),.PIECEWISE_BEZIER_KNOTS.);
#15214 = CARTESIAN_POINT('',(37.,37.));
#15215 = CARTESIAN_POINT('',(3.,37.));
#15216 = ( GEOMETRIC_REPRESENTATION_CONTEXT(2) 
PARAMETRIC_REPRESENTATION_CONTEXT() REPRESENTATION_CONTEXT('2D SPACE',''
  ) );
#15217 = PCURVE('',#15029,#15218);
#15218 = DEFINITIONAL_REPRESENTATION('',(#15219),#15222);
#15219 = B_SPLINE_CURVE_WITH_KNOTS('',1,(#15220,#15221),.UNSPECIFIED.,
  .F.,.F.,(2,2),(-35.5,-1.5),.PIECEWISE_BEZIER_KNOTS.);
#15220 = CARTESIAN_POINT('',(34.,-141.));
#15221 = CARTESIAN_POINT('',(0.,-141.));
#15222 = ( GEOMETRIC_REPRESENTATION_CONTEXT(2) 
PARAMETRIC_REPRESENTATION_CONTEXT() REPRESENTATION_CONTEXT('2D SPACE',''
  ) );
#15223 = ADVANCED_FACE('',(#15224),#14792,.F.);
#15224 = FACE_BOUND('',#15225,.F.);
#15225 = EDGE_LOOP('',(#15226,#15227,#15228,#15249));
#15226 = ORIENTED_EDGE('',*,*,#14776,.F.);
#15227 = ORIENTED_EDGE('',*,*,#14861,.T.);
#15228 = ORIENTED_EDGE('',*,*,#15229,.T.);
#15229 = EDGE_CURVE('',#14862,#15093,#15230,.T.);
#15230 = SURFACE_CURVE('',#15231,(#15235,#15242),.PCURVE_S1.);
#15231 = LINE('',#15232,#15233);
#15232 = CARTESIAN_POINT('',(-480.,50.,520.));
#15233 = VECTOR('',#15234,1.);
#15234 = DIRECTION('',(-0.,1.,0.));
#15235 = PCURVE('',#14792,#15236);
#15236 = DEFINITIONAL_REPRESENTATION('',(#15237),#15241);
#15237 = LINE('',#15238,#15239);
#15238 = CARTESIAN_POINT('',(40.,0.));
#15239 = VECTOR('',#15240,1.);
#15240 = DIRECTION('',(0.,1.));
#15241 = ( GEOMETRIC_REPRESENTATION_CONTEXT(2) 
PARAMETRIC_REPRESENTATION_CONTEXT() REPRESENTATION_CONTEXT('2D SPACE',''
  ) );
#15242 = PCURVE('',#14922,#15243);
#15243 = DEFINITIONAL_REPRESENTATION('',(#15244),#15248);
#15244 = LINE('',#15245,#15246);
#15245 = CARTESIAN_POINT('',(0.,0.));
#15246 = VECTOR('',#15247,1.);
#15247 = DIRECTION('',(0.,-1.));
#15248 = ( GEOMETRIC_REPRESENTATION_CONTEXT(2) 
PARAMETRIC_REPRESENTATION_CONTEXT() REPRESENTATION_CONTEXT('2D SPACE',''
  ) );
#15249 = ORIENTED_EDGE('',*,*,#15092,.F.);
#15250 = ADVANCED_FACE('',(#15251),#14922,.T.);
#15251 = FACE_BOUND('',#15252,.T.);
#15252 = EDGE_LOOP('',(#15253,#15254,#15255,#15256));
#15253 = ORIENTED_EDGE('',*,*,#14908,.F.);
#15254 = ORIENTED_EDGE('',*,*,#15229,.T.);
#15255 = ORIENTED_EDGE('',*,*,#15117,.T.);
#15256 = ORIENTED_EDGE('',*,*,#15045,.F.);
#15257 = ADVANCED_FACE('',(#15258),#14953,.F.);
#15258 = FACE_BOUND('',#15259,.F.);
#15259 = EDGE_LOOP('',(#15260,#15281,#15282,#15303));
#15260 = ORIENTED_EDGE('',*,*,#15261,.F.);
#15261 = EDGE_CURVE('',#14937,#15141,#15262,.T.);
#15262 = SURFACE_CURVE('',#15263,(#15267,#15274),.PCURVE_S1.);
#15263 = LINE('',#15264,#15265);
#15264 = CARTESIAN_POINT('',(-517.,49.,557.));
#15265 = VECTOR('',#15266,1.);
#15266 = DIRECTION('',(-0.,1.,0.));
#15267 = PCURVE('',#14953,#15268);
#15268 = DEFINITIONAL_REPRESENTATION('',(#15269),#15273);
#15269 = LINE('',#15270,#15271);
#15270 = CARTESIAN_POINT('',(0.,0.));
#15271 = VECTOR('',#15272,1.);
#15272 = DIRECTION('',(0.,1.));
#15273 = ( GEOMETRIC_REPRESENTATION_CONTEXT(2) 
PARAMETRIC_REPRESENTATION_CONTEXT() REPRESENTATION_CONTEXT('2D SPACE',''
  ) );
#15274 = PCURVE('',#14979,#15275);
#15275 = DEFINITIONAL_REPRESENTATION('',(#15276),#15280);
#15276 = LINE('',#15277,#15278);
#15277 = CARTESIAN_POINT('',(34.,0.));
#15278 = VECTOR('',#15279,1.);
#15279 = DIRECTION('',(0.,-1.));
#15280 = ( GEOMETRIC_REPRESENTATION_CONTEXT(2) 
PARAMETRIC_REPRESENTATION_CONTEXT() REPRESENTATION_CONTEXT('2D SPACE',''
  ) );
#15281 = ORIENTED_EDGE('',*,*,#14936,.T.);
#15282 = ORIENTED_EDGE('',*,*,#15283,.T.);
#15283 = EDGE_CURVE('',#14939,#15143,#15284,.T.);
#15284 = SURFACE_CURVE('',#15285,(#15289,#15296),.PCURVE_S1.);
#15285 = LINE('',#15286,#15287);
#15286 = CARTESIAN_POINT('',(-483.,49.,557.));
#15287 = VECTOR('',#15288,1.);
#15288 = DIRECTION('',(-0.,1.,0.));
#15289 = PCURVE('',#14953,#15290);
#15290 = DEFINITIONAL_REPRESENTATION('',(#15291),#15295);
#15291 = LINE('',#15292,#15293);
#15292 = CARTESIAN_POINT('',(34.,0.));
#15293 = VECTOR('',#15294,1.);
#15294 = DIRECTION('',(0.,1.));
#15295 = ( GEOMETRIC_REPRESENTATION_CONTEXT(2) 
PARAMETRIC_REPRESENTATION_CONTEXT() REPRESENTATION_CONTEXT('2D SPACE',''
  ) );
#15296 = PCURVE('',#15029,#15297);
#15297 = DEFINITIONAL_REPRESENTATION('',(#15298),#15302);
#15298 = LINE('',#15299,#15300);
#15299 = CARTESIAN_POINT('',(34.,0.));
#15300 = VECTOR('',#15301,1.);
#15301 = DIRECTION('',(0.,-1.));
#15302 = ( GEOMETRIC_REPRESENTATION_CONTEXT(2) 
PARAMETRIC_REPRESENTATION_CONTEXT() REPRESENTATION_CONTEXT('2D SPACE',''
  ) );
#15303 = ORIENTED_EDGE('',*,*,#15140,.F.);
#15304 = ADVANCED_FACE('',(#15305),#15029,.F.);
#15305 = FACE_BOUND('',#15306,.F.);
#15306 = EDGE_LOOP('',(#15307,#15308,#15309,#15330));
#15307 = ORIENTED_EDGE('',*,*,#15283,.F.);
#15308 = ORIENTED_EDGE('',*,*,#15016,.T.);
#15309 = ORIENTED_EDGE('',*,*,#15310,.T.);
#15310 = EDGE_CURVE('',#14991,#15185,#15311,.T.);
#15311 = SURFACE_CURVE('',#15312,(#15316,#15323),.PCURVE_S1.);
#15312 = LINE('',#15313,#15314);
#15313 = CARTESIAN_POINT('',(-483.,49.,523.));
#15314 = VECTOR('',#15315,1.);
#15315 = DIRECTION('',(-0.,1.,0.));
#15316 = PCURVE('',#15029,#15317);
#15317 = DEFINITIONAL_REPRESENTATION('',(#15318),#15322);
#15318 = LINE('',#15319,#15320);
#15319 = CARTESIAN_POINT('',(0.,0.));
#15320 = VECTOR('',#15321,1.);
#15321 = DIRECTION('',(0.,-1.));
#15322 = ( GEOMETRIC_REPRESENTATION_CONTEXT(2) 
PARAMETRIC_REPRESENTATION_CONTEXT() REPRESENTATION_CONTEXT('2D SPACE',''
  ) );
#15323 = PCURVE('',#15005,#15324);
#15324 = DEFINITIONAL_REPRESENTATION('',(#15325),#15329);
#15325 = LINE('',#15326,#15327);
#15326 = CARTESIAN_POINT('',(34.,0.));
#15327 = VECTOR('',#15328,1.);
#15328 = DIRECTION('',(0.,1.));
#15329 = ( GEOMETRIC_REPRESENTATION_CONTEXT(2) 
PARAMETRIC_REPRESENTATION_CONTEXT() REPRESENTATION_CONTEXT('2D SPACE',''
  ) );
#15330 = ORIENTED_EDGE('',*,*,#15205,.F.);
#15331 = ADVANCED_FACE('',(#15332),#15005,.T.);
#15332 = FACE_BOUND('',#15333,.T.);
#15333 = EDGE_LOOP('',(#15334,#15355,#15356,#15357));
#15334 = ORIENTED_EDGE('',*,*,#15335,.F.);
#15335 = EDGE_CURVE('',#14965,#15164,#15336,.T.);
#15336 = SURFACE_CURVE('',#15337,(#15341,#15348),.PCURVE_S1.);
#15337 = LINE('',#15338,#15339);
#15338 = CARTESIAN_POINT('',(-517.,49.,523.));
#15339 = VECTOR('',#15340,1.);
#15340 = DIRECTION('',(-0.,1.,0.));
#15341 = PCURVE('',#15005,#15342);
#15342 = DEFINITIONAL_REPRESENTATION('',(#15343),#15347);
#15343 = LINE('',#15344,#15345);
#15344 = CARTESIAN_POINT('',(0.,0.));
#15345 = VECTOR('',#15346,1.);
#15346 = DIRECTION('',(0.,1.));
#15347 = ( GEOMETRIC_REPRESENTATION_CONTEXT(2) 
PARAMETRIC_REPRESENTATION_CONTEXT() REPRESENTATION_CONTEXT('2D SPACE',''
  ) );
#15348 = PCURVE('',#14979,#15349);
#15349 = DEFINITIONAL_REPRESENTATION('',(#15350),#15354);
#15350 = LINE('',#15351,#15352);
#15351 = CARTESIAN_POINT('',(0.,0.));
#15352 = VECTOR('',#15353,1.);
#15353 = DIRECTION('',(0.,-1.));
#15354 = ( GEOMETRIC_REPRESENTATION_CONTEXT(2) 
PARAMETRIC_REPRESENTATION_CONTEXT() REPRESENTATION_CONTEXT('2D SPACE',''
  ) );
#15355 = ORIENTED_EDGE('',*,*,#14990,.T.);
#15356 = ORIENTED_EDGE('',*,*,#15310,.T.);
#15357 = ORIENTED_EDGE('',*,*,#15184,.F.);
#15358 = ADVANCED_FACE('',(#15359),#14979,.T.);
#15359 = FACE_BOUND('',#15360,.T.);
#15360 = EDGE_LOOP('',(#15361,#15362,#15363,#15364));
#15361 = ORIENTED_EDGE('',*,*,#15261,.F.);
#15362 = ORIENTED_EDGE('',*,*,#14964,.T.);
#15363 = ORIENTED_EDGE('',*,*,#15335,.T.);
#15364 = ORIENTED_EDGE('',*,*,#15163,.F.);
#15365 = MANIFOLD_SOLID_BREP('',#15366);
#15366 = CLOSED_SHELL('',(#15367,#15487,#15669,#15718,#15853,#15880,
    #15887,#15934,#15961,#15988));
#15367 = ADVANCED_FACE('',(#15368),#15382,.F.);
#15368 = FACE_BOUND('',#15369,.F.);
#15369 = EDGE_LOOP('',(#15370,#15405,#15433,#15461));
#15370 = ORIENTED_EDGE('',*,*,#15371,.F.);
#15371 = EDGE_CURVE('',#15372,#15374,#15376,.T.);
#15372 = VERTEX_POINT('',#15373);
#15373 = CARTESIAN_POINT('',(-220.,50.,520.));
#15374 = VERTEX_POINT('',#15375);
#15375 = CARTESIAN_POINT('',(-220.,50.,560.));
#15376 = SURFACE_CURVE('',#15377,(#15381,#15393),.PCURVE_S1.);
#15377 = LINE('',#15378,#15379);
#15378 = CARTESIAN_POINT('',(-220.,50.,520.));
#15379 = VECTOR('',#15380,1.);
#15380 = DIRECTION('',(0.,0.,1.));
#15381 = PCURVE('',#15382,#15387);
#15382 = PLANE('',#15383);
#15383 = AXIS2_PLACEMENT_3D('',#15384,#15385,#15386);
#15384 = CARTESIAN_POINT('',(-220.,50.,520.));
#15385 = DIRECTION('',(1.,0.,-0.));
#15386 = DIRECTION('',(0.,0.,1.));
#15387 = DEFINITIONAL_REPRESENTATION('',(#15388),#15392);
#15388 = LINE('',#15389,#15390);
#15389 = CARTESIAN_POINT('',(0.,0.));
#15390 = VECTOR('',#15391,1.);
#15391 = DIRECTION('',(1.,0.));
#15392 = ( GEOMETRIC_REPRESENTATION_CONTEXT(2) 
PARAMETRIC_REPRESENTATION_CONTEXT() REPRESENTATION_CONTEXT('2D SPACE',''
  ) );
#15393 = PCURVE('',#15394,#15399);
#15394 = PLANE('',#15395);
#15395 = AXIS2_PLACEMENT_3D('',#15396,#15397,#15398);
#15396 = CARTESIAN_POINT('',(-220.,50.,520.));
#15397 = DIRECTION('',(-0.,1.,0.));
#15398 = DIRECTION('',(0.,0.,1.));
#15399 = DEFINITIONAL_REPRESENTATION('',(#15400),#15404);
#15400 = LINE('',#15401,#15402);
#15401 = CARTESIAN_POINT('',(0.,0.));
#15402 = VECTOR('',#15403,1.);
#15403 = DIRECTION('',(1.,0.));
#15404 = ( GEOMETRIC_REPRESENTATION_CONTEXT(2) 
PARAMETRIC_REPRESENTATION_CONTEXT() REPRESENTATION_CONTEXT('2D SPACE',''
  ) );
#15405 = ORIENTED_EDGE('',*,*,#15406,.T.);
#15406 = EDGE_CURVE('',#15372,#15407,#15409,.T.);
#15407 = VERTEX_POINT('',#15408);
#15408 = CARTESIAN_POINT('',(-220.,190.,520.));
#15409 = SURFACE_CURVE('',#15410,(#15414,#15421),.PCURVE_S1.);
#15410 = LINE('',#15411,#15412);
#15411 = CARTESIAN_POINT('',(-220.,50.,520.));
#15412 = VECTOR('',#15413,1.);
#15413 = DIRECTION('',(-0.,1.,0.));
#15414 = PCURVE('',#15382,#15415);
#15415 = DEFINITIONAL_REPRESENTATION('',(#15416),#15420);
#15416 = LINE('',#15417,#15418);
#15417 = CARTESIAN_POINT('',(0.,0.));
#15418 = VECTOR('',#15419,1.);
#15419 = DIRECTION('',(0.,-1.));
#15420 = ( GEOMETRIC_REPRESENTATION_CONTEXT(2) 
PARAMETRIC_REPRESENTATION_CONTEXT() REPRESENTATION_CONTEXT('2D SPACE',''
  ) );
#15421 = PCURVE('',#15422,#15427);
#15422 = PLANE('',#15423);
#15423 = AXIS2_PLACEMENT_3D('',#15424,#15425,#15426);
#15424 = CARTESIAN_POINT('',(-220.,50.,520.));
#15425 = DIRECTION('',(0.,0.,1.));
#15426 = DIRECTION('',(1.,0.,-0.));
#15427 = DEFINITIONAL_REPRESENTATION('',(#15428),#15432);
#15428 = LINE('',#15429,#15430);
#15429 = CARTESIAN_POINT('',(0.,0.));
#15430 = VECTOR('',#15431,1.);
#15431 = DIRECTION('',(0.,1.));
#15432 = ( GEOMETRIC_REPRESENTATION_CONTEXT(2) 
PARAMETRIC_REPRESENTATION_CONTEXT() REPRESENTATION_CONTEXT('2D SPACE',''
  ) );
#15433 = ORIENTED_EDGE('',*,*,#15434,.T.);
#15434 = EDGE_CURVE('',#15407,#15435,#15437,.T.);
#15435 = VERTEX_POINT('',#15436);
#15436 = CARTESIAN_POINT('',(-220.,190.,560.));
#15437 = SURFACE_CURVE('',#15438,(#15442,#15449),.PCURVE_S1.);
#15438 = LINE('',#15439,#15440);
#15439 = CARTESIAN_POINT('',(-220.,190.,520.));
#15440 = VECTOR('',#15441,1.);
#15441 = DIRECTION('',(0.,0.,1.));
#15442 = PCURVE('',#15382,#15443);
#15443 = DEFINITIONAL_REPRESENTATION('',(#15444),#15448);
#15444 = LINE('',#15445,#15446);
#15445 = CARTESIAN_POINT('',(0.,-140.));
#15446 = VECTOR('',#15447,1.);
#15447 = DIRECTION('',(1.,0.));
#15448 = ( GEOMETRIC_REPRESENTATION_CONTEXT(2) 
PARAMETRIC_REPRESENTATION_CONTEXT() REPRESENTATION_CONTEXT('2D SPACE',''
  ) );
#15449 = PCURVE('',#15450,#15455);
#15450 = PLANE('',#15451);
#15451 = AXIS2_PLACEMENT_3D('',#15452,#15453,#15454);
#15452 = CARTESIAN_POINT('',(-220.,190.,520.));
#15453 = DIRECTION('',(-0.,1.,0.));
#15454 = DIRECTION('',(0.,0.,1.));
#15455 = DEFINITIONAL_REPRESENTATION('',(#15456),#15460);
#15456 = LINE('',#15457,#15458);
#15457 = CARTESIAN_POINT('',(0.,0.));
#15458 = VECTOR('',#15459,1.);
#15459 = DIRECTION('',(1.,0.));
#15460 = ( GEOMETRIC_REPRESENTATION_CONTEXT(2) 
PARAMETRIC_REPRESENTATION_CONTEXT() REPRESENTATION_CONTEXT('2D SPACE',''
  ) );
#15461 = ORIENTED_EDGE('',*,*,#15462,.F.);
#15462 = EDGE_CURVE('',#15374,#15435,#15463,.T.);
#15463 = SURFACE_CURVE('',#15464,(#15468,#15475),.PCURVE_S1.);
#15464 = LINE('',#15465,#15466);
#15465 = CARTESIAN_POINT('',(-220.,50.,560.));
#15466 = VECTOR('',#15467,1.);
#15467 = DIRECTION('',(-0.,1.,0.));
#15468 = PCURVE('',#15382,#15469);
#15469 = DEFINITIONAL_REPRESENTATION('',(#15470),#15474);
#15470 = LINE('',#15471,#15472);
#15471 = CARTESIAN_POINT('',(40.,0.));
#15472 = VECTOR('',#15473,1.);
#15473 = DIRECTION('',(0.,-1.));
#15474 = ( GEOMETRIC_REPRESENTATION_CONTEXT(2) 
PARAMETRIC_REPRESENTATION_CONTEXT() REPRESENTATION_CONTEXT('2D SPACE',''
  ) );
#15475 = PCURVE('',#15476,#15481);
#15476 = PLANE('',#15477);
#15477 = AXIS2_PLACEMENT_3D('',#15478,#15479,#15480);
#15478 = CARTESIAN_POINT('',(-220.,50.,560.));
#15479 = DIRECTION('',(0.,0.,1.));
#15480 = DIRECTION('',(1.,0.,-0.));
#15481 = DEFINITIONAL_REPRESENTATION('',(#15482),#15486);
#15482 = LINE('',#15483,#15484);
#15483 = CARTESIAN_POINT('',(0.,0.));
#15484 = VECTOR('',#15485,1.);
#15485 = DIRECTION('',(0.,1.));
#15486 = ( GEOMETRIC_REPRESENTATION_CONTEXT(2) 
PARAMETRIC_REPRESENTATION_CONTEXT() REPRESENTATION_CONTEXT('2D SPACE',''
  ) );
#15487 = ADVANCED_FACE('',(#15488,#15563),#15394,.F.);
#15488 = FACE_BOUND('',#15489,.F.);
#15489 = EDGE_LOOP('',(#15490,#15513,#15514,#15537));
#15490 = ORIENTED_EDGE('',*,*,#15491,.F.);
#15491 = EDGE_CURVE('',#15372,#15492,#15494,.T.);
#15492 = VERTEX_POINT('',#15493);
#15493 = CARTESIAN_POINT('',(-180.,50.,520.));
#15494 = SURFACE_CURVE('',#15495,(#15499,#15506),.PCURVE_S1.);
#15495 = LINE('',#15496,#15497);
#15496 = CARTESIAN_POINT('',(-220.,50.,520.));
#15497 = VECTOR('',#15498,1.);
#15498 = DIRECTION('',(1.,0.,-0.));
#15499 = PCURVE('',#15394,#15500);
#15500 = DEFINITIONAL_REPRESENTATION('',(#15501),#15505);
#15501 = LINE('',#15502,#15503);
#15502 = CARTESIAN_POINT('',(0.,0.));
#15503 = VECTOR('',#15504,1.);
#15504 = DIRECTION('',(0.,1.));
#15505 = ( GEOMETRIC_REPRESENTATION_CONTEXT(2) 
PARAMETRIC_REPRESENTATION_CONTEXT() REPRESENTATION_CONTEXT('2D SPACE',''
  ) );
#15506 = PCURVE('',#15422,#15507);
#15507 = DEFINITIONAL_REPRESENTATION('',(#15508),#15512);
#15508 = LINE('',#15509,#15510);
#15509 = CARTESIAN_POINT('',(0.,0.));
#15510 = VECTOR('',#15511,1.);
#15511 = DIRECTION('',(1.,0.));
#15512 = ( GEOMETRIC_REPRESENTATION_CONTEXT(2) 
PARAMETRIC_REPRESENTATION_CONTEXT() REPRESENTATION_CONTEXT('2D SPACE',''
  ) );
#15513 = ORIENTED_EDGE('',*,*,#15371,.T.);
#15514 = ORIENTED_EDGE('',*,*,#15515,.T.);
#15515 = EDGE_CURVE('',#15374,#15516,#15518,.T.);
#15516 = VERTEX_POINT('',#15517);
#15517 = CARTESIAN_POINT('',(-180.,50.,560.));
#15518 = SURFACE_CURVE('',#15519,(#15523,#15530),.PCURVE_S1.);
#15519 = LINE('',#15520,#15521);
#15520 = CARTESIAN_POINT('',(-220.,50.,560.));
#15521 = VECTOR('',#15522,1.);
#15522 = DIRECTION('',(1.,0.,-0.));
#15523 = PCURVE('',#15394,#15524);
#15524 = DEFINITIONAL_REPRESENTATION('',(#15525),#15529);
#15525 = LINE('',#15526,#15527);
#15526 = CARTESIAN_POINT('',(40.,0.));
#15527 = VECTOR('',#15528,1.);
#15528 = DIRECTION('',(0.,1.));
#15529 = ( GEOMETRIC_REPRESENTATION_CONTEXT(2) 
PARAMETRIC_REPRESENTATION_CONTEXT() REPRESENTATION_CONTEXT('2D SPACE',''
  ) );
#15530 = PCURVE('',#15476,#15531);
#15531 = DEFINITIONAL_REPRESENTATION('',(#15532),#15536);
#15532 = LINE('',#15533,#15534);
#15533 = CARTESIAN_POINT('',(0.,0.));
#15534 = VECTOR('',#15535,1.);
#15535 = DIRECTION('',(1.,0.));
#15536 = ( GEOMETRIC_REPRESENTATION_CONTEXT(2) 
PARAMETRIC_REPRESENTATION_CONTEXT() REPRESENTATION_CONTEXT('2D SPACE',''
  ) );
#15537 = ORIENTED_EDGE('',*,*,#15538,.F.);
#15538 = EDGE_CURVE('',#15492,#15516,#15539,.T.);
#15539 = SURFACE_CURVE('',#15540,(#15544,#15551),.PCURVE_S1.);
#15540 = LINE('',#15541,#15542);
#15541 = CARTESIAN_POINT('',(-180.,50.,520.));
#15542 = VECTOR('',#15543,1.);
#15543 = DIRECTION('',(0.,0.,1.));
#15544 = PCURVE('',#15394,#15545);
#15545 = DEFINITIONAL_REPRESENTATION('',(#15546),#15550);
#15546 = LINE('',#15547,#15548);
#15547 = CARTESIAN_POINT('',(0.,40.));
#15548 = VECTOR('',#15549,1.);
#15549 = DIRECTION('',(1.,0.));
#15550 = ( GEOMETRIC_REPRESENTATION_CONTEXT(2) 
PARAMETRIC_REPRESENTATION_CONTEXT() REPRESENTATION_CONTEXT('2D SPACE',''
  ) );
#15551 = PCURVE('',#15552,#15557);
#15552 = PLANE('',#15553);
#15553 = AXIS2_PLACEMENT_3D('',#15554,#15555,#15556);
#15554 = CARTESIAN_POINT('',(-180.,50.,520.));
#15555 = DIRECTION('',(1.,0.,-0.));
#15556 = DIRECTION('',(0.,0.,1.));
#15557 = DEFINITIONAL_REPRESENTATION('',(#15558),#15562);
#15558 = LINE('',#15559,#15560);
#15559 = CARTESIAN_POINT('',(0.,0.));
#15560 = VECTOR('',#15561,1.);
#15561 = DIRECTION('',(1.,0.));
#15562 = ( GEOMETRIC_REPRESENTATION_CONTEXT(2) 
PARAMETRIC_REPRESENTATION_CONTEXT() REPRESENTATION_CONTEXT('2D SPACE',''
  ) );
#15563 = FACE_BOUND('',#15564,.F.);
#15564 = EDGE_LOOP('',(#15565,#15593,#15619,#15645));
#15565 = ORIENTED_EDGE('',*,*,#15566,.F.);
#15566 = EDGE_CURVE('',#15567,#15569,#15571,.T.);
#15567 = VERTEX_POINT('',#15568);
#15568 = CARTESIAN_POINT('',(-217.,50.,557.));
#15569 = VERTEX_POINT('',#15570);
#15570 = CARTESIAN_POINT('',(-183.,50.,557.));
#15571 = SURFACE_CURVE('',#15572,(#15576,#15582),.PCURVE_S1.);
#15572 = LINE('',#15573,#15574);
#15573 = CARTESIAN_POINT('',(-218.5,50.,557.));
#15574 = VECTOR('',#15575,1.);
#15575 = DIRECTION('',(1.,0.,-0.));
#15576 = PCURVE('',#15394,#15577);
#15577 = DEFINITIONAL_REPRESENTATION('',(#15578),#15581);
#15578 = B_SPLINE_CURVE_WITH_KNOTS('',1,(#15579,#15580),.UNSPECIFIED.,
  .F.,.F.,(2,2),(1.5,35.5),.PIECEWISE_BEZIER_KNOTS.);
#15579 = CARTESIAN_POINT('',(37.,3.));
#15580 = CARTESIAN_POINT('',(37.,37.));
#15581 = ( GEOMETRIC_REPRESENTATION_CONTEXT(2) 
PARAMETRIC_REPRESENTATION_CONTEXT() REPRESENTATION_CONTEXT('2D SPACE',''
  ) );
#15582 = PCURVE('',#15583,#15588);
#15583 = PLANE('',#15584);
#15584 = AXIS2_PLACEMENT_3D('',#15585,#15586,#15587);
#15585 = CARTESIAN_POINT('',(-217.,49.,557.));
#15586 = DIRECTION('',(0.,0.,1.));
#15587 = DIRECTION('',(1.,0.,-0.));
#15588 = DEFINITIONAL_REPRESENTATION('',(#15589),#15592);
#15589 = B_SPLINE_CURVE_WITH_KNOTS('',1,(#15590,#15591),.UNSPECIFIED.,
  .F.,.F.,(2,2),(1.5,35.5),.PIECEWISE_BEZIER_KNOTS.);
#15590 = CARTESIAN_POINT('',(0.,1.));
#15591 = CARTESIAN_POINT('',(34.,1.));
#15592 = ( GEOMETRIC_REPRESENTATION_CONTEXT(2) 
PARAMETRIC_REPRESENTATION_CONTEXT() REPRESENTATION_CONTEXT('2D SPACE',''
  ) );
#15593 = ORIENTED_EDGE('',*,*,#15594,.T.);
#15594 = EDGE_CURVE('',#15567,#15595,#15597,.T.);
#15595 = VERTEX_POINT('',#15596);
#15596 = CARTESIAN_POINT('',(-217.,50.,523.));
#15597 = SURFACE_CURVE('',#15598,(#15602,#15608),.PCURVE_S1.);
#15598 = LINE('',#15599,#15600);
#15599 = CARTESIAN_POINT('',(-217.,50.,521.5));
#15600 = VECTOR('',#15601,1.);
#15601 = DIRECTION('',(-0.,0.,-1.));
#15602 = PCURVE('',#15394,#15603);
#15603 = DEFINITIONAL_REPRESENTATION('',(#15604),#15607);
#15604 = B_SPLINE_CURVE_WITH_KNOTS('',1,(#15605,#15606),.UNSPECIFIED.,
  .F.,.F.,(2,2),(-35.5,-1.5),.PIECEWISE_BEZIER_KNOTS.);
#15605 = CARTESIAN_POINT('',(37.,3.));
#15606 = CARTESIAN_POINT('',(3.,3.));
#15607 = ( GEOMETRIC_REPRESENTATION_CONTEXT(2) 
PARAMETRIC_REPRESENTATION_CONTEXT() REPRESENTATION_CONTEXT('2D SPACE',''
  ) );
#15608 = PCURVE('',#15609,#15614);
#15609 = PLANE('',#15610);
#15610 = AXIS2_PLACEMENT_3D('',#15611,#15612,#15613);
#15611 = CARTESIAN_POINT('',(-217.,49.,523.));
#15612 = DIRECTION('',(1.,0.,-0.));
#15613 = DIRECTION('',(0.,0.,1.));
#15614 = DEFINITIONAL_REPRESENTATION('',(#15615),#15618);
#15615 = B_SPLINE_CURVE_WITH_KNOTS('',1,(#15616,#15617),.UNSPECIFIED.,
  .F.,.F.,(2,2),(-35.5,-1.5),.PIECEWISE_BEZIER_KNOTS.);
#15616 = CARTESIAN_POINT('',(34.,-1.));
#15617 = CARTESIAN_POINT('',(0.,-1.));
#15618 = ( GEOMETRIC_REPRESENTATION_CONTEXT(2) 
PARAMETRIC_REPRESENTATION_CONTEXT() REPRESENTATION_CONTEXT('2D SPACE',''
  ) );
#15619 = ORIENTED_EDGE('',*,*,#15620,.T.);
#15620 = EDGE_CURVE('',#15595,#15621,#15623,.T.);
#15621 = VERTEX_POINT('',#15622);
#15622 = CARTESIAN_POINT('',(-183.,50.,523.));
#15623 = SURFACE_CURVE('',#15624,(#15628,#15634),.PCURVE_S1.);
#15624 = LINE('',#15625,#15626);
#15625 = CARTESIAN_POINT('',(-218.5,50.,523.));
#15626 = VECTOR('',#15627,1.);
#15627 = DIRECTION('',(1.,0.,-0.));
#15628 = PCURVE('',#15394,#15629);
#15629 = DEFINITIONAL_REPRESENTATION('',(#15630),#15633);
#15630 = B_SPLINE_CURVE_WITH_KNOTS('',1,(#15631,#15632),.UNSPECIFIED.,
  .F.,.F.,(2,2),(1.5,35.5),.PIECEWISE_BEZIER_KNOTS.);
#15631 = CARTESIAN_POINT('',(3.,3.));
#15632 = CARTESIAN_POINT('',(3.,37.));
#15633 = ( GEOMETRIC_REPRESENTATION_CONTEXT(2) 
PARAMETRIC_REPRESENTATION_CONTEXT() REPRESENTATION_CONTEXT('2D SPACE',''
  ) );
#15634 = PCURVE('',#15635,#15640);
#15635 = PLANE('',#15636);
#15636 = AXIS2_PLACEMENT_3D('',#15637,#15638,#15639);
#15637 = CARTESIAN_POINT('',(-217.,49.,523.));
#15638 = DIRECTION('',(0.,0.,1.));
#15639 = DIRECTION('',(1.,0.,-0.));
#15640 = DEFINITIONAL_REPRESENTATION('',(#15641),#15644);
#15641 = B_SPLINE_CURVE_WITH_KNOTS('',1,(#15642,#15643),.UNSPECIFIED.,
  .F.,.F.,(2,2),(1.5,35.5),.PIECEWISE_BEZIER_KNOTS.);
#15642 = CARTESIAN_POINT('',(0.,1.));
#15643 = CARTESIAN_POINT('',(34.,1.));
#15644 = ( GEOMETRIC_REPRESENTATION_CONTEXT(2) 
PARAMETRIC_REPRESENTATION_CONTEXT() REPRESENTATION_CONTEXT('2D SPACE',''
  ) );
#15645 = ORIENTED_EDGE('',*,*,#15646,.F.);
#15646 = EDGE_CURVE('',#15569,#15621,#15647,.T.);
#15647 = SURFACE_CURVE('',#15648,(#15652,#15658),.PCURVE_S1.);
#15648 = LINE('',#15649,#15650);
#15649 = CARTESIAN_POINT('',(-183.,50.,521.5));
#15650 = VECTOR('',#15651,1.);
#15651 = DIRECTION('',(-0.,0.,-1.));
#15652 = PCURVE('',#15394,#15653);
#15653 = DEFINITIONAL_REPRESENTATION('',(#15654),#15657);
#15654 = B_SPLINE_CURVE_WITH_KNOTS('',1,(#15655,#15656),.UNSPECIFIED.,
  .F.,.F.,(2,2),(-35.5,-1.5),.PIECEWISE_BEZIER_KNOTS.);
#15655 = CARTESIAN_POINT('',(37.,37.));
#15656 = CARTESIAN_POINT('',(3.,37.));
#15657 = ( GEOMETRIC_REPRESENTATION_CONTEXT(2) 
PARAMETRIC_REPRESENTATION_CONTEXT() REPRESENTATION_CONTEXT('2D SPACE',''
  ) );
#15658 = PCURVE('',#15659,#15664);
#15659 = PLANE('',#15660);
#15660 = AXIS2_PLACEMENT_3D('',#15661,#15662,#15663);
#15661 = CARTESIAN_POINT('',(-183.,49.,523.));
#15662 = DIRECTION('',(1.,0.,-0.));
#15663 = DIRECTION('',(0.,0.,1.));
#15664 = DEFINITIONAL_REPRESENTATION('',(#15665),#15668);
#15665 = B_SPLINE_CURVE_WITH_KNOTS('',1,(#15666,#15667),.UNSPECIFIED.,
  .F.,.F.,(2,2),(-35.5,-1.5),.PIECEWISE_BEZIER_KNOTS.);
#15666 = CARTESIAN_POINT('',(34.,-1.));
#15667 = CARTESIAN_POINT('',(0.,-1.));
#15668 = ( GEOMETRIC_REPRESENTATION_CONTEXT(2) 
PARAMETRIC_REPRESENTATION_CONTEXT() REPRESENTATION_CONTEXT('2D SPACE',''
  ) );
#15669 = ADVANCED_FACE('',(#15670),#15476,.T.);
#15670 = FACE_BOUND('',#15671,.T.);
#15671 = EDGE_LOOP('',(#15672,#15673,#15674,#15697));
#15672 = ORIENTED_EDGE('',*,*,#15462,.F.);
#15673 = ORIENTED_EDGE('',*,*,#15515,.T.);
#15674 = ORIENTED_EDGE('',*,*,#15675,.T.);
#15675 = EDGE_CURVE('',#15516,#15676,#15678,.T.);
#15676 = VERTEX_POINT('',#15677);
#15677 = CARTESIAN_POINT('',(-180.,190.,560.));
#15678 = SURFACE_CURVE('',#15679,(#15683,#15690),.PCURVE_S1.);
#15679 = LINE('',#15680,#15681);
#15680 = CARTESIAN_POINT('',(-180.,50.,560.));
#15681 = VECTOR('',#15682,1.);
#15682 = DIRECTION('',(-0.,1.,0.));
#15683 = PCURVE('',#15476,#15684);
#15684 = DEFINITIONAL_REPRESENTATION('',(#15685),#15689);
#15685 = LINE('',#15686,#15687);
#15686 = CARTESIAN_POINT('',(40.,0.));
#15687 = VECTOR('',#15688,1.);
#15688 = DIRECTION('',(0.,1.));
#15689 = ( GEOMETRIC_REPRESENTATION_CONTEXT(2) 
PARAMETRIC_REPRESENTATION_CONTEXT() REPRESENTATION_CONTEXT('2D SPACE',''
  ) );
#15690 = PCURVE('',#15552,#15691);
#15691 = DEFINITIONAL_REPRESENTATION('',(#15692),#15696);
#15692 = LINE('',#15693,#15694);
#15693 = CARTESIAN_POINT('',(40.,0.));
#15694 = VECTOR('',#15695,1.);
#15695 = DIRECTION('',(0.,-1.));
#15696 = ( GEOMETRIC_REPRESENTATION_CONTEXT(2) 
PARAMETRIC_REPRESENTATION_CONTEXT() REPRESENTATION_CONTEXT('2D SPACE',''
  ) );
#15697 = ORIENTED_EDGE('',*,*,#15698,.F.);
#15698 = EDGE_CURVE('',#15435,#15676,#15699,.T.);
#15699 = SURFACE_CURVE('',#15700,(#15704,#15711),.PCURVE_S1.);
#15700 = LINE('',#15701,#15702);
#15701 = CARTESIAN_POINT('',(-220.,190.,560.));
#15702 = VECTOR('',#15703,1.);
#15703 = DIRECTION('',(1.,0.,-0.));
#15704 = PCURVE('',#15476,#15705);
#15705 = DEFINITIONAL_REPRESENTATION('',(#15706),#15710);
#15706 = LINE('',#15707,#15708);
#15707 = CARTESIAN_POINT('',(0.,140.));
#15708 = VECTOR('',#15709,1.);
#15709 = DIRECTION('',(1.,0.));
#15710 = ( GEOMETRIC_REPRESENTATION_CONTEXT(2) 
PARAMETRIC_REPRESENTATION_CONTEXT() REPRESENTATION_CONTEXT('2D SPACE',''
  ) );
#15711 = PCURVE('',#15450,#15712);
#15712 = DEFINITIONAL_REPRESENTATION('',(#15713),#15717);
#15713 = LINE('',#15714,#15715);
#15714 = CARTESIAN_POINT('',(40.,0.));
#15715 = VECTOR('',#15716,1.);
#15716 = DIRECTION('',(0.,1.));
#15717 = ( GEOMETRIC_REPRESENTATION_CONTEXT(2) 
PARAMETRIC_REPRESENTATION_CONTEXT() REPRESENTATION_CONTEXT('2D SPACE',''
  ) );
#15718 = ADVANCED_FACE('',(#15719,#15767),#15450,.T.);
#15719 = FACE_BOUND('',#15720,.T.);
#15720 = EDGE_LOOP('',(#15721,#15744,#15745,#15746));
#15721 = ORIENTED_EDGE('',*,*,#15722,.F.);
#15722 = EDGE_CURVE('',#15407,#15723,#15725,.T.);
#15723 = VERTEX_POINT('',#15724);
#15724 = CARTESIAN_POINT('',(-180.,190.,520.));
#15725 = SURFACE_CURVE('',#15726,(#15730,#15737),.PCURVE_S1.);
#15726 = LINE('',#15727,#15728);
#15727 = CARTESIAN_POINT('',(-220.,190.,520.));
#15728 = VECTOR('',#15729,1.);
#15729 = DIRECTION('',(1.,0.,-0.));
#15730 = PCURVE('',#15450,#15731);
#15731 = DEFINITIONAL_REPRESENTATION('',(#15732),#15736);
#15732 = LINE('',#15733,#15734);
#15733 = CARTESIAN_POINT('',(0.,0.));
#15734 = VECTOR('',#15735,1.);
#15735 = DIRECTION('',(0.,1.));
#15736 = ( GEOMETRIC_REPRESENTATION_CONTEXT(2) 
PARAMETRIC_REPRESENTATION_CONTEXT() REPRESENTATION_CONTEXT('2D SPACE',''
  ) );
#15737 = PCURVE('',#15422,#15738);
#15738 = DEFINITIONAL_REPRESENTATION('',(#15739),#15743);
#15739 = LINE('',#15740,#15741);
#15740 = CARTESIAN_POINT('',(0.,140.));
#15741 = VECTOR('',#15742,1.);
#15742 = DIRECTION('',(1.,0.));
#15743 = ( GEOMETRIC_REPRESENTATION_CONTEXT(2) 
PARAMETRIC_REPRESENTATION_CONTEXT() REPRESENTATION_CONTEXT('2D SPACE',''
  ) );
#15744 = ORIENTED_EDGE('',*,*,#15434,.T.);
#15745 = ORIENTED_EDGE('',*,*,#15698,.T.);
#15746 = ORIENTED_EDGE('',*,*,#15747,.F.);
#15747 = EDGE_CURVE('',#15723,#15676,#15748,.T.);
#15748 = SURFACE_CURVE('',#15749,(#15753,#15760),.PCURVE_S1.);
#15749 = LINE('',#15750,#15751);
#15750 = CARTESIAN_POINT('',(-180.,190.,520.));
#15751 = VECTOR('',#15752,1.);
#15752 = DIRECTION('',(0.,0.,1.));
#15753 = PCURVE('',#15450,#15754);
#15754 = DEFINITIONAL_REPRESENTATION('',(#15755),#15759);
#15755 = LINE('',#15756,#15757);
#15756 = CARTESIAN_POINT('',(0.,40.));
#15757 = VECTOR('',#15758,1.);
#15758 = DIRECTION('',(1.,0.));
#15759 = ( GEOMETRIC_REPRESENTATION_CONTEXT(2) 
PARAMETRIC_REPRESENTATION_CONTEXT() REPRESENTATION_CONTEXT('2D SPACE',''
  ) );
#15760 = PCURVE('',#15552,#15761);
#15761 = DEFINITIONAL_REPRESENTATION('',(#15762),#15766);
#15762 = LINE('',#15763,#15764);
#15763 = CARTESIAN_POINT('',(0.,-140.));
#15764 = VECTOR('',#15765,1.);
#15765 = DIRECTION('',(1.,0.));
#15766 = ( GEOMETRIC_REPRESENTATION_CONTEXT(2) 
PARAMETRIC_REPRESENTATION_CONTEXT() REPRESENTATION_CONTEXT('2D SPACE',''
  ) );
#15767 = FACE_BOUND('',#15768,.T.);
#15768 = EDGE_LOOP('',(#15769,#15792,#15813,#15834));
#15769 = ORIENTED_EDGE('',*,*,#15770,.F.);
#15770 = EDGE_CURVE('',#15771,#15773,#15775,.T.);
#15771 = VERTEX_POINT('',#15772);
#15772 = CARTESIAN_POINT('',(-217.,190.,557.));
#15773 = VERTEX_POINT('',#15774);
#15774 = CARTESIAN_POINT('',(-183.,190.,557.));
#15775 = SURFACE_CURVE('',#15776,(#15780,#15786),.PCURVE_S1.);
#15776 = LINE('',#15777,#15778);
#15777 = CARTESIAN_POINT('',(-218.5,190.,557.));
#15778 = VECTOR('',#15779,1.);
#15779 = DIRECTION('',(1.,0.,-0.));
#15780 = PCURVE('',#15450,#15781);
#15781 = DEFINITIONAL_REPRESENTATION('',(#15782),#15785);
#15782 = B_SPLINE_CURVE_WITH_KNOTS('',1,(#15783,#15784),.UNSPECIFIED.,
  .F.,.F.,(2,2),(1.5,35.5),.PIECEWISE_BEZIER_KNOTS.);
#15783 = CARTESIAN_POINT('',(37.,3.));
#15784 = CARTESIAN_POINT('',(37.,37.));
#15785 = ( GEOMETRIC_REPRESENTATION_CONTEXT(2) 
PARAMETRIC_REPRESENTATION_CONTEXT() REPRESENTATION_CONTEXT('2D SPACE',''
  ) );
#15786 = PCURVE('',#15583,#15787);
#15787 = DEFINITIONAL_REPRESENTATION('',(#15788),#15791);
#15788 = B_SPLINE_CURVE_WITH_KNOTS('',1,(#15789,#15790),.UNSPECIFIED.,
  .F.,.F.,(2,2),(1.5,35.5),.PIECEWISE_BEZIER_KNOTS.);
#15789 = CARTESIAN_POINT('',(0.,141.));
#15790 = CARTESIAN_POINT('',(34.,141.));
#15791 = ( GEOMETRIC_REPRESENTATION_CONTEXT(2) 
PARAMETRIC_REPRESENTATION_CONTEXT() REPRESENTATION_CONTEXT('2D SPACE',''
  ) );
#15792 = ORIENTED_EDGE('',*,*,#15793,.T.);
#15793 = EDGE_CURVE('',#15771,#15794,#15796,.T.);
#15794 = VERTEX_POINT('',#15795);
#15795 = CARTESIAN_POINT('',(-217.,190.,523.));
#15796 = SURFACE_CURVE('',#15797,(#15801,#15807),.PCURVE_S1.);
#15797 = LINE('',#15798,#15799);
#15798 = CARTESIAN_POINT('',(-217.,190.,521.5));
#15799 = VECTOR('',#15800,1.);
#15800 = DIRECTION('',(-0.,0.,-1.));
#15801 = PCURVE('',#15450,#15802);
#15802 = DEFINITIONAL_REPRESENTATION('',(#15803),#15806);
#15803 = B_SPLINE_CURVE_WITH_KNOTS('',1,(#15804,#15805),.UNSPECIFIED.,
  .F.,.F.,(2,2),(-35.5,-1.5),.PIECEWISE_BEZIER_KNOTS.);
#15804 = CARTESIAN_POINT('',(37.,3.));
#15805 = CARTESIAN_POINT('',(3.,3.));
#15806 = ( GEOMETRIC_REPRESENTATION_CONTEXT(2) 
PARAMETRIC_REPRESENTATION_CONTEXT() REPRESENTATION_CONTEXT('2D SPACE',''
  ) );
#15807 = PCURVE('',#15609,#15808);
#15808 = DEFINITIONAL_REPRESENTATION('',(#15809),#15812);
#15809 = B_SPLINE_CURVE_WITH_KNOTS('',1,(#15810,#15811),.UNSPECIFIED.,
  .F.,.F.,(2,2),(-35.5,-1.5),.PIECEWISE_BEZIER_KNOTS.);
#15810 = CARTESIAN_POINT('',(34.,-141.));
#15811 = CARTESIAN_POINT('',(0.,-141.));
#15812 = ( GEOMETRIC_REPRESENTATION_CONTEXT(2) 
PARAMETRIC_REPRESENTATION_CONTEXT() REPRESENTATION_CONTEXT('2D SPACE',''
  ) );
#15813 = ORIENTED_EDGE('',*,*,#15814,.T.);
#15814 = EDGE_CURVE('',#15794,#15815,#15817,.T.);
#15815 = VERTEX_POINT('',#15816);
#15816 = CARTESIAN_POINT('',(-183.,190.,523.));
#15817 = SURFACE_CURVE('',#15818,(#15822,#15828),.PCURVE_S1.);
#15818 = LINE('',#15819,#15820);
#15819 = CARTESIAN_POINT('',(-218.5,190.,523.));
#15820 = VECTOR('',#15821,1.);
#15821 = DIRECTION('',(1.,0.,-0.));
#15822 = PCURVE('',#15450,#15823);
#15823 = DEFINITIONAL_REPRESENTATION('',(#15824),#15827);
#15824 = B_SPLINE_CURVE_WITH_KNOTS('',1,(#15825,#15826),.UNSPECIFIED.,
  .F.,.F.,(2,2),(1.5,35.5),.PIECEWISE_BEZIER_KNOTS.);
#15825 = CARTESIAN_POINT('',(3.,3.));
#15826 = CARTESIAN_POINT('',(3.,37.));
#15827 = ( GEOMETRIC_REPRESENTATION_CONTEXT(2) 
PARAMETRIC_REPRESENTATION_CONTEXT() REPRESENTATION_CONTEXT('2D SPACE',''
  ) );
#15828 = PCURVE('',#15635,#15829);
#15829 = DEFINITIONAL_REPRESENTATION('',(#15830),#15833);
#15830 = B_SPLINE_CURVE_WITH_KNOTS('',1,(#15831,#15832),.UNSPECIFIED.,
  .F.,.F.,(2,2),(1.5,35.5),.PIECEWISE_BEZIER_KNOTS.);
#15831 = CARTESIAN_POINT('',(0.,141.));
#15832 = CARTESIAN_POINT('',(34.,141.));
#15833 = ( GEOMETRIC_REPRESENTATION_CONTEXT(2) 
PARAMETRIC_REPRESENTATION_CONTEXT() REPRESENTATION_CONTEXT('2D SPACE',''
  ) );
#15834 = ORIENTED_EDGE('',*,*,#15835,.F.);
#15835 = EDGE_CURVE('',#15773,#15815,#15836,.T.);
#15836 = SURFACE_CURVE('',#15837,(#15841,#15847),.PCURVE_S1.);
#15837 = LINE('',#15838,#15839);
#15838 = CARTESIAN_POINT('',(-183.,190.,521.5));
#15839 = VECTOR('',#15840,1.);
#15840 = DIRECTION('',(-0.,0.,-1.));
#15841 = PCURVE('',#15450,#15842);
#15842 = DEFINITIONAL_REPRESENTATION('',(#15843),#15846);
#15843 = B_SPLINE_CURVE_WITH_KNOTS('',1,(#15844,#15845),.UNSPECIFIED.,
  .F.,.F.,(2,2),(-35.5,-1.5),.PIECEWISE_BEZIER_KNOTS.);
#15844 = CARTESIAN_POINT('',(37.,37.));
#15845 = CARTESIAN_POINT('',(3.,37.));
#15846 = ( GEOMETRIC_REPRESENTATION_CONTEXT(2) 
PARAMETRIC_REPRESENTATION_CONTEXT() REPRESENTATION_CONTEXT('2D SPACE',''
  ) );
#15847 = PCURVE('',#15659,#15848);
#15848 = DEFINITIONAL_REPRESENTATION('',(#15849),#15852);
#15849 = B_SPLINE_CURVE_WITH_KNOTS('',1,(#15850,#15851),.UNSPECIFIED.,
  .F.,.F.,(2,2),(-35.5,-1.5),.PIECEWISE_BEZIER_KNOTS.);
#15850 = CARTESIAN_POINT('',(34.,-141.));
#15851 = CARTESIAN_POINT('',(0.,-141.));
#15852 = ( GEOMETRIC_REPRESENTATION_CONTEXT(2) 
PARAMETRIC_REPRESENTATION_CONTEXT() REPRESENTATION_CONTEXT('2D SPACE',''
  ) );
#15853 = ADVANCED_FACE('',(#15854),#15422,.F.);
#15854 = FACE_BOUND('',#15855,.F.);
#15855 = EDGE_LOOP('',(#15856,#15857,#15858,#15879));
#15856 = ORIENTED_EDGE('',*,*,#15406,.F.);
#15857 = ORIENTED_EDGE('',*,*,#15491,.T.);
#15858 = ORIENTED_EDGE('',*,*,#15859,.T.);
#15859 = EDGE_CURVE('',#15492,#15723,#15860,.T.);
#15860 = SURFACE_CURVE('',#15861,(#15865,#15872),.PCURVE_S1.);
#15861 = LINE('',#15862,#15863);
#15862 = CARTESIAN_POINT('',(-180.,50.,520.));
#15863 = VECTOR('',#15864,1.);
#15864 = DIRECTION('',(-0.,1.,0.));
#15865 = PCURVE('',#15422,#15866);
#15866 = DEFINITIONAL_REPRESENTATION('',(#15867),#15871);
#15867 = LINE('',#15868,#15869);
#15868 = CARTESIAN_POINT('',(40.,0.));
#15869 = VECTOR('',#15870,1.);
#15870 = DIRECTION('',(0.,1.));
#15871 = ( GEOMETRIC_REPRESENTATION_CONTEXT(2) 
PARAMETRIC_REPRESENTATION_CONTEXT() REPRESENTATION_CONTEXT('2D SPACE',''
  ) );
#15872 = PCURVE('',#15552,#15873);
#15873 = DEFINITIONAL_REPRESENTATION('',(#15874),#15878);
#15874 = LINE('',#15875,#15876);
#15875 = CARTESIAN_POINT('',(0.,0.));
#15876 = VECTOR('',#15877,1.);
#15877 = DIRECTION('',(0.,-1.));
#15878 = ( GEOMETRIC_REPRESENTATION_CONTEXT(2) 
PARAMETRIC_REPRESENTATION_CONTEXT() REPRESENTATION_CONTEXT('2D SPACE',''
  ) );
#15879 = ORIENTED_EDGE('',*,*,#15722,.F.);
#15880 = ADVANCED_FACE('',(#15881),#15552,.T.);
#15881 = FACE_BOUND('',#15882,.T.);
#15882 = EDGE_LOOP('',(#15883,#15884,#15885,#15886));
#15883 = ORIENTED_EDGE('',*,*,#15538,.F.);
#15884 = ORIENTED_EDGE('',*,*,#15859,.T.);
#15885 = ORIENTED_EDGE('',*,*,#15747,.T.);
#15886 = ORIENTED_EDGE('',*,*,#15675,.F.);
#15887 = ADVANCED_FACE('',(#15888),#15583,.F.);
#15888 = FACE_BOUND('',#15889,.F.);
#15889 = EDGE_LOOP('',(#15890,#15911,#15912,#15933));
#15890 = ORIENTED_EDGE('',*,*,#15891,.F.);
#15891 = EDGE_CURVE('',#15567,#15771,#15892,.T.);
#15892 = SURFACE_CURVE('',#15893,(#15897,#15904),.PCURVE_S1.);
#15893 = LINE('',#15894,#15895);
#15894 = CARTESIAN_POINT('',(-217.,49.,557.));
#15895 = VECTOR('',#15896,1.);
#15896 = DIRECTION('',(-0.,1.,0.));
#15897 = PCURVE('',#15583,#15898);
#15898 = DEFINITIONAL_REPRESENTATION('',(#15899),#15903);
#15899 = LINE('',#15900,#15901);
#15900 = CARTESIAN_POINT('',(0.,0.));
#15901 = VECTOR('',#15902,1.);
#15902 = DIRECTION('',(0.,1.));
#15903 = ( GEOMETRIC_REPRESENTATION_CONTEXT(2) 
PARAMETRIC_REPRESENTATION_CONTEXT() REPRESENTATION_CONTEXT('2D SPACE',''
  ) );
#15904 = PCURVE('',#15609,#15905);
#15905 = DEFINITIONAL_REPRESENTATION('',(#15906),#15910);
#15906 = LINE('',#15907,#15908);
#15907 = CARTESIAN_POINT('',(34.,0.));
#15908 = VECTOR('',#15909,1.);
#15909 = DIRECTION('',(0.,-1.));
#15910 = ( GEOMETRIC_REPRESENTATION_CONTEXT(2) 
PARAMETRIC_REPRESENTATION_CONTEXT() REPRESENTATION_CONTEXT('2D SPACE',''
  ) );
#15911 = ORIENTED_EDGE('',*,*,#15566,.T.);
#15912 = ORIENTED_EDGE('',*,*,#15913,.T.);
#15913 = EDGE_CURVE('',#15569,#15773,#15914,.T.);
#15914 = SURFACE_CURVE('',#15915,(#15919,#15926),.PCURVE_S1.);
#15915 = LINE('',#15916,#15917);
#15916 = CARTESIAN_POINT('',(-183.,49.,557.));
#15917 = VECTOR('',#15918,1.);
#15918 = DIRECTION('',(-0.,1.,0.));
#15919 = PCURVE('',#15583,#15920);
#15920 = DEFINITIONAL_REPRESENTATION('',(#15921),#15925);
#15921 = LINE('',#15922,#15923);
#15922 = CARTESIAN_POINT('',(34.,0.));
#15923 = VECTOR('',#15924,1.);
#15924 = DIRECTION('',(0.,1.));
#15925 = ( GEOMETRIC_REPRESENTATION_CONTEXT(2) 
PARAMETRIC_REPRESENTATION_CONTEXT() REPRESENTATION_CONTEXT('2D SPACE',''
  ) );
#15926 = PCURVE('',#15659,#15927);
#15927 = DEFINITIONAL_REPRESENTATION('',(#15928),#15932);
#15928 = LINE('',#15929,#15930);
#15929 = CARTESIAN_POINT('',(34.,0.));
#15930 = VECTOR('',#15931,1.);
#15931 = DIRECTION('',(0.,-1.));
#15932 = ( GEOMETRIC_REPRESENTATION_CONTEXT(2) 
PARAMETRIC_REPRESENTATION_CONTEXT() REPRESENTATION_CONTEXT('2D SPACE',''
  ) );
#15933 = ORIENTED_EDGE('',*,*,#15770,.F.);
#15934 = ADVANCED_FACE('',(#15935),#15659,.F.);
#15935 = FACE_BOUND('',#15936,.F.);
#15936 = EDGE_LOOP('',(#15937,#15938,#15939,#15960));
#15937 = ORIENTED_EDGE('',*,*,#15913,.F.);
#15938 = ORIENTED_EDGE('',*,*,#15646,.T.);
#15939 = ORIENTED_EDGE('',*,*,#15940,.T.);
#15940 = EDGE_CURVE('',#15621,#15815,#15941,.T.);
#15941 = SURFACE_CURVE('',#15942,(#15946,#15953),.PCURVE_S1.);
#15942 = LINE('',#15943,#15944);
#15943 = CARTESIAN_POINT('',(-183.,49.,523.));
#15944 = VECTOR('',#15945,1.);
#15945 = DIRECTION('',(-0.,1.,0.));
#15946 = PCURVE('',#15659,#15947);
#15947 = DEFINITIONAL_REPRESENTATION('',(#15948),#15952);
#15948 = LINE('',#15949,#15950);
#15949 = CARTESIAN_POINT('',(0.,0.));
#15950 = VECTOR('',#15951,1.);
#15951 = DIRECTION('',(0.,-1.));
#15952 = ( GEOMETRIC_REPRESENTATION_CONTEXT(2) 
PARAMETRIC_REPRESENTATION_CONTEXT() REPRESENTATION_CONTEXT('2D SPACE',''
  ) );
#15953 = PCURVE('',#15635,#15954);
#15954 = DEFINITIONAL_REPRESENTATION('',(#15955),#15959);
#15955 = LINE('',#15956,#15957);
#15956 = CARTESIAN_POINT('',(34.,0.));
#15957 = VECTOR('',#15958,1.);
#15958 = DIRECTION('',(0.,1.));
#15959 = ( GEOMETRIC_REPRESENTATION_CONTEXT(2) 
PARAMETRIC_REPRESENTATION_CONTEXT() REPRESENTATION_CONTEXT('2D SPACE',''
  ) );
#15960 = ORIENTED_EDGE('',*,*,#15835,.F.);
#15961 = ADVANCED_FACE('',(#15962),#15635,.T.);
#15962 = FACE_BOUND('',#15963,.T.);
#15963 = EDGE_LOOP('',(#15964,#15985,#15986,#15987));
#15964 = ORIENTED_EDGE('',*,*,#15965,.F.);
#15965 = EDGE_CURVE('',#15595,#15794,#15966,.T.);
#15966 = SURFACE_CURVE('',#15967,(#15971,#15978),.PCURVE_S1.);
#15967 = LINE('',#15968,#15969);
#15968 = CARTESIAN_POINT('',(-217.,49.,523.));
#15969 = VECTOR('',#15970,1.);
#15970 = DIRECTION('',(-0.,1.,0.));
#15971 = PCURVE('',#15635,#15972);
#15972 = DEFINITIONAL_REPRESENTATION('',(#15973),#15977);
#15973 = LINE('',#15974,#15975);
#15974 = CARTESIAN_POINT('',(0.,0.));
#15975 = VECTOR('',#15976,1.);
#15976 = DIRECTION('',(0.,1.));
#15977 = ( GEOMETRIC_REPRESENTATION_CONTEXT(2) 
PARAMETRIC_REPRESENTATION_CONTEXT() REPRESENTATION_CONTEXT('2D SPACE',''
  ) );
#15978 = PCURVE('',#15609,#15979);
#15979 = DEFINITIONAL_REPRESENTATION('',(#15980),#15984);
#15980 = LINE('',#15981,#15982);
#15981 = CARTESIAN_POINT('',(0.,0.));
#15982 = VECTOR('',#15983,1.);
#15983 = DIRECTION('',(0.,-1.));
#15984 = ( GEOMETRIC_REPRESENTATION_CONTEXT(2) 
PARAMETRIC_REPRESENTATION_CONTEXT() REPRESENTATION_CONTEXT('2D SPACE',''
  ) );
#15985 = ORIENTED_EDGE('',*,*,#15620,.T.);
#15986 = ORIENTED_EDGE('',*,*,#15940,.T.);
#15987 = ORIENTED_EDGE('',*,*,#15814,.F.);
#15988 = ADVANCED_FACE('',(#15989),#15609,.T.);
#15989 = FACE_BOUND('',#15990,.T.);
#15990 = EDGE_LOOP('',(#15991,#15992,#15993,#15994));
#15991 = ORIENTED_EDGE('',*,*,#15891,.F.);
#15992 = ORIENTED_EDGE('',*,*,#15594,.T.);
#15993 = ORIENTED_EDGE('',*,*,#15965,.T.);
#15994 = ORIENTED_EDGE('',*,*,#15793,.F.);
#15995 = MANIFOLD_SOLID_BREP('',#15996);
#15996 = CLOSED_SHELL('',(#15997,#16085,#16120,#16155,#16292,#16347,
    #16434,#16487,#16535,#16570,#16703,#16808,#16909,#16937,#16992,
    #17025,#17051,#17078,#17105,#17155,#17181,#17185,#17246));
#15997 = ADVANCED_FACE('',(#15998),#16011,.T.);
#15998 = FACE_BOUND('',#15999,.T.);
#15999 = EDGE_LOOP('',(#16000,#16034,#16057,#16084));
#16000 = ORIENTED_EDGE('',*,*,#16001,.F.);
#16001 = EDGE_CURVE('',#16002,#16002,#16004,.T.);
#16002 = VERTEX_POINT('',#16003);
#16003 = CARTESIAN_POINT('',(-215.,-200.,790.));
#16004 = SURFACE_CURVE('',#16005,(#16010,#16022),.PCURVE_S1.);
#16005 = CIRCLE('',#16006,85.);
#16006 = AXIS2_PLACEMENT_3D('',#16007,#16008,#16009);
#16007 = CARTESIAN_POINT('',(-300.,-200.,790.));
#16008 = DIRECTION('',(0.,0.,1.));
#16009 = DIRECTION('',(1.,0.,-0.));
#16010 = PCURVE('',#16011,#16016);
#16011 = CYLINDRICAL_SURFACE('',#16012,85.);
#16012 = AXIS2_PLACEMENT_3D('',#16013,#16014,#16015);
#16013 = CARTESIAN_POINT('',(-300.,-200.,720.));
#16014 = DIRECTION('',(0.,0.,1.));
#16015 = DIRECTION('',(1.,0.,-0.));
#16016 = DEFINITIONAL_REPRESENTATION('',(#16017),#16021);
#16017 = LINE('',#16018,#16019);
#16018 = CARTESIAN_POINT('',(0.,70.));
#16019 = VECTOR('',#16020,1.);
#16020 = DIRECTION('',(1.,0.));
#16021 = ( GEOMETRIC_REPRESENTATION_CONTEXT(2) 
PARAMETRIC_REPRESENTATION_CONTEXT() REPRESENTATION_CONTEXT('2D SPACE',''
  ) );
#16022 = PCURVE('',#16023,#16028);
#16023 = PLANE('',#16024);
#16024 = AXIS2_PLACEMENT_3D('',#16025,#16026,#16027);
#16025 = CARTESIAN_POINT('',(-300.,-200.,790.));
#16026 = DIRECTION('',(0.,0.,1.));
#16027 = DIRECTION('',(1.,0.,-0.));
#16028 = DEFINITIONAL_REPRESENTATION('',(#16029),#16033);
#16029 = CIRCLE('',#16030,85.);
#16030 = AXIS2_PLACEMENT_2D('',#16031,#16032);
#16031 = CARTESIAN_POINT('',(0.,0.));
#16032 = DIRECTION('',(1.,0.));
#16033 = ( GEOMETRIC_REPRESENTATION_CONTEXT(2) 
PARAMETRIC_REPRESENTATION_CONTEXT() REPRESENTATION_CONTEXT('2D SPACE',''
  ) );
#16034 = ORIENTED_EDGE('',*,*,#16035,.F.);
#16035 = EDGE_CURVE('',#16036,#16002,#16038,.T.);
#16036 = VERTEX_POINT('',#16037);
#16037 = CARTESIAN_POINT('',(-215.,-200.,720.));
#16038 = SEAM_CURVE('',#16039,(#16043,#16050),.PCURVE_S1.);
#16039 = LINE('',#16040,#16041);
#16040 = CARTESIAN_POINT('',(-215.,-200.,720.));
#16041 = VECTOR('',#16042,1.);
#16042 = DIRECTION('',(0.,0.,1.));
#16043 = PCURVE('',#16011,#16044);
#16044 = DEFINITIONAL_REPRESENTATION('',(#16045),#16049);
#16045 = LINE('',#16046,#16047);
#16046 = CARTESIAN_POINT('',(6.28318530718,-0.));
#16047 = VECTOR('',#16048,1.);
#16048 = DIRECTION('',(0.,1.));
#16049 = ( GEOMETRIC_REPRESENTATION_CONTEXT(2) 
PARAMETRIC_REPRESENTATION_CONTEXT() REPRESENTATION_CONTEXT('2D SPACE',''
  ) );
#16050 = PCURVE('',#16011,#16051);
#16051 = DEFINITIONAL_REPRESENTATION('',(#16052),#16056);
#16052 = LINE('',#16053,#16054);
#16053 = CARTESIAN_POINT('',(0.,-0.));
#16054 = VECTOR('',#16055,1.);
#16055 = DIRECTION('',(0.,1.));
#16056 = ( GEOMETRIC_REPRESENTATION_CONTEXT(2) 
PARAMETRIC_REPRESENTATION_CONTEXT() REPRESENTATION_CONTEXT('2D SPACE',''
  ) );
#16057 = ORIENTED_EDGE('',*,*,#16058,.T.);
#16058 = EDGE_CURVE('',#16036,#16036,#16059,.T.);
#16059 = SURFACE_CURVE('',#16060,(#16065,#16072),.PCURVE_S1.);
#16060 = CIRCLE('',#16061,85.);
#16061 = AXIS2_PLACEMENT_3D('',#16062,#16063,#16064);
#16062 = CARTESIAN_POINT('',(-300.,-200.,720.));
#16063 = DIRECTION('',(0.,0.,1.));
#16064 = DIRECTION('',(1.,0.,-0.));
#16065 = PCURVE('',#16011,#16066);
#16066 = DEFINITIONAL_REPRESENTATION('',(#16067),#16071);
#16067 = LINE('',#16068,#16069);
#16068 = CARTESIAN_POINT('',(0.,0.));
#16069 = VECTOR('',#16070,1.);
#16070 = DIRECTION('',(1.,0.));
#16071 = ( GEOMETRIC_REPRESENTATION_CONTEXT(2) 
PARAMETRIC_REPRESENTATION_CONTEXT() REPRESENTATION_CONTEXT('2D SPACE',''
  ) );
#16072 = PCURVE('',#16073,#16078);
#16073 = PLANE('',#16074);
#16074 = AXIS2_PLACEMENT_3D('',#16075,#16076,#16077);
#16075 = CARTESIAN_POINT('',(-300.,-200.,720.));
#16076 = DIRECTION('',(0.,0.,1.));
#16077 = DIRECTION('',(1.,0.,-0.));
#16078 = DEFINITIONAL_REPRESENTATION('',(#16079),#16083);
#16079 = CIRCLE('',#16080,85.);
#16080 = AXIS2_PLACEMENT_2D('',#16081,#16082);
#16081 = CARTESIAN_POINT('',(0.,0.));
#16082 = DIRECTION('',(1.,0.));
#16083 = ( GEOMETRIC_REPRESENTATION_CONTEXT(2) 
PARAMETRIC_REPRESENTATION_CONTEXT() REPRESENTATION_CONTEXT('2D SPACE',''
  ) );
#16084 = ORIENTED_EDGE('',*,*,#16035,.T.);
#16085 = ADVANCED_FACE('',(#16086,#16089),#16023,.T.);
#16086 = FACE_BOUND('',#16087,.T.);
#16087 = EDGE_LOOP('',(#16088));
#16088 = ORIENTED_EDGE('',*,*,#16001,.T.);
#16089 = FACE_BOUND('',#16090,.T.);
#16090 = EDGE_LOOP('',(#16091));
#16091 = ORIENTED_EDGE('',*,*,#16092,.F.);
#16092 = EDGE_CURVE('',#16093,#16093,#16095,.T.);
#16093 = VERTEX_POINT('',#16094);
#16094 = CARTESIAN_POINT('',(-288.,-200.,790.));
#16095 = SURFACE_CURVE('',#16096,(#16101,#16108),.PCURVE_S1.);
#16096 = CIRCLE('',#16097,12.);
#16097 = AXIS2_PLACEMENT_3D('',#16098,#16099,#16100);
#16098 = CARTESIAN_POINT('',(-300.,-200.,790.));
#16099 = DIRECTION('',(0.,0.,1.));
#16100 = DIRECTION('',(1.,0.,-0.));
#16101 = PCURVE('',#16023,#16102);
#16102 = DEFINITIONAL_REPRESENTATION('',(#16103),#16107);
#16103 = CIRCLE('',#16104,12.);
#16104 = AXIS2_PLACEMENT_2D('',#16105,#16106);
#16105 = CARTESIAN_POINT('',(0.,0.));
#16106 = DIRECTION('',(1.,0.));
#16107 = ( GEOMETRIC_REPRESENTATION_CONTEXT(2) 
PARAMETRIC_REPRESENTATION_CONTEXT() REPRESENTATION_CONTEXT('2D SPACE',''
  ) );
#16108 = PCURVE('',#16109,#16114);
#16109 = CYLINDRICAL_SURFACE('',#16110,12.);
#16110 = AXIS2_PLACEMENT_3D('',#16111,#16112,#16113);
#16111 = CARTESIAN_POINT('',(-300.,-200.,790.));
#16112 = DIRECTION('',(0.,0.,1.));
#16113 = DIRECTION('',(1.,0.,-0.));
#16114 = DEFINITIONAL_REPRESENTATION('',(#16115),#16119);
#16115 = LINE('',#16116,#16117);
#16116 = CARTESIAN_POINT('',(0.,0.));
#16117 = VECTOR('',#16118,1.);
#16118 = DIRECTION('',(1.,0.));
#16119 = ( GEOMETRIC_REPRESENTATION_CONTEXT(2) 
PARAMETRIC_REPRESENTATION_CONTEXT() REPRESENTATION_CONTEXT('2D SPACE',''
  ) );
#16120 = ADVANCED_FACE('',(#16121,#16124),#16073,.F.);
#16121 = FACE_BOUND('',#16122,.F.);
#16122 = EDGE_LOOP('',(#16123));
#16123 = ORIENTED_EDGE('',*,*,#16058,.T.);
#16124 = FACE_BOUND('',#16125,.F.);
#16125 = EDGE_LOOP('',(#16126));
#16126 = ORIENTED_EDGE('',*,*,#16127,.F.);
#16127 = EDGE_CURVE('',#16128,#16128,#16130,.T.);
#16128 = VERTEX_POINT('',#16129);
#16129 = CARTESIAN_POINT('',(-255.,-200.,720.));
#16130 = SURFACE_CURVE('',#16131,(#16136,#16143),.PCURVE_S1.);
#16131 = CIRCLE('',#16132,45.);
#16132 = AXIS2_PLACEMENT_3D('',#16133,#16134,#16135);
#16133 = CARTESIAN_POINT('',(-300.,-200.,720.));
#16134 = DIRECTION('',(0.,0.,1.));
#16135 = DIRECTION('',(1.,0.,-0.));
#16136 = PCURVE('',#16073,#16137);
#16137 = DEFINITIONAL_REPRESENTATION('',(#16138),#16142);
#16138 = CIRCLE('',#16139,45.);
#16139 = AXIS2_PLACEMENT_2D('',#16140,#16141);
#16140 = CARTESIAN_POINT('',(0.,0.));
#16141 = DIRECTION('',(1.,0.));
#16142 = ( GEOMETRIC_REPRESENTATION_CONTEXT(2) 
PARAMETRIC_REPRESENTATION_CONTEXT() REPRESENTATION_CONTEXT('2D SPACE',''
  ) );
#16143 = PCURVE('',#16144,#16149);
#16144 = CYLINDRICAL_SURFACE('',#16145,45.);
#16145 = AXIS2_PLACEMENT_3D('',#16146,#16147,#16148);
#16146 = CARTESIAN_POINT('',(-300.,-200.,610.));
#16147 = DIRECTION('',(0.,0.,1.));
#16148 = DIRECTION('',(1.,0.,-0.));
#16149 = DEFINITIONAL_REPRESENTATION('',(#16150),#16154);
#16150 = LINE('',#16151,#16152);
#16151 = CARTESIAN_POINT('',(0.,110.));
#16152 = VECTOR('',#16153,1.);
#16153 = DIRECTION('',(1.,0.));
#16154 = ( GEOMETRIC_REPRESENTATION_CONTEXT(2) 
PARAMETRIC_REPRESENTATION_CONTEXT() REPRESENTATION_CONTEXT('2D SPACE',''
  ) );
#16155 = ADVANCED_FACE('',(#16156),#16109,.T.);
#16156 = FACE_BOUND('',#16157,.T.);
#16157 = EDGE_LOOP('',(#16158,#16181,#16210,#16239,#16268,#16290,#16291)
  );
#16158 = ORIENTED_EDGE('',*,*,#16159,.T.);
#16159 = EDGE_CURVE('',#16093,#16160,#16162,.T.);
#16160 = VERTEX_POINT('',#16161);
#16161 = CARTESIAN_POINT('',(-288.,-200.,810.));
#16162 = SEAM_CURVE('',#16163,(#16167,#16174),.PCURVE_S1.);
#16163 = LINE('',#16164,#16165);
#16164 = CARTESIAN_POINT('',(-288.,-200.,790.));
#16165 = VECTOR('',#16166,1.);
#16166 = DIRECTION('',(0.,0.,1.));
#16167 = PCURVE('',#16109,#16168);
#16168 = DEFINITIONAL_REPRESENTATION('',(#16169),#16173);
#16169 = LINE('',#16170,#16171);
#16170 = CARTESIAN_POINT('',(6.28318530718,-0.));
#16171 = VECTOR('',#16172,1.);
#16172 = DIRECTION('',(0.,1.));
#16173 = ( GEOMETRIC_REPRESENTATION_CONTEXT(2) 
PARAMETRIC_REPRESENTATION_CONTEXT() REPRESENTATION_CONTEXT('2D SPACE',''
  ) );
#16174 = PCURVE('',#16109,#16175);
#16175 = DEFINITIONAL_REPRESENTATION('',(#16176),#16180);
#16176 = LINE('',#16177,#16178);
#16177 = CARTESIAN_POINT('',(0.,-0.));
#16178 = VECTOR('',#16179,1.);
#16179 = DIRECTION('',(0.,1.));
#16180 = ( GEOMETRIC_REPRESENTATION_CONTEXT(2) 
PARAMETRIC_REPRESENTATION_CONTEXT() REPRESENTATION_CONTEXT('2D SPACE',''
  ) );
#16181 = ORIENTED_EDGE('',*,*,#16182,.F.);
#16182 = EDGE_CURVE('',#16183,#16160,#16185,.T.);
#16183 = VERTEX_POINT('',#16184);
#16184 = CARTESIAN_POINT('',(-300.,-212.,810.));
#16185 = SURFACE_CURVE('',#16186,(#16191,#16198),.PCURVE_S1.);
#16186 = CIRCLE('',#16187,12.);
#16187 = AXIS2_PLACEMENT_3D('',#16188,#16189,#16190);
#16188 = CARTESIAN_POINT('',(-300.,-200.,810.));
#16189 = DIRECTION('',(0.,0.,1.));
#16190 = DIRECTION('',(1.,0.,-0.));
#16191 = PCURVE('',#16109,#16192);
#16192 = DEFINITIONAL_REPRESENTATION('',(#16193),#16197);
#16193 = LINE('',#16194,#16195);
#16194 = CARTESIAN_POINT('',(0.,20.));
#16195 = VECTOR('',#16196,1.);
#16196 = DIRECTION('',(1.,0.));
#16197 = ( GEOMETRIC_REPRESENTATION_CONTEXT(2) 
PARAMETRIC_REPRESENTATION_CONTEXT() REPRESENTATION_CONTEXT('2D SPACE',''
  ) );
#16198 = PCURVE('',#16199,#16204);
#16199 = PLANE('',#16200);
#16200 = AXIS2_PLACEMENT_3D('',#16201,#16202,#16203);
#16201 = CARTESIAN_POINT('',(-312.,-212.,810.));
#16202 = DIRECTION('',(0.,0.,1.));
#16203 = DIRECTION('',(1.,0.,-0.));
#16204 = DEFINITIONAL_REPRESENTATION('',(#16205),#16209);
#16205 = CIRCLE('',#16206,12.);
#16206 = AXIS2_PLACEMENT_2D('',#16207,#16208);
#16207 = CARTESIAN_POINT('',(12.,12.));
#16208 = DIRECTION('',(1.,0.));
#16209 = ( GEOMETRIC_REPRESENTATION_CONTEXT(2) 
PARAMETRIC_REPRESENTATION_CONTEXT() REPRESENTATION_CONTEXT('2D SPACE',''
  ) );
#16210 = ORIENTED_EDGE('',*,*,#16211,.F.);
#16211 = EDGE_CURVE('',#16212,#16183,#16214,.T.);
#16212 = VERTEX_POINT('',#16213);
#16213 = CARTESIAN_POINT('',(-312.,-200.,810.));
#16214 = SURFACE_CURVE('',#16215,(#16220,#16227),.PCURVE_S1.);
#16215 = CIRCLE('',#16216,12.);
#16216 = AXIS2_PLACEMENT_3D('',#16217,#16218,#16219);
#16217 = CARTESIAN_POINT('',(-300.,-200.,810.));
#16218 = DIRECTION('',(0.,0.,1.));
#16219 = DIRECTION('',(1.,0.,-0.));
#16220 = PCURVE('',#16109,#16221);
#16221 = DEFINITIONAL_REPRESENTATION('',(#16222),#16226);
#16222 = LINE('',#16223,#16224);
#16223 = CARTESIAN_POINT('',(0.,20.));
#16224 = VECTOR('',#16225,1.);
#16225 = DIRECTION('',(1.,0.));
#16226 = ( GEOMETRIC_REPRESENTATION_CONTEXT(2) 
PARAMETRIC_REPRESENTATION_CONTEXT() REPRESENTATION_CONTEXT('2D SPACE',''
  ) );
#16227 = PCURVE('',#16228,#16233);
#16228 = PLANE('',#16229);
#16229 = AXIS2_PLACEMENT_3D('',#16230,#16231,#16232);
#16230 = CARTESIAN_POINT('',(-312.,-212.,810.));
#16231 = DIRECTION('',(0.,0.,1.));
#16232 = DIRECTION('',(1.,0.,-0.));
#16233 = DEFINITIONAL_REPRESENTATION('',(#16234),#16238);
#16234 = CIRCLE('',#16235,12.);
#16235 = AXIS2_PLACEMENT_2D('',#16236,#16237);
#16236 = CARTESIAN_POINT('',(12.,12.));
#16237 = DIRECTION('',(1.,0.));
#16238 = ( GEOMETRIC_REPRESENTATION_CONTEXT(2) 
PARAMETRIC_REPRESENTATION_CONTEXT() REPRESENTATION_CONTEXT('2D SPACE',''
  ) );
#16239 = ORIENTED_EDGE('',*,*,#16240,.F.);
#16240 = EDGE_CURVE('',#16241,#16212,#16243,.T.);
#16241 = VERTEX_POINT('',#16242);
#16242 = CARTESIAN_POINT('',(-300.,-188.,810.));
#16243 = SURFACE_CURVE('',#16244,(#16249,#16256),.PCURVE_S1.);
#16244 = CIRCLE('',#16245,12.);
#16245 = AXIS2_PLACEMENT_3D('',#16246,#16247,#16248);
#16246 = CARTESIAN_POINT('',(-300.,-200.,810.));
#16247 = DIRECTION('',(0.,0.,1.));
#16248 = DIRECTION('',(1.,0.,-0.));
#16249 = PCURVE('',#16109,#16250);
#16250 = DEFINITIONAL_REPRESENTATION('',(#16251),#16255);
#16251 = LINE('',#16252,#16253);
#16252 = CARTESIAN_POINT('',(0.,20.));
#16253 = VECTOR('',#16254,1.);
#16254 = DIRECTION('',(1.,0.));
#16255 = ( GEOMETRIC_REPRESENTATION_CONTEXT(2) 
PARAMETRIC_REPRESENTATION_CONTEXT() REPRESENTATION_CONTEXT('2D SPACE',''
  ) );
#16256 = PCURVE('',#16257,#16262);
#16257 = PLANE('',#16258);
#16258 = AXIS2_PLACEMENT_3D('',#16259,#16260,#16261);
#16259 = CARTESIAN_POINT('',(-312.,-212.,810.));
#16260 = DIRECTION('',(0.,0.,1.));
#16261 = DIRECTION('',(1.,0.,-0.));
#16262 = DEFINITIONAL_REPRESENTATION('',(#16263),#16267);
#16263 = CIRCLE('',#16264,12.);
#16264 = AXIS2_PLACEMENT_2D('',#16265,#16266);
#16265 = CARTESIAN_POINT('',(12.,12.));
#16266 = DIRECTION('',(1.,0.));
#16267 = ( GEOMETRIC_REPRESENTATION_CONTEXT(2) 
PARAMETRIC_REPRESENTATION_CONTEXT() REPRESENTATION_CONTEXT('2D SPACE',''
  ) );
#16268 = ORIENTED_EDGE('',*,*,#16269,.F.);
#16269 = EDGE_CURVE('',#16160,#16241,#16270,.T.);
#16270 = SURFACE_CURVE('',#16271,(#16276,#16283),.PCURVE_S1.);
#16271 = CIRCLE('',#16272,12.);
#16272 = AXIS2_PLACEMENT_3D('',#16273,#16274,#16275);
#16273 = CARTESIAN_POINT('',(-300.,-200.,810.));
#16274 = DIRECTION('',(0.,0.,1.));
#16275 = DIRECTION('',(1.,0.,-0.));
#16276 = PCURVE('',#16109,#16277);
#16277 = DEFINITIONAL_REPRESENTATION('',(#16278),#16282);
#16278 = LINE('',#16279,#16280);
#16279 = CARTESIAN_POINT('',(0.,20.));
#16280 = VECTOR('',#16281,1.);
#16281 = DIRECTION('',(1.,0.));
#16282 = ( GEOMETRIC_REPRESENTATION_CONTEXT(2) 
PARAMETRIC_REPRESENTATION_CONTEXT() REPRESENTATION_CONTEXT('2D SPACE',''
  ) );
#16283 = PCURVE('',#16199,#16284);
#16284 = DEFINITIONAL_REPRESENTATION('',(#16285),#16289);
#16285 = CIRCLE('',#16286,12.);
#16286 = AXIS2_PLACEMENT_2D('',#16287,#16288);
#16287 = CARTESIAN_POINT('',(12.,12.));
#16288 = DIRECTION('',(1.,0.));
#16289 = ( GEOMETRIC_REPRESENTATION_CONTEXT(2) 
PARAMETRIC_REPRESENTATION_CONTEXT() REPRESENTATION_CONTEXT('2D SPACE',''
  ) );
#16290 = ORIENTED_EDGE('',*,*,#16159,.F.);
#16291 = ORIENTED_EDGE('',*,*,#16092,.T.);
#16292 = ADVANCED_FACE('',(#16293),#16144,.T.);
#16293 = FACE_BOUND('',#16294,.T.);
#16294 = EDGE_LOOP('',(#16295,#16296,#16319,#16346));
#16295 = ORIENTED_EDGE('',*,*,#16127,.F.);
#16296 = ORIENTED_EDGE('',*,*,#16297,.F.);
#16297 = EDGE_CURVE('',#16298,#16128,#16300,.T.);
#16298 = VERTEX_POINT('',#16299);
#16299 = CARTESIAN_POINT('',(-255.,-200.,610.));
#16300 = SEAM_CURVE('',#16301,(#16305,#16312),.PCURVE_S1.);
#16301 = LINE('',#16302,#16303);
#16302 = CARTESIAN_POINT('',(-255.,-200.,610.));
#16303 = VECTOR('',#16304,1.);
#16304 = DIRECTION('',(0.,0.,1.));
#16305 = PCURVE('',#16144,#16306);
#16306 = DEFINITIONAL_REPRESENTATION('',(#16307),#16311);
#16307 = LINE('',#16308,#16309);
#16308 = CARTESIAN_POINT('',(6.28318530718,-0.));
#16309 = VECTOR('',#16310,1.);
#16310 = DIRECTION('',(0.,1.));
#16311 = ( GEOMETRIC_REPRESENTATION_CONTEXT(2) 
PARAMETRIC_REPRESENTATION_CONTEXT() REPRESENTATION_CONTEXT('2D SPACE',''
  ) );
#16312 = PCURVE('',#16144,#16313);
#16313 = DEFINITIONAL_REPRESENTATION('',(#16314),#16318);
#16314 = LINE('',#16315,#16316);
#16315 = CARTESIAN_POINT('',(0.,-0.));
#16316 = VECTOR('',#16317,1.);
#16317 = DIRECTION('',(0.,1.));
#16318 = ( GEOMETRIC_REPRESENTATION_CONTEXT(2) 
PARAMETRIC_REPRESENTATION_CONTEXT() REPRESENTATION_CONTEXT('2D SPACE',''
  ) );
#16319 = ORIENTED_EDGE('',*,*,#16320,.T.);
#16320 = EDGE_CURVE('',#16298,#16298,#16321,.T.);
#16321 = SURFACE_CURVE('',#16322,(#16327,#16334),.PCURVE_S1.);
#16322 = CIRCLE('',#16323,45.);
#16323 = AXIS2_PLACEMENT_3D('',#16324,#16325,#16326);
#16324 = CARTESIAN_POINT('',(-300.,-200.,610.));
#16325 = DIRECTION('',(0.,0.,1.));
#16326 = DIRECTION('',(1.,0.,-0.));
#16327 = PCURVE('',#16144,#16328);
#16328 = DEFINITIONAL_REPRESENTATION('',(#16329),#16333);
#16329 = LINE('',#16330,#16331);
#16330 = CARTESIAN_POINT('',(0.,0.));
#16331 = VECTOR('',#16332,1.);
#16332 = DIRECTION('',(1.,0.));
#16333 = ( GEOMETRIC_REPRESENTATION_CONTEXT(2) 
PARAMETRIC_REPRESENTATION_CONTEXT() REPRESENTATION_CONTEXT('2D SPACE',''
  ) );
#16334 = PCURVE('',#16335,#16340);
#16335 = PLANE('',#16336);
#16336 = AXIS2_PLACEMENT_3D('',#16337,#16338,#16339);
#16337 = CARTESIAN_POINT('',(-300.,-200.,610.));
#16338 = DIRECTION('',(0.,0.,1.));
#16339 = DIRECTION('',(1.,0.,-0.));
#16340 = DEFINITIONAL_REPRESENTATION('',(#16341),#16345);
#16341 = CIRCLE('',#16342,45.);
#16342 = AXIS2_PLACEMENT_2D('',#16343,#16344);
#16343 = CARTESIAN_POINT('',(0.,0.));
#16344 = DIRECTION('',(1.,0.));
#16345 = ( GEOMETRIC_REPRESENTATION_CONTEXT(2) 
PARAMETRIC_REPRESENTATION_CONTEXT() REPRESENTATION_CONTEXT('2D SPACE',''
  ) );
#16346 = ORIENTED_EDGE('',*,*,#16297,.T.);
#16347 = ADVANCED_FACE('',(#16348),#16199,.F.);
#16348 = FACE_BOUND('',#16349,.F.);
#16349 = EDGE_LOOP('',(#16350,#16351,#16379,#16407,#16433));
#16350 = ORIENTED_EDGE('',*,*,#16182,.F.);
#16351 = ORIENTED_EDGE('',*,*,#16352,.T.);
#16352 = EDGE_CURVE('',#16183,#16353,#16355,.T.);
#16353 = VERTEX_POINT('',#16354);
#16354 = CARTESIAN_POINT('',(-50.,-212.,810.));
#16355 = SURFACE_CURVE('',#16356,(#16360,#16367),.PCURVE_S1.);
#16356 = LINE('',#16357,#16358);
#16357 = CARTESIAN_POINT('',(-312.,-212.,810.));
#16358 = VECTOR('',#16359,1.);
#16359 = DIRECTION('',(1.,0.,-0.));
#16360 = PCURVE('',#16199,#16361);
#16361 = DEFINITIONAL_REPRESENTATION('',(#16362),#16366);
#16362 = LINE('',#16363,#16364);
#16363 = CARTESIAN_POINT('',(0.,0.));
#16364 = VECTOR('',#16365,1.);
#16365 = DIRECTION('',(1.,0.));
#16366 = ( GEOMETRIC_REPRESENTATION_CONTEXT(2) 
PARAMETRIC_REPRESENTATION_CONTEXT() REPRESENTATION_CONTEXT('2D SPACE',''
  ) );
#16367 = PCURVE('',#16368,#16373);
#16368 = PLANE('',#16369);
#16369 = AXIS2_PLACEMENT_3D('',#16370,#16371,#16372);
#16370 = CARTESIAN_POINT('',(-312.,-212.,810.));
#16371 = DIRECTION('',(-0.,1.,0.));
#16372 = DIRECTION('',(0.,0.,1.));
#16373 = DEFINITIONAL_REPRESENTATION('',(#16374),#16378);
#16374 = LINE('',#16375,#16376);
#16375 = CARTESIAN_POINT('',(0.,0.));
#16376 = VECTOR('',#16377,1.);
#16377 = DIRECTION('',(0.,1.));
#16378 = ( GEOMETRIC_REPRESENTATION_CONTEXT(2) 
PARAMETRIC_REPRESENTATION_CONTEXT() REPRESENTATION_CONTEXT('2D SPACE',''
  ) );
#16379 = ORIENTED_EDGE('',*,*,#16380,.T.);
#16380 = EDGE_CURVE('',#16353,#16381,#16383,.T.);
#16381 = VERTEX_POINT('',#16382);
#16382 = CARTESIAN_POINT('',(-50.,-188.,810.));
#16383 = SURFACE_CURVE('',#16384,(#16388,#16395),.PCURVE_S1.);
#16384 = LINE('',#16385,#16386);
#16385 = CARTESIAN_POINT('',(-50.,-212.,810.));
#16386 = VECTOR('',#16387,1.);
#16387 = DIRECTION('',(-0.,1.,0.));
#16388 = PCURVE('',#16199,#16389);
#16389 = DEFINITIONAL_REPRESENTATION('',(#16390),#16394);
#16390 = LINE('',#16391,#16392);
#16391 = CARTESIAN_POINT('',(262.,0.));
#16392 = VECTOR('',#16393,1.);
#16393 = DIRECTION('',(0.,1.));
#16394 = ( GEOMETRIC_REPRESENTATION_CONTEXT(2) 
PARAMETRIC_REPRESENTATION_CONTEXT() REPRESENTATION_CONTEXT('2D SPACE',''
  ) );
#16395 = PCURVE('',#16396,#16401);
#16396 = PLANE('',#16397);
#16397 = AXIS2_PLACEMENT_3D('',#16398,#16399,#16400);
#16398 = CARTESIAN_POINT('',(-50.,-212.,810.));
#16399 = DIRECTION('',(1.,0.,-0.));
#16400 = DIRECTION('',(0.,0.,1.));
#16401 = DEFINITIONAL_REPRESENTATION('',(#16402),#16406);
#16402 = LINE('',#16403,#16404);
#16403 = CARTESIAN_POINT('',(0.,0.));
#16404 = VECTOR('',#16405,1.);
#16405 = DIRECTION('',(0.,-1.));
#16406 = ( GEOMETRIC_REPRESENTATION_CONTEXT(2) 
PARAMETRIC_REPRESENTATION_CONTEXT() REPRESENTATION_CONTEXT('2D SPACE',''
  ) );
#16407 = ORIENTED_EDGE('',*,*,#16408,.F.);
#16408 = EDGE_CURVE('',#16241,#16381,#16409,.T.);
#16409 = SURFACE_CURVE('',#16410,(#16414,#16421),.PCURVE_S1.);
#16410 = LINE('',#16411,#16412);
#16411 = CARTESIAN_POINT('',(-312.,-188.,810.));
#16412 = VECTOR('',#16413,1.);
#16413 = DIRECTION('',(1.,0.,-0.));
#16414 = PCURVE('',#16199,#16415);
#16415 = DEFINITIONAL_REPRESENTATION('',(#16416),#16420);
#16416 = LINE('',#16417,#16418);
#16417 = CARTESIAN_POINT('',(0.,24.));
#16418 = VECTOR('',#16419,1.);
#16419 = DIRECTION('',(1.,0.));
#16420 = ( GEOMETRIC_REPRESENTATION_CONTEXT(2) 
PARAMETRIC_REPRESENTATION_CONTEXT() REPRESENTATION_CONTEXT('2D SPACE',''
  ) );
#16421 = PCURVE('',#16422,#16427);
#16422 = PLANE('',#16423);
#16423 = AXIS2_PLACEMENT_3D('',#16424,#16425,#16426);
#16424 = CARTESIAN_POINT('',(-312.,-188.,810.));
#16425 = DIRECTION('',(-0.,1.,0.));
#16426 = DIRECTION('',(0.,0.,1.));
#16427 = DEFINITIONAL_REPRESENTATION('',(#16428),#16432);
#16428 = LINE('',#16429,#16430);
#16429 = CARTESIAN_POINT('',(0.,0.));
#16430 = VECTOR('',#16431,1.);
#16431 = DIRECTION('',(0.,1.));
#16432 = ( GEOMETRIC_REPRESENTATION_CONTEXT(2) 
PARAMETRIC_REPRESENTATION_CONTEXT() REPRESENTATION_CONTEXT('2D SPACE',''
  ) );
#16433 = ORIENTED_EDGE('',*,*,#16269,.F.);
#16434 = ADVANCED_FACE('',(#16435),#16257,.F.);
#16435 = FACE_BOUND('',#16436,.F.);
#16436 = EDGE_LOOP('',(#16437,#16465,#16466));
#16437 = ORIENTED_EDGE('',*,*,#16438,.F.);
#16438 = EDGE_CURVE('',#16212,#16439,#16441,.T.);
#16439 = VERTEX_POINT('',#16440);
#16440 = CARTESIAN_POINT('',(-312.,-188.,810.));
#16441 = SURFACE_CURVE('',#16442,(#16446,#16453),.PCURVE_S1.);
#16442 = LINE('',#16443,#16444);
#16443 = CARTESIAN_POINT('',(-312.,-212.,810.));
#16444 = VECTOR('',#16445,1.);
#16445 = DIRECTION('',(-0.,1.,0.));
#16446 = PCURVE('',#16257,#16447);
#16447 = DEFINITIONAL_REPRESENTATION('',(#16448),#16452);
#16448 = LINE('',#16449,#16450);
#16449 = CARTESIAN_POINT('',(0.,0.));
#16450 = VECTOR('',#16451,1.);
#16451 = DIRECTION('',(0.,1.));
#16452 = ( GEOMETRIC_REPRESENTATION_CONTEXT(2) 
PARAMETRIC_REPRESENTATION_CONTEXT() REPRESENTATION_CONTEXT('2D SPACE',''
  ) );
#16453 = PCURVE('',#16454,#16459);
#16454 = PLANE('',#16455);
#16455 = AXIS2_PLACEMENT_3D('',#16456,#16457,#16458);
#16456 = CARTESIAN_POINT('',(-312.,-212.,810.));
#16457 = DIRECTION('',(1.,0.,-0.));
#16458 = DIRECTION('',(0.,0.,1.));
#16459 = DEFINITIONAL_REPRESENTATION('',(#16460),#16464);
#16460 = LINE('',#16461,#16462);
#16461 = CARTESIAN_POINT('',(0.,0.));
#16462 = VECTOR('',#16463,1.);
#16463 = DIRECTION('',(0.,-1.));
#16464 = ( GEOMETRIC_REPRESENTATION_CONTEXT(2) 
PARAMETRIC_REPRESENTATION_CONTEXT() REPRESENTATION_CONTEXT('2D SPACE',''
  ) );
#16465 = ORIENTED_EDGE('',*,*,#16240,.F.);
#16466 = ORIENTED_EDGE('',*,*,#16467,.F.);
#16467 = EDGE_CURVE('',#16439,#16241,#16468,.T.);
#16468 = SURFACE_CURVE('',#16469,(#16473,#16480),.PCURVE_S1.);
#16469 = LINE('',#16470,#16471);
#16470 = CARTESIAN_POINT('',(-312.,-188.,810.));
#16471 = VECTOR('',#16472,1.);
#16472 = DIRECTION('',(1.,0.,-0.));
#16473 = PCURVE('',#16257,#16474);
#16474 = DEFINITIONAL_REPRESENTATION('',(#16475),#16479);
#16475 = LINE('',#16476,#16477);
#16476 = CARTESIAN_POINT('',(0.,24.));
#16477 = VECTOR('',#16478,1.);
#16478 = DIRECTION('',(1.,0.));
#16479 = ( GEOMETRIC_REPRESENTATION_CONTEXT(2) 
PARAMETRIC_REPRESENTATION_CONTEXT() REPRESENTATION_CONTEXT('2D SPACE',''
  ) );
#16480 = PCURVE('',#16422,#16481);
#16481 = DEFINITIONAL_REPRESENTATION('',(#16482),#16486);
#16482 = LINE('',#16483,#16484);
#16483 = CARTESIAN_POINT('',(0.,0.));
#16484 = VECTOR('',#16485,1.);
#16485 = DIRECTION('',(0.,1.));
#16486 = ( GEOMETRIC_REPRESENTATION_CONTEXT(2) 
PARAMETRIC_REPRESENTATION_CONTEXT() REPRESENTATION_CONTEXT('2D SPACE',''
  ) );
#16487 = ADVANCED_FACE('',(#16488),#16228,.F.);
#16488 = FACE_BOUND('',#16489,.F.);
#16489 = EDGE_LOOP('',(#16490,#16513,#16534));
#16490 = ORIENTED_EDGE('',*,*,#16491,.F.);
#16491 = EDGE_CURVE('',#16492,#16212,#16494,.T.);
#16492 = VERTEX_POINT('',#16493);
#16493 = CARTESIAN_POINT('',(-312.,-212.,810.));
#16494 = SURFACE_CURVE('',#16495,(#16499,#16506),.PCURVE_S1.);
#16495 = LINE('',#16496,#16497);
#16496 = CARTESIAN_POINT('',(-312.,-212.,810.));
#16497 = VECTOR('',#16498,1.);
#16498 = DIRECTION('',(-0.,1.,0.));
#16499 = PCURVE('',#16228,#16500);
#16500 = DEFINITIONAL_REPRESENTATION('',(#16501),#16505);
#16501 = LINE('',#16502,#16503);
#16502 = CARTESIAN_POINT('',(0.,0.));
#16503 = VECTOR('',#16504,1.);
#16504 = DIRECTION('',(0.,1.));
#16505 = ( GEOMETRIC_REPRESENTATION_CONTEXT(2) 
PARAMETRIC_REPRESENTATION_CONTEXT() REPRESENTATION_CONTEXT('2D SPACE',''
  ) );
#16506 = PCURVE('',#16454,#16507);
#16507 = DEFINITIONAL_REPRESENTATION('',(#16508),#16512);
#16508 = LINE('',#16509,#16510);
#16509 = CARTESIAN_POINT('',(0.,0.));
#16510 = VECTOR('',#16511,1.);
#16511 = DIRECTION('',(0.,-1.));
#16512 = ( GEOMETRIC_REPRESENTATION_CONTEXT(2) 
PARAMETRIC_REPRESENTATION_CONTEXT() REPRESENTATION_CONTEXT('2D SPACE',''
  ) );
#16513 = ORIENTED_EDGE('',*,*,#16514,.T.);
#16514 = EDGE_CURVE('',#16492,#16183,#16515,.T.);
#16515 = SURFACE_CURVE('',#16516,(#16520,#16527),.PCURVE_S1.);
#16516 = LINE('',#16517,#16518);
#16517 = CARTESIAN_POINT('',(-312.,-212.,810.));
#16518 = VECTOR('',#16519,1.);
#16519 = DIRECTION('',(1.,0.,-0.));
#16520 = PCURVE('',#16228,#16521);
#16521 = DEFINITIONAL_REPRESENTATION('',(#16522),#16526);
#16522 = LINE('',#16523,#16524);
#16523 = CARTESIAN_POINT('',(0.,0.));
#16524 = VECTOR('',#16525,1.);
#16525 = DIRECTION('',(1.,0.));
#16526 = ( GEOMETRIC_REPRESENTATION_CONTEXT(2) 
PARAMETRIC_REPRESENTATION_CONTEXT() REPRESENTATION_CONTEXT('2D SPACE',''
  ) );
#16527 = PCURVE('',#16368,#16528);
#16528 = DEFINITIONAL_REPRESENTATION('',(#16529),#16533);
#16529 = LINE('',#16530,#16531);
#16530 = CARTESIAN_POINT('',(0.,0.));
#16531 = VECTOR('',#16532,1.);
#16532 = DIRECTION('',(0.,1.));
#16533 = ( GEOMETRIC_REPRESENTATION_CONTEXT(2) 
PARAMETRIC_REPRESENTATION_CONTEXT() REPRESENTATION_CONTEXT('2D SPACE',''
  ) );
#16534 = ORIENTED_EDGE('',*,*,#16211,.F.);
#16535 = ADVANCED_FACE('',(#16536,#16567),#16335,.T.);
#16536 = FACE_BOUND('',#16537,.T.);
#16537 = EDGE_LOOP('',(#16538));
#16538 = ORIENTED_EDGE('',*,*,#16539,.T.);
#16539 = EDGE_CURVE('',#16540,#16540,#16542,.T.);
#16540 = VERTEX_POINT('',#16541);
#16541 = CARTESIAN_POINT('',(-200.,-200.,610.));
#16542 = SURFACE_CURVE('',#16543,(#16548,#16555),.PCURVE_S1.);
#16543 = CIRCLE('',#16544,100.);
#16544 = AXIS2_PLACEMENT_3D('',#16545,#16546,#16547);
#16545 = CARTESIAN_POINT('',(-300.,-200.,610.));
#16546 = DIRECTION('',(0.,0.,1.));
#16547 = DIRECTION('',(1.,0.,-0.));
#16548 = PCURVE('',#16335,#16549);
#16549 = DEFINITIONAL_REPRESENTATION('',(#16550),#16554);
#16550 = CIRCLE('',#16551,100.);
#16551 = AXIS2_PLACEMENT_2D('',#16552,#16553);
#16552 = CARTESIAN_POINT('',(0.,0.));
#16553 = DIRECTION('',(1.,0.));
#16554 = ( GEOMETRIC_REPRESENTATION_CONTEXT(2) 
PARAMETRIC_REPRESENTATION_CONTEXT() REPRESENTATION_CONTEXT('2D SPACE',''
  ) );
#16555 = PCURVE('',#16556,#16561);
#16556 = CYLINDRICAL_SURFACE('',#16557,100.);
#16557 = AXIS2_PLACEMENT_3D('',#16558,#16559,#16560);
#16558 = CARTESIAN_POINT('',(-300.,-200.,570.));
#16559 = DIRECTION('',(0.,0.,1.));
#16560 = DIRECTION('',(1.,0.,-0.));
#16561 = DEFINITIONAL_REPRESENTATION('',(#16562),#16566);
#16562 = LINE('',#16563,#16564);
#16563 = CARTESIAN_POINT('',(0.,40.));
#16564 = VECTOR('',#16565,1.);
#16565 = DIRECTION('',(1.,0.));
#16566 = ( GEOMETRIC_REPRESENTATION_CONTEXT(2) 
PARAMETRIC_REPRESENTATION_CONTEXT() REPRESENTATION_CONTEXT('2D SPACE',''
  ) );
#16567 = FACE_BOUND('',#16568,.T.);
#16568 = EDGE_LOOP('',(#16569));
#16569 = ORIENTED_EDGE('',*,*,#16320,.F.);
#16570 = ADVANCED_FACE('',(#16571),#16422,.T.);
#16571 = FACE_BOUND('',#16572,.T.);
#16572 = EDGE_LOOP('',(#16573,#16574,#16597,#16625,#16653,#16681,#16702)
  );
#16573 = ORIENTED_EDGE('',*,*,#16467,.F.);
#16574 = ORIENTED_EDGE('',*,*,#16575,.T.);
#16575 = EDGE_CURVE('',#16439,#16576,#16578,.T.);
#16576 = VERTEX_POINT('',#16577);
#16577 = CARTESIAN_POINT('',(-312.,-188.,824.));
#16578 = SURFACE_CURVE('',#16579,(#16583,#16590),.PCURVE_S1.);
#16579 = LINE('',#16580,#16581);
#16580 = CARTESIAN_POINT('',(-312.,-188.,810.));
#16581 = VECTOR('',#16582,1.);
#16582 = DIRECTION('',(0.,0.,1.));
#16583 = PCURVE('',#16422,#16584);
#16584 = DEFINITIONAL_REPRESENTATION('',(#16585),#16589);
#16585 = LINE('',#16586,#16587);
#16586 = CARTESIAN_POINT('',(0.,0.));
#16587 = VECTOR('',#16588,1.);
#16588 = DIRECTION('',(1.,0.));
#16589 = ( GEOMETRIC_REPRESENTATION_CONTEXT(2) 
PARAMETRIC_REPRESENTATION_CONTEXT() REPRESENTATION_CONTEXT('2D SPACE',''
  ) );
#16590 = PCURVE('',#16454,#16591);
#16591 = DEFINITIONAL_REPRESENTATION('',(#16592),#16596);
#16592 = LINE('',#16593,#16594);
#16593 = CARTESIAN_POINT('',(0.,-24.));
#16594 = VECTOR('',#16595,1.);
#16595 = DIRECTION('',(1.,0.));
#16596 = ( GEOMETRIC_REPRESENTATION_CONTEXT(2) 
PARAMETRIC_REPRESENTATION_CONTEXT() REPRESENTATION_CONTEXT('2D SPACE',''
  ) );
#16597 = ORIENTED_EDGE('',*,*,#16598,.T.);
#16598 = EDGE_CURVE('',#16576,#16599,#16601,.T.);
#16599 = VERTEX_POINT('',#16600);
#16600 = CARTESIAN_POINT('',(-75.58300524425,-188.,824.));
#16601 = SURFACE_CURVE('',#16602,(#16606,#16613),.PCURVE_S1.);
#16602 = LINE('',#16603,#16604);
#16603 = CARTESIAN_POINT('',(-312.,-188.,824.));
#16604 = VECTOR('',#16605,1.);
#16605 = DIRECTION('',(1.,0.,-0.));
#16606 = PCURVE('',#16422,#16607);
#16607 = DEFINITIONAL_REPRESENTATION('',(#16608),#16612);
#16608 = LINE('',#16609,#16610);
#16609 = CARTESIAN_POINT('',(14.,0.));
#16610 = VECTOR('',#16611,1.);
#16611 = DIRECTION('',(0.,1.));
#16612 = ( GEOMETRIC_REPRESENTATION_CONTEXT(2) 
PARAMETRIC_REPRESENTATION_CONTEXT() REPRESENTATION_CONTEXT('2D SPACE',''
  ) );
#16613 = PCURVE('',#16614,#16619);
#16614 = PLANE('',#16615);
#16615 = AXIS2_PLACEMENT_3D('',#16616,#16617,#16618);
#16616 = CARTESIAN_POINT('',(-312.,-212.,824.));
#16617 = DIRECTION('',(0.,0.,1.));
#16618 = DIRECTION('',(1.,0.,-0.));
#16619 = DEFINITIONAL_REPRESENTATION('',(#16620),#16624);
#16620 = LINE('',#16621,#16622);
#16621 = CARTESIAN_POINT('',(0.,24.));
#16622 = VECTOR('',#16623,1.);
#16623 = DIRECTION('',(1.,0.));
#16624 = ( GEOMETRIC_REPRESENTATION_CONTEXT(2) 
PARAMETRIC_REPRESENTATION_CONTEXT() REPRESENTATION_CONTEXT('2D SPACE',''
  ) );
#16625 = ORIENTED_EDGE('',*,*,#16626,.T.);
#16626 = EDGE_CURVE('',#16599,#16627,#16629,.T.);
#16627 = VERTEX_POINT('',#16628);
#16628 = CARTESIAN_POINT('',(-54.41699475574,-188.,824.));
#16629 = SURFACE_CURVE('',#16630,(#16634,#16641),.PCURVE_S1.);
#16630 = LINE('',#16631,#16632);
#16631 = CARTESIAN_POINT('',(-312.,-188.,824.));
#16632 = VECTOR('',#16633,1.);
#16633 = DIRECTION('',(1.,0.,-0.));
#16634 = PCURVE('',#16422,#16635);
#16635 = DEFINITIONAL_REPRESENTATION('',(#16636),#16640);
#16636 = LINE('',#16637,#16638);
#16637 = CARTESIAN_POINT('',(14.,0.));
#16638 = VECTOR('',#16639,1.);
#16639 = DIRECTION('',(0.,1.));
#16640 = ( GEOMETRIC_REPRESENTATION_CONTEXT(2) 
PARAMETRIC_REPRESENTATION_CONTEXT() REPRESENTATION_CONTEXT('2D SPACE',''
  ) );
#16641 = PCURVE('',#16642,#16647);
#16642 = PLANE('',#16643);
#16643 = AXIS2_PLACEMENT_3D('',#16644,#16645,#16646);
#16644 = CARTESIAN_POINT('',(-65.,-200.,824.));
#16645 = DIRECTION('',(0.,0.,1.));
#16646 = DIRECTION('',(1.,0.,-0.));
#16647 = DEFINITIONAL_REPRESENTATION('',(#16648),#16652);
#16648 = LINE('',#16649,#16650);
#16649 = CARTESIAN_POINT('',(-247.,12.));
#16650 = VECTOR('',#16651,1.);
#16651 = DIRECTION('',(1.,0.));
#16652 = ( GEOMETRIC_REPRESENTATION_CONTEXT(2) 
PARAMETRIC_REPRESENTATION_CONTEXT() REPRESENTATION_CONTEXT('2D SPACE',''
  ) );
#16653 = ORIENTED_EDGE('',*,*,#16654,.T.);
#16654 = EDGE_CURVE('',#16627,#16655,#16657,.T.);
#16655 = VERTEX_POINT('',#16656);
#16656 = CARTESIAN_POINT('',(-50.,-188.,824.));
#16657 = SURFACE_CURVE('',#16658,(#16662,#16669),.PCURVE_S1.);
#16658 = LINE('',#16659,#16660);
#16659 = CARTESIAN_POINT('',(-312.,-188.,824.));
#16660 = VECTOR('',#16661,1.);
#16661 = DIRECTION('',(1.,0.,-0.));
#16662 = PCURVE('',#16422,#16663);
#16663 = DEFINITIONAL_REPRESENTATION('',(#16664),#16668);
#16664 = LINE('',#16665,#16666);
#16665 = CARTESIAN_POINT('',(14.,0.));
#16666 = VECTOR('',#16667,1.);
#16667 = DIRECTION('',(0.,1.));
#16668 = ( GEOMETRIC_REPRESENTATION_CONTEXT(2) 
PARAMETRIC_REPRESENTATION_CONTEXT() REPRESENTATION_CONTEXT('2D SPACE',''
  ) );
#16669 = PCURVE('',#16670,#16675);
#16670 = PLANE('',#16671);
#16671 = AXIS2_PLACEMENT_3D('',#16672,#16673,#16674);
#16672 = CARTESIAN_POINT('',(-312.,-212.,824.));
#16673 = DIRECTION('',(0.,0.,1.));
#16674 = DIRECTION('',(1.,0.,-0.));
#16675 = DEFINITIONAL_REPRESENTATION('',(#16676),#16680);
#16676 = LINE('',#16677,#16678);
#16677 = CARTESIAN_POINT('',(0.,24.));
#16678 = VECTOR('',#16679,1.);
#16679 = DIRECTION('',(1.,0.));
#16680 = ( GEOMETRIC_REPRESENTATION_CONTEXT(2) 
PARAMETRIC_REPRESENTATION_CONTEXT() REPRESENTATION_CONTEXT('2D SPACE',''
  ) );
#16681 = ORIENTED_EDGE('',*,*,#16682,.F.);
#16682 = EDGE_CURVE('',#16381,#16655,#16683,.T.);
#16683 = SURFACE_CURVE('',#16684,(#16688,#16695),.PCURVE_S1.);
#16684 = LINE('',#16685,#16686);
#16685 = CARTESIAN_POINT('',(-50.,-188.,810.));
#16686 = VECTOR('',#16687,1.);
#16687 = DIRECTION('',(0.,0.,1.));
#16688 = PCURVE('',#16422,#16689);
#16689 = DEFINITIONAL_REPRESENTATION('',(#16690),#16694);
#16690 = LINE('',#16691,#16692);
#16691 = CARTESIAN_POINT('',(0.,262.));
#16692 = VECTOR('',#16693,1.);
#16693 = DIRECTION('',(1.,0.));
#16694 = ( GEOMETRIC_REPRESENTATION_CONTEXT(2) 
PARAMETRIC_REPRESENTATION_CONTEXT() REPRESENTATION_CONTEXT('2D SPACE',''
  ) );
#16695 = PCURVE('',#16396,#16696);
#16696 = DEFINITIONAL_REPRESENTATION('',(#16697),#16701);
#16697 = LINE('',#16698,#16699);
#16698 = CARTESIAN_POINT('',(0.,-24.));
#16699 = VECTOR('',#16700,1.);
#16700 = DIRECTION('',(1.,0.));
#16701 = ( GEOMETRIC_REPRESENTATION_CONTEXT(2) 
PARAMETRIC_REPRESENTATION_CONTEXT() REPRESENTATION_CONTEXT('2D SPACE',''
  ) );
#16702 = ORIENTED_EDGE('',*,*,#16408,.F.);
#16703 = ADVANCED_FACE('',(#16704),#16396,.T.);
#16704 = FACE_BOUND('',#16705,.T.);
#16705 = EDGE_LOOP('',(#16706,#16729,#16730,#16731,#16754,#16782));
#16706 = ORIENTED_EDGE('',*,*,#16707,.F.);
#16707 = EDGE_CURVE('',#16353,#16708,#16710,.T.);
#16708 = VERTEX_POINT('',#16709);
#16709 = CARTESIAN_POINT('',(-50.,-212.,824.));
#16710 = SURFACE_CURVE('',#16711,(#16715,#16722),.PCURVE_S1.);
#16711 = LINE('',#16712,#16713);
#16712 = CARTESIAN_POINT('',(-50.,-212.,810.));
#16713 = VECTOR('',#16714,1.);
#16714 = DIRECTION('',(0.,0.,1.));
#16715 = PCURVE('',#16396,#16716);
#16716 = DEFINITIONAL_REPRESENTATION('',(#16717),#16721);
#16717 = LINE('',#16718,#16719);
#16718 = CARTESIAN_POINT('',(0.,0.));
#16719 = VECTOR('',#16720,1.);
#16720 = DIRECTION('',(1.,0.));
#16721 = ( GEOMETRIC_REPRESENTATION_CONTEXT(2) 
PARAMETRIC_REPRESENTATION_CONTEXT() REPRESENTATION_CONTEXT('2D SPACE',''
  ) );
#16722 = PCURVE('',#16368,#16723);
#16723 = DEFINITIONAL_REPRESENTATION('',(#16724),#16728);
#16724 = LINE('',#16725,#16726);
#16725 = CARTESIAN_POINT('',(0.,262.));
#16726 = VECTOR('',#16727,1.);
#16727 = DIRECTION('',(1.,0.));
#16728 = ( GEOMETRIC_REPRESENTATION_CONTEXT(2) 
PARAMETRIC_REPRESENTATION_CONTEXT() REPRESENTATION_CONTEXT('2D SPACE',''
  ) );
#16729 = ORIENTED_EDGE('',*,*,#16380,.T.);
#16730 = ORIENTED_EDGE('',*,*,#16682,.T.);
#16731 = ORIENTED_EDGE('',*,*,#16732,.F.);
#16732 = EDGE_CURVE('',#16733,#16655,#16735,.T.);
#16733 = VERTEX_POINT('',#16734);
#16734 = CARTESIAN_POINT('',(-50.,-194.4322356371,824.));
#16735 = SURFACE_CURVE('',#16736,(#16740,#16747),.PCURVE_S1.);
#16736 = LINE('',#16737,#16738);
#16737 = CARTESIAN_POINT('',(-50.,-212.,824.));
#16738 = VECTOR('',#16739,1.);
#16739 = DIRECTION('',(-0.,1.,0.));
#16740 = PCURVE('',#16396,#16741);
#16741 = DEFINITIONAL_REPRESENTATION('',(#16742),#16746);
#16742 = LINE('',#16743,#16744);
#16743 = CARTESIAN_POINT('',(14.,0.));
#16744 = VECTOR('',#16745,1.);
#16745 = DIRECTION('',(0.,-1.));
#16746 = ( GEOMETRIC_REPRESENTATION_CONTEXT(2) 
PARAMETRIC_REPRESENTATION_CONTEXT() REPRESENTATION_CONTEXT('2D SPACE',''
  ) );
#16747 = PCURVE('',#16670,#16748);
#16748 = DEFINITIONAL_REPRESENTATION('',(#16749),#16753);
#16749 = LINE('',#16750,#16751);
#16750 = CARTESIAN_POINT('',(262.,0.));
#16751 = VECTOR('',#16752,1.);
#16752 = DIRECTION('',(0.,1.));
#16753 = ( GEOMETRIC_REPRESENTATION_CONTEXT(2) 
PARAMETRIC_REPRESENTATION_CONTEXT() REPRESENTATION_CONTEXT('2D SPACE',''
  ) );
#16754 = ORIENTED_EDGE('',*,*,#16755,.F.);
#16755 = EDGE_CURVE('',#16756,#16733,#16758,.T.);
#16756 = VERTEX_POINT('',#16757);
#16757 = CARTESIAN_POINT('',(-50.,-205.5677643628,824.));
#16758 = SURFACE_CURVE('',#16759,(#16763,#16770),.PCURVE_S1.);
#16759 = LINE('',#16760,#16761);
#16760 = CARTESIAN_POINT('',(-50.,-212.,824.));
#16761 = VECTOR('',#16762,1.);
#16762 = DIRECTION('',(-0.,1.,0.));
#16763 = PCURVE('',#16396,#16764);
#16764 = DEFINITIONAL_REPRESENTATION('',(#16765),#16769);
#16765 = LINE('',#16766,#16767);
#16766 = CARTESIAN_POINT('',(14.,0.));
#16767 = VECTOR('',#16768,1.);
#16768 = DIRECTION('',(0.,-1.));
#16769 = ( GEOMETRIC_REPRESENTATION_CONTEXT(2) 
PARAMETRIC_REPRESENTATION_CONTEXT() REPRESENTATION_CONTEXT('2D SPACE',''
  ) );
#16770 = PCURVE('',#16771,#16776);
#16771 = PLANE('',#16772);
#16772 = AXIS2_PLACEMENT_3D('',#16773,#16774,#16775);
#16773 = CARTESIAN_POINT('',(-65.,-200.,824.));
#16774 = DIRECTION('',(0.,0.,1.));
#16775 = DIRECTION('',(1.,0.,-0.));
#16776 = DEFINITIONAL_REPRESENTATION('',(#16777),#16781);
#16777 = LINE('',#16778,#16779);
#16778 = CARTESIAN_POINT('',(15.,-12.));
#16779 = VECTOR('',#16780,1.);
#16780 = DIRECTION('',(0.,1.));
#16781 = ( GEOMETRIC_REPRESENTATION_CONTEXT(2) 
PARAMETRIC_REPRESENTATION_CONTEXT() REPRESENTATION_CONTEXT('2D SPACE',''
  ) );
#16782 = ORIENTED_EDGE('',*,*,#16783,.F.);
#16783 = EDGE_CURVE('',#16708,#16756,#16784,.T.);
#16784 = SURFACE_CURVE('',#16785,(#16789,#16796),.PCURVE_S1.);
#16785 = LINE('',#16786,#16787);
#16786 = CARTESIAN_POINT('',(-50.,-212.,824.));
#16787 = VECTOR('',#16788,1.);
#16788 = DIRECTION('',(-0.,1.,0.));
#16789 = PCURVE('',#16396,#16790);
#16790 = DEFINITIONAL_REPRESENTATION('',(#16791),#16795);
#16791 = LINE('',#16792,#16793);
#16792 = CARTESIAN_POINT('',(14.,0.));
#16793 = VECTOR('',#16794,1.);
#16794 = DIRECTION('',(0.,-1.));
#16795 = ( GEOMETRIC_REPRESENTATION_CONTEXT(2) 
PARAMETRIC_REPRESENTATION_CONTEXT() REPRESENTATION_CONTEXT('2D SPACE',''
  ) );
#16796 = PCURVE('',#16797,#16802);
#16797 = PLANE('',#16798);
#16798 = AXIS2_PLACEMENT_3D('',#16799,#16800,#16801);
#16799 = CARTESIAN_POINT('',(-312.,-212.,824.));
#16800 = DIRECTION('',(0.,0.,1.));
#16801 = DIRECTION('',(1.,0.,-0.));
#16802 = DEFINITIONAL_REPRESENTATION('',(#16803),#16807);
#16803 = LINE('',#16804,#16805);
#16804 = CARTESIAN_POINT('',(262.,0.));
#16805 = VECTOR('',#16806,1.);
#16806 = DIRECTION('',(0.,1.));
#16807 = ( GEOMETRIC_REPRESENTATION_CONTEXT(2) 
PARAMETRIC_REPRESENTATION_CONTEXT() REPRESENTATION_CONTEXT('2D SPACE',''
  ) );
#16808 = ADVANCED_FACE('',(#16809),#16368,.F.);
#16809 = FACE_BOUND('',#16810,.F.);
#16810 = EDGE_LOOP('',(#16811,#16812,#16835,#16858,#16886,#16907,#16908)
  );
#16811 = ORIENTED_EDGE('',*,*,#16514,.F.);
#16812 = ORIENTED_EDGE('',*,*,#16813,.T.);
#16813 = EDGE_CURVE('',#16492,#16814,#16816,.T.);
#16814 = VERTEX_POINT('',#16815);
#16815 = CARTESIAN_POINT('',(-312.,-212.,824.));
#16816 = SURFACE_CURVE('',#16817,(#16821,#16828),.PCURVE_S1.);
#16817 = LINE('',#16818,#16819);
#16818 = CARTESIAN_POINT('',(-312.,-212.,810.));
#16819 = VECTOR('',#16820,1.);
#16820 = DIRECTION('',(0.,0.,1.));
#16821 = PCURVE('',#16368,#16822);
#16822 = DEFINITIONAL_REPRESENTATION('',(#16823),#16827);
#16823 = LINE('',#16824,#16825);
#16824 = CARTESIAN_POINT('',(0.,0.));
#16825 = VECTOR('',#16826,1.);
#16826 = DIRECTION('',(1.,0.));
#16827 = ( GEOMETRIC_REPRESENTATION_CONTEXT(2) 
PARAMETRIC_REPRESENTATION_CONTEXT() REPRESENTATION_CONTEXT('2D SPACE',''
  ) );
#16828 = PCURVE('',#16454,#16829);
#16829 = DEFINITIONAL_REPRESENTATION('',(#16830),#16834);
#16830 = LINE('',#16831,#16832);
#16831 = CARTESIAN_POINT('',(0.,0.));
#16832 = VECTOR('',#16833,1.);
#16833 = DIRECTION('',(1.,0.));
#16834 = ( GEOMETRIC_REPRESENTATION_CONTEXT(2) 
PARAMETRIC_REPRESENTATION_CONTEXT() REPRESENTATION_CONTEXT('2D SPACE',''
  ) );
#16835 = ORIENTED_EDGE('',*,*,#16836,.T.);
#16836 = EDGE_CURVE('',#16814,#16837,#16839,.T.);
#16837 = VERTEX_POINT('',#16838);
#16838 = CARTESIAN_POINT('',(-75.58300524425,-212.,824.));
#16839 = SURFACE_CURVE('',#16840,(#16844,#16851),.PCURVE_S1.);
#16840 = LINE('',#16841,#16842);
#16841 = CARTESIAN_POINT('',(-312.,-212.,824.));
#16842 = VECTOR('',#16843,1.);
#16843 = DIRECTION('',(1.,0.,-0.));
#16844 = PCURVE('',#16368,#16845);
#16845 = DEFINITIONAL_REPRESENTATION('',(#16846),#16850);
#16846 = LINE('',#16847,#16848);
#16847 = CARTESIAN_POINT('',(14.,0.));
#16848 = VECTOR('',#16849,1.);
#16849 = DIRECTION('',(0.,1.));
#16850 = ( GEOMETRIC_REPRESENTATION_CONTEXT(2) 
PARAMETRIC_REPRESENTATION_CONTEXT() REPRESENTATION_CONTEXT('2D SPACE',''
  ) );
#16851 = PCURVE('',#16614,#16852);
#16852 = DEFINITIONAL_REPRESENTATION('',(#16853),#16857);
#16853 = LINE('',#16854,#16855);
#16854 = CARTESIAN_POINT('',(0.,0.));
#16855 = VECTOR('',#16856,1.);
#16856 = DIRECTION('',(1.,0.));
#16857 = ( GEOMETRIC_REPRESENTATION_CONTEXT(2) 
PARAMETRIC_REPRESENTATION_CONTEXT() REPRESENTATION_CONTEXT('2D SPACE',''
  ) );
#16858 = ORIENTED_EDGE('',*,*,#16859,.T.);
#16859 = EDGE_CURVE('',#16837,#16860,#16862,.T.);
#16860 = VERTEX_POINT('',#16861);
#16861 = CARTESIAN_POINT('',(-54.41699475574,-212.,824.));
#16862 = SURFACE_CURVE('',#16863,(#16867,#16874),.PCURVE_S1.);
#16863 = LINE('',#16864,#16865);
#16864 = CARTESIAN_POINT('',(-312.,-212.,824.));
#16865 = VECTOR('',#16866,1.);
#16866 = DIRECTION('',(1.,0.,-0.));
#16867 = PCURVE('',#16368,#16868);
#16868 = DEFINITIONAL_REPRESENTATION('',(#16869),#16873);
#16869 = LINE('',#16870,#16871);
#16870 = CARTESIAN_POINT('',(14.,0.));
#16871 = VECTOR('',#16872,1.);
#16872 = DIRECTION('',(0.,1.));
#16873 = ( GEOMETRIC_REPRESENTATION_CONTEXT(2) 
PARAMETRIC_REPRESENTATION_CONTEXT() REPRESENTATION_CONTEXT('2D SPACE',''
  ) );
#16874 = PCURVE('',#16875,#16880);
#16875 = PLANE('',#16876);
#16876 = AXIS2_PLACEMENT_3D('',#16877,#16878,#16879);
#16877 = CARTESIAN_POINT('',(-65.,-200.,824.));
#16878 = DIRECTION('',(0.,0.,1.));
#16879 = DIRECTION('',(1.,0.,-0.));
#16880 = DEFINITIONAL_REPRESENTATION('',(#16881),#16885);
#16881 = LINE('',#16882,#16883);
#16882 = CARTESIAN_POINT('',(-247.,-12.));
#16883 = VECTOR('',#16884,1.);
#16884 = DIRECTION('',(1.,0.));
#16885 = ( GEOMETRIC_REPRESENTATION_CONTEXT(2) 
PARAMETRIC_REPRESENTATION_CONTEXT() REPRESENTATION_CONTEXT('2D SPACE',''
  ) );
#16886 = ORIENTED_EDGE('',*,*,#16887,.T.);
#16887 = EDGE_CURVE('',#16860,#16708,#16888,.T.);
#16888 = SURFACE_CURVE('',#16889,(#16893,#16900),.PCURVE_S1.);
#16889 = LINE('',#16890,#16891);
#16890 = CARTESIAN_POINT('',(-312.,-212.,824.));
#16891 = VECTOR('',#16892,1.);
#16892 = DIRECTION('',(1.,0.,-0.));
#16893 = PCURVE('',#16368,#16894);
#16894 = DEFINITIONAL_REPRESENTATION('',(#16895),#16899);
#16895 = LINE('',#16896,#16897);
#16896 = CARTESIAN_POINT('',(14.,0.));
#16897 = VECTOR('',#16898,1.);
#16898 = DIRECTION('',(0.,1.));
#16899 = ( GEOMETRIC_REPRESENTATION_CONTEXT(2) 
PARAMETRIC_REPRESENTATION_CONTEXT() REPRESENTATION_CONTEXT('2D SPACE',''
  ) );
#16900 = PCURVE('',#16797,#16901);
#16901 = DEFINITIONAL_REPRESENTATION('',(#16902),#16906);
#16902 = LINE('',#16903,#16904);
#16903 = CARTESIAN_POINT('',(0.,0.));
#16904 = VECTOR('',#16905,1.);
#16905 = DIRECTION('',(1.,0.));
#16906 = ( GEOMETRIC_REPRESENTATION_CONTEXT(2) 
PARAMETRIC_REPRESENTATION_CONTEXT() REPRESENTATION_CONTEXT('2D SPACE',''
  ) );
#16907 = ORIENTED_EDGE('',*,*,#16707,.F.);
#16908 = ORIENTED_EDGE('',*,*,#16352,.F.);
#16909 = ADVANCED_FACE('',(#16910),#16454,.F.);
#16910 = FACE_BOUND('',#16911,.F.);
#16911 = EDGE_LOOP('',(#16912,#16913,#16914,#16915,#16916));
#16912 = ORIENTED_EDGE('',*,*,#16813,.F.);
#16913 = ORIENTED_EDGE('',*,*,#16491,.T.);
#16914 = ORIENTED_EDGE('',*,*,#16438,.T.);
#16915 = ORIENTED_EDGE('',*,*,#16575,.T.);
#16916 = ORIENTED_EDGE('',*,*,#16917,.F.);
#16917 = EDGE_CURVE('',#16814,#16576,#16918,.T.);
#16918 = SURFACE_CURVE('',#16919,(#16923,#16930),.PCURVE_S1.);
#16919 = LINE('',#16920,#16921);
#16920 = CARTESIAN_POINT('',(-312.,-212.,824.));
#16921 = VECTOR('',#16922,1.);
#16922 = DIRECTION('',(-0.,1.,0.));
#16923 = PCURVE('',#16454,#16924);
#16924 = DEFINITIONAL_REPRESENTATION('',(#16925),#16929);
#16925 = LINE('',#16926,#16927);
#16926 = CARTESIAN_POINT('',(14.,0.));
#16927 = VECTOR('',#16928,1.);
#16928 = DIRECTION('',(0.,-1.));
#16929 = ( GEOMETRIC_REPRESENTATION_CONTEXT(2) 
PARAMETRIC_REPRESENTATION_CONTEXT() REPRESENTATION_CONTEXT('2D SPACE',''
  ) );
#16930 = PCURVE('',#16614,#16931);
#16931 = DEFINITIONAL_REPRESENTATION('',(#16932),#16936);
#16932 = LINE('',#16933,#16934);
#16933 = CARTESIAN_POINT('',(0.,0.));
#16934 = VECTOR('',#16935,1.);
#16935 = DIRECTION('',(0.,1.));
#16936 = ( GEOMETRIC_REPRESENTATION_CONTEXT(2) 
PARAMETRIC_REPRESENTATION_CONTEXT() REPRESENTATION_CONTEXT('2D SPACE',''
  ) );
#16937 = ADVANCED_FACE('',(#16938),#16556,.T.);
#16938 = FACE_BOUND('',#16939,.T.);
#16939 = EDGE_LOOP('',(#16940,#16941,#16964,#16991));
#16940 = ORIENTED_EDGE('',*,*,#16539,.F.);
#16941 = ORIENTED_EDGE('',*,*,#16942,.F.);
#16942 = EDGE_CURVE('',#16943,#16540,#16945,.T.);
#16943 = VERTEX_POINT('',#16944);
#16944 = CARTESIAN_POINT('',(-200.,-200.,570.));
#16945 = SEAM_CURVE('',#16946,(#16950,#16957),.PCURVE_S1.);
#16946 = LINE('',#16947,#16948);
#16947 = CARTESIAN_POINT('',(-200.,-200.,570.));
#16948 = VECTOR('',#16949,1.);
#16949 = DIRECTION('',(0.,0.,1.));
#16950 = PCURVE('',#16556,#16951);
#16951 = DEFINITIONAL_REPRESENTATION('',(#16952),#16956);
#16952 = LINE('',#16953,#16954);
#16953 = CARTESIAN_POINT('',(6.28318530718,-0.));
#16954 = VECTOR('',#16955,1.);
#16955 = DIRECTION('',(0.,1.));
#16956 = ( GEOMETRIC_REPRESENTATION_CONTEXT(2) 
PARAMETRIC_REPRESENTATION_CONTEXT() REPRESENTATION_CONTEXT('2D SPACE',''
  ) );
#16957 = PCURVE('',#16556,#16958);
#16958 = DEFINITIONAL_REPRESENTATION('',(#16959),#16963);
#16959 = LINE('',#16960,#16961);
#16960 = CARTESIAN_POINT('',(0.,-0.));
#16961 = VECTOR('',#16962,1.);
#16962 = DIRECTION('',(0.,1.));
#16963 = ( GEOMETRIC_REPRESENTATION_CONTEXT(2) 
PARAMETRIC_REPRESENTATION_CONTEXT() REPRESENTATION_CONTEXT('2D SPACE',''
  ) );
#16964 = ORIENTED_EDGE('',*,*,#16965,.T.);
#16965 = EDGE_CURVE('',#16943,#16943,#16966,.T.);
#16966 = SURFACE_CURVE('',#16967,(#16972,#16979),.PCURVE_S1.);
#16967 = CIRCLE('',#16968,100.);
#16968 = AXIS2_PLACEMENT_3D('',#16969,#16970,#16971);
#16969 = CARTESIAN_POINT('',(-300.,-200.,570.));
#16970 = DIRECTION('',(0.,0.,1.));
#16971 = DIRECTION('',(1.,0.,-0.));
#16972 = PCURVE('',#16556,#16973);
#16973 = DEFINITIONAL_REPRESENTATION('',(#16974),#16978);
#16974 = LINE('',#16975,#16976);
#16975 = CARTESIAN_POINT('',(0.,0.));
#16976 = VECTOR('',#16977,1.);
#16977 = DIRECTION('',(1.,0.));
#16978 = ( GEOMETRIC_REPRESENTATION_CONTEXT(2) 
PARAMETRIC_REPRESENTATION_CONTEXT() REPRESENTATION_CONTEXT('2D SPACE',''
  ) );
#16979 = PCURVE('',#16980,#16985);
#16980 = PLANE('',#16981);
#16981 = AXIS2_PLACEMENT_3D('',#16982,#16983,#16984);
#16982 = CARTESIAN_POINT('',(-300.,-200.,570.));
#16983 = DIRECTION('',(0.,0.,1.));
#16984 = DIRECTION('',(1.,0.,-0.));
#16985 = DEFINITIONAL_REPRESENTATION('',(#16986),#16990);
#16986 = CIRCLE('',#16987,100.);
#16987 = AXIS2_PLACEMENT_2D('',#16988,#16989);
#16988 = CARTESIAN_POINT('',(0.,0.));
#16989 = DIRECTION('',(1.,0.));
#16990 = ( GEOMETRIC_REPRESENTATION_CONTEXT(2) 
PARAMETRIC_REPRESENTATION_CONTEXT() REPRESENTATION_CONTEXT('2D SPACE',''
  ) );
#16991 = ORIENTED_EDGE('',*,*,#16942,.T.);
#16992 = ADVANCED_FACE('',(#16993),#16614,.T.);
#16993 = FACE_BOUND('',#16994,.T.);
#16994 = EDGE_LOOP('',(#16995,#16996,#16997,#16998));
#16995 = ORIENTED_EDGE('',*,*,#16598,.F.);
#16996 = ORIENTED_EDGE('',*,*,#16917,.F.);
#16997 = ORIENTED_EDGE('',*,*,#16836,.T.);
#16998 = ORIENTED_EDGE('',*,*,#16999,.F.);
#16999 = EDGE_CURVE('',#16599,#16837,#17000,.T.);
#17000 = SURFACE_CURVE('',#17001,(#17006,#17013),.PCURVE_S1.);
#17001 = CIRCLE('',#17002,16.);
#17002 = AXIS2_PLACEMENT_3D('',#17003,#17004,#17005);
#17003 = CARTESIAN_POINT('',(-65.,-200.,824.));
#17004 = DIRECTION('',(0.,0.,1.));
#17005 = DIRECTION('',(1.,0.,-0.));
#17006 = PCURVE('',#16614,#17007);
#17007 = DEFINITIONAL_REPRESENTATION('',(#17008),#17012);
#17008 = CIRCLE('',#17009,16.);
#17009 = AXIS2_PLACEMENT_2D('',#17010,#17011);
#17010 = CARTESIAN_POINT('',(247.,12.));
#17011 = DIRECTION('',(1.,0.));
#17012 = ( GEOMETRIC_REPRESENTATION_CONTEXT(2) 
PARAMETRIC_REPRESENTATION_CONTEXT() REPRESENTATION_CONTEXT('2D SPACE',''
  ) );
#17013 = PCURVE('',#17014,#17019);
#17014 = CYLINDRICAL_SURFACE('',#17015,16.);
#17015 = AXIS2_PLACEMENT_3D('',#17016,#17017,#17018);
#17016 = CARTESIAN_POINT('',(-65.,-200.,824.));
#17017 = DIRECTION('',(0.,0.,1.));
#17018 = DIRECTION('',(1.,0.,-0.));
#17019 = DEFINITIONAL_REPRESENTATION('',(#17020),#17024);
#17020 = LINE('',#17021,#17022);
#17021 = CARTESIAN_POINT('',(0.,0.));
#17022 = VECTOR('',#17023,1.);
#17023 = DIRECTION('',(1.,0.));
#17024 = ( GEOMETRIC_REPRESENTATION_CONTEXT(2) 
PARAMETRIC_REPRESENTATION_CONTEXT() REPRESENTATION_CONTEXT('2D SPACE',''
  ) );
#17025 = ADVANCED_FACE('',(#17026),#16642,.F.);
#17026 = FACE_BOUND('',#17027,.F.);
#17027 = EDGE_LOOP('',(#17028,#17029));
#17028 = ORIENTED_EDGE('',*,*,#16626,.T.);
#17029 = ORIENTED_EDGE('',*,*,#17030,.T.);
#17030 = EDGE_CURVE('',#16627,#16599,#17031,.T.);
#17031 = SURFACE_CURVE('',#17032,(#17037,#17044),.PCURVE_S1.);
#17032 = CIRCLE('',#17033,16.);
#17033 = AXIS2_PLACEMENT_3D('',#17034,#17035,#17036);
#17034 = CARTESIAN_POINT('',(-65.,-200.,824.));
#17035 = DIRECTION('',(0.,0.,1.));
#17036 = DIRECTION('',(1.,0.,-0.));
#17037 = PCURVE('',#16642,#17038);
#17038 = DEFINITIONAL_REPRESENTATION('',(#17039),#17043);
#17039 = CIRCLE('',#17040,16.);
#17040 = AXIS2_PLACEMENT_2D('',#17041,#17042);
#17041 = CARTESIAN_POINT('',(0.,0.));
#17042 = DIRECTION('',(1.,0.));
#17043 = ( GEOMETRIC_REPRESENTATION_CONTEXT(2) 
PARAMETRIC_REPRESENTATION_CONTEXT() REPRESENTATION_CONTEXT('2D SPACE',''
  ) );
#17044 = PCURVE('',#17014,#17045);
#17045 = DEFINITIONAL_REPRESENTATION('',(#17046),#17050);
#17046 = LINE('',#17047,#17048);
#17047 = CARTESIAN_POINT('',(0.,0.));
#17048 = VECTOR('',#17049,1.);
#17049 = DIRECTION('',(1.,0.));
#17050 = ( GEOMETRIC_REPRESENTATION_CONTEXT(2) 
PARAMETRIC_REPRESENTATION_CONTEXT() REPRESENTATION_CONTEXT('2D SPACE',''
  ) );
#17051 = ADVANCED_FACE('',(#17052),#16670,.T.);
#17052 = FACE_BOUND('',#17053,.T.);
#17053 = EDGE_LOOP('',(#17054,#17055,#17077));
#17054 = ORIENTED_EDGE('',*,*,#16654,.F.);
#17055 = ORIENTED_EDGE('',*,*,#17056,.F.);
#17056 = EDGE_CURVE('',#16733,#16627,#17057,.T.);
#17057 = SURFACE_CURVE('',#17058,(#17063,#17070),.PCURVE_S1.);
#17058 = CIRCLE('',#17059,16.);
#17059 = AXIS2_PLACEMENT_3D('',#17060,#17061,#17062);
#17060 = CARTESIAN_POINT('',(-65.,-200.,824.));
#17061 = DIRECTION('',(0.,0.,1.));
#17062 = DIRECTION('',(1.,0.,-0.));
#17063 = PCURVE('',#16670,#17064);
#17064 = DEFINITIONAL_REPRESENTATION('',(#17065),#17069);
#17065 = CIRCLE('',#17066,16.);
#17066 = AXIS2_PLACEMENT_2D('',#17067,#17068);
#17067 = CARTESIAN_POINT('',(247.,12.));
#17068 = DIRECTION('',(1.,0.));
#17069 = ( GEOMETRIC_REPRESENTATION_CONTEXT(2) 
PARAMETRIC_REPRESENTATION_CONTEXT() REPRESENTATION_CONTEXT('2D SPACE',''
  ) );
#17070 = PCURVE('',#17014,#17071);
#17071 = DEFINITIONAL_REPRESENTATION('',(#17072),#17076);
#17072 = LINE('',#17073,#17074);
#17073 = CARTESIAN_POINT('',(0.,0.));
#17074 = VECTOR('',#17075,1.);
#17075 = DIRECTION('',(1.,0.));
#17076 = ( GEOMETRIC_REPRESENTATION_CONTEXT(2) 
PARAMETRIC_REPRESENTATION_CONTEXT() REPRESENTATION_CONTEXT('2D SPACE',''
  ) );
#17077 = ORIENTED_EDGE('',*,*,#16732,.T.);
#17078 = ADVANCED_FACE('',(#17079),#16797,.T.);
#17079 = FACE_BOUND('',#17080,.T.);
#17080 = EDGE_LOOP('',(#17081,#17103,#17104));
#17081 = ORIENTED_EDGE('',*,*,#17082,.F.);
#17082 = EDGE_CURVE('',#16860,#16756,#17083,.T.);
#17083 = SURFACE_CURVE('',#17084,(#17089,#17096),.PCURVE_S1.);
#17084 = CIRCLE('',#17085,16.);
#17085 = AXIS2_PLACEMENT_3D('',#17086,#17087,#17088);
#17086 = CARTESIAN_POINT('',(-65.,-200.,824.));
#17087 = DIRECTION('',(0.,0.,1.));
#17088 = DIRECTION('',(1.,0.,-0.));
#17089 = PCURVE('',#16797,#17090);
#17090 = DEFINITIONAL_REPRESENTATION('',(#17091),#17095);
#17091 = CIRCLE('',#17092,16.);
#17092 = AXIS2_PLACEMENT_2D('',#17093,#17094);
#17093 = CARTESIAN_POINT('',(247.,12.));
#17094 = DIRECTION('',(1.,0.));
#17095 = ( GEOMETRIC_REPRESENTATION_CONTEXT(2) 
PARAMETRIC_REPRESENTATION_CONTEXT() REPRESENTATION_CONTEXT('2D SPACE',''
  ) );
#17096 = PCURVE('',#17014,#17097);
#17097 = DEFINITIONAL_REPRESENTATION('',(#17098),#17102);
#17098 = LINE('',#17099,#17100);
#17099 = CARTESIAN_POINT('',(0.,0.));
#17100 = VECTOR('',#17101,1.);
#17101 = DIRECTION('',(1.,0.));
#17102 = ( GEOMETRIC_REPRESENTATION_CONTEXT(2) 
PARAMETRIC_REPRESENTATION_CONTEXT() REPRESENTATION_CONTEXT('2D SPACE',''
  ) );
#17103 = ORIENTED_EDGE('',*,*,#16887,.T.);
#17104 = ORIENTED_EDGE('',*,*,#16783,.T.);
#17105 = ADVANCED_FACE('',(#17106),#16771,.F.);
#17106 = FACE_BOUND('',#17107,.F.);
#17107 = EDGE_LOOP('',(#17108,#17132,#17154));
#17108 = ORIENTED_EDGE('',*,*,#17109,.T.);
#17109 = EDGE_CURVE('',#16756,#17110,#17112,.T.);
#17110 = VERTEX_POINT('',#17111);
#17111 = CARTESIAN_POINT('',(-49.,-200.,824.));
#17112 = SURFACE_CURVE('',#17113,(#17118,#17125),.PCURVE_S1.);
#17113 = CIRCLE('',#17114,16.);
#17114 = AXIS2_PLACEMENT_3D('',#17115,#17116,#17117);
#17115 = CARTESIAN_POINT('',(-65.,-200.,824.));
#17116 = DIRECTION('',(0.,0.,1.));
#17117 = DIRECTION('',(1.,0.,-0.));
#17118 = PCURVE('',#16771,#17119);
#17119 = DEFINITIONAL_REPRESENTATION('',(#17120),#17124);
#17120 = CIRCLE('',#17121,16.);
#17121 = AXIS2_PLACEMENT_2D('',#17122,#17123);
#17122 = CARTESIAN_POINT('',(0.,0.));
#17123 = DIRECTION('',(1.,0.));
#17124 = ( GEOMETRIC_REPRESENTATION_CONTEXT(2) 
PARAMETRIC_REPRESENTATION_CONTEXT() REPRESENTATION_CONTEXT('2D SPACE',''
  ) );
#17125 = PCURVE('',#17014,#17126);
#17126 = DEFINITIONAL_REPRESENTATION('',(#17127),#17131);
#17127 = LINE('',#17128,#17129);
#17128 = CARTESIAN_POINT('',(0.,0.));
#17129 = VECTOR('',#17130,1.);
#17130 = DIRECTION('',(1.,0.));
#17131 = ( GEOMETRIC_REPRESENTATION_CONTEXT(2) 
PARAMETRIC_REPRESENTATION_CONTEXT() REPRESENTATION_CONTEXT('2D SPACE',''
  ) );
#17132 = ORIENTED_EDGE('',*,*,#17133,.T.);
#17133 = EDGE_CURVE('',#17110,#16733,#17134,.T.);
#17134 = SURFACE_CURVE('',#17135,(#17140,#17147),.PCURVE_S1.);
#17135 = CIRCLE('',#17136,16.);
#17136 = AXIS2_PLACEMENT_3D('',#17137,#17138,#17139);
#17137 = CARTESIAN_POINT('',(-65.,-200.,824.));
#17138 = DIRECTION('',(0.,0.,1.));
#17139 = DIRECTION('',(1.,0.,-0.));
#17140 = PCURVE('',#16771,#17141);
#17141 = DEFINITIONAL_REPRESENTATION('',(#17142),#17146);
#17142 = CIRCLE('',#17143,16.);
#17143 = AXIS2_PLACEMENT_2D('',#17144,#17145);
#17144 = CARTESIAN_POINT('',(0.,0.));
#17145 = DIRECTION('',(1.,0.));
#17146 = ( GEOMETRIC_REPRESENTATION_CONTEXT(2) 
PARAMETRIC_REPRESENTATION_CONTEXT() REPRESENTATION_CONTEXT('2D SPACE',''
  ) );
#17147 = PCURVE('',#17014,#17148);
#17148 = DEFINITIONAL_REPRESENTATION('',(#17149),#17153);
#17149 = LINE('',#17150,#17151);
#17150 = CARTESIAN_POINT('',(0.,0.));
#17151 = VECTOR('',#17152,1.);
#17152 = DIRECTION('',(1.,0.));
#17153 = ( GEOMETRIC_REPRESENTATION_CONTEXT(2) 
PARAMETRIC_REPRESENTATION_CONTEXT() REPRESENTATION_CONTEXT('2D SPACE',''
  ) );
#17154 = ORIENTED_EDGE('',*,*,#16755,.F.);
#17155 = ADVANCED_FACE('',(#17156),#16875,.F.);
#17156 = FACE_BOUND('',#17157,.F.);
#17157 = EDGE_LOOP('',(#17158,#17180));
#17158 = ORIENTED_EDGE('',*,*,#17159,.T.);
#17159 = EDGE_CURVE('',#16837,#16860,#17160,.T.);
#17160 = SURFACE_CURVE('',#17161,(#17166,#17173),.PCURVE_S1.);
#17161 = CIRCLE('',#17162,16.);
#17162 = AXIS2_PLACEMENT_3D('',#17163,#17164,#17165);
#17163 = CARTESIAN_POINT('',(-65.,-200.,824.));
#17164 = DIRECTION('',(0.,0.,1.));
#17165 = DIRECTION('',(1.,0.,-0.));
#17166 = PCURVE('',#16875,#17167);
#17167 = DEFINITIONAL_REPRESENTATION('',(#17168),#17172);
#17168 = CIRCLE('',#17169,16.);
#17169 = AXIS2_PLACEMENT_2D('',#17170,#17171);
#17170 = CARTESIAN_POINT('',(0.,0.));
#17171 = DIRECTION('',(1.,0.));
#17172 = ( GEOMETRIC_REPRESENTATION_CONTEXT(2) 
PARAMETRIC_REPRESENTATION_CONTEXT() REPRESENTATION_CONTEXT('2D SPACE',''
  ) );
#17173 = PCURVE('',#17014,#17174);
#17174 = DEFINITIONAL_REPRESENTATION('',(#17175),#17179);
#17175 = LINE('',#17176,#17177);
#17176 = CARTESIAN_POINT('',(0.,0.));
#17177 = VECTOR('',#17178,1.);
#17178 = DIRECTION('',(1.,0.));
#17179 = ( GEOMETRIC_REPRESENTATION_CONTEXT(2) 
PARAMETRIC_REPRESENTATION_CONTEXT() REPRESENTATION_CONTEXT('2D SPACE',''
  ) );
#17180 = ORIENTED_EDGE('',*,*,#16859,.F.);
#17181 = ADVANCED_FACE('',(#17182),#16980,.F.);
#17182 = FACE_BOUND('',#17183,.T.);
#17183 = EDGE_LOOP('',(#17184));
#17184 = ORIENTED_EDGE('',*,*,#16965,.F.);
#17185 = ADVANCED_FACE('',(#17186),#17014,.T.);
#17186 = FACE_BOUND('',#17187,.T.);
#17187 = EDGE_LOOP('',(#17188,#17211,#17238,#17239,#17240,#17241,#17242,
    #17243,#17244,#17245));
#17188 = ORIENTED_EDGE('',*,*,#17189,.T.);
#17189 = EDGE_CURVE('',#17110,#17190,#17192,.T.);
#17190 = VERTEX_POINT('',#17191);
#17191 = CARTESIAN_POINT('',(-49.,-200.,934.));
#17192 = SEAM_CURVE('',#17193,(#17197,#17204),.PCURVE_S1.);
#17193 = LINE('',#17194,#17195);
#17194 = CARTESIAN_POINT('',(-49.,-200.,824.));
#17195 = VECTOR('',#17196,1.);
#17196 = DIRECTION('',(0.,0.,1.));
#17197 = PCURVE('',#17014,#17198);
#17198 = DEFINITIONAL_REPRESENTATION('',(#17199),#17203);
#17199 = LINE('',#17200,#17201);
#17200 = CARTESIAN_POINT('',(6.28318530718,-0.));
#17201 = VECTOR('',#17202,1.);
#17202 = DIRECTION('',(0.,1.));
#17203 = ( GEOMETRIC_REPRESENTATION_CONTEXT(2) 
PARAMETRIC_REPRESENTATION_CONTEXT() REPRESENTATION_CONTEXT('2D SPACE',''
  ) );
#17204 = PCURVE('',#17014,#17205);
#17205 = DEFINITIONAL_REPRESENTATION('',(#17206),#17210);
#17206 = LINE('',#17207,#17208);
#17207 = CARTESIAN_POINT('',(0.,-0.));
#17208 = VECTOR('',#17209,1.);
#17209 = DIRECTION('',(0.,1.));
#17210 = ( GEOMETRIC_REPRESENTATION_CONTEXT(2) 
PARAMETRIC_REPRESENTATION_CONTEXT() REPRESENTATION_CONTEXT('2D SPACE',''
  ) );
#17211 = ORIENTED_EDGE('',*,*,#17212,.F.);
#17212 = EDGE_CURVE('',#17190,#17190,#17213,.T.);
#17213 = SURFACE_CURVE('',#17214,(#17219,#17226),.PCURVE_S1.);
#17214 = CIRCLE('',#17215,16.);
#17215 = AXIS2_PLACEMENT_3D('',#17216,#17217,#17218);
#17216 = CARTESIAN_POINT('',(-65.,-200.,934.));
#17217 = DIRECTION('',(0.,0.,1.));
#17218 = DIRECTION('',(1.,0.,-0.));
#17219 = PCURVE('',#17014,#17220);
#17220 = DEFINITIONAL_REPRESENTATION('',(#17221),#17225);
#17221 = LINE('',#17222,#17223);
#17222 = CARTESIAN_POINT('',(0.,110.));
#17223 = VECTOR('',#17224,1.);
#17224 = DIRECTION('',(1.,0.));
#17225 = ( GEOMETRIC_REPRESENTATION_CONTEXT(2) 
PARAMETRIC_REPRESENTATION_CONTEXT() REPRESENTATION_CONTEXT('2D SPACE',''
  ) );
#17226 = PCURVE('',#17227,#17232);
#17227 = PLANE('',#17228);
#17228 = AXIS2_PLACEMENT_3D('',#17229,#17230,#17231);
#17229 = CARTESIAN_POINT('',(-65.,-200.,934.));
#17230 = DIRECTION('',(0.,0.,1.));
#17231 = DIRECTION('',(1.,0.,-0.));
#17232 = DEFINITIONAL_REPRESENTATION('',(#17233),#17237);
#17233 = CIRCLE('',#17234,16.);
#17234 = AXIS2_PLACEMENT_2D('',#17235,#17236);
#17235 = CARTESIAN_POINT('',(0.,0.));
#17236 = DIRECTION('',(1.,0.));
#17237 = ( GEOMETRIC_REPRESENTATION_CONTEXT(2) 
PARAMETRIC_REPRESENTATION_CONTEXT() REPRESENTATION_CONTEXT('2D SPACE',''
  ) );
#17238 = ORIENTED_EDGE('',*,*,#17189,.F.);
#17239 = ORIENTED_EDGE('',*,*,#17133,.T.);
#17240 = ORIENTED_EDGE('',*,*,#17056,.T.);
#17241 = ORIENTED_EDGE('',*,*,#17030,.T.);
#17242 = ORIENTED_EDGE('',*,*,#16999,.T.);
#17243 = ORIENTED_EDGE('',*,*,#17159,.T.);
#17244 = ORIENTED_EDGE('',*,*,#17082,.T.);
#17245 = ORIENTED_EDGE('',*,*,#17109,.T.);
#17246 = ADVANCED_FACE('',(#17247),#17227,.T.);
#17247 = FACE_BOUND('',#17248,.T.);
#17248 = EDGE_LOOP('',(#17249));
#17249 = ORIENTED_EDGE('',*,*,#17212,.T.);
#17250 = MANIFOLD_SOLID_BREP('',#17251);
#17251 = CLOSED_SHELL('',(#17252,#17340,#17375,#17410,#17547,#17602,
    #17689,#17742,#17790,#17825,#17958,#18063,#18164,#18192,#18247,
    #18280,#18306,#18333,#18360,#18410,#18436,#18440,#18501));
#17252 = ADVANCED_FACE('',(#17253),#17266,.T.);
#17253 = FACE_BOUND('',#17254,.T.);
#17254 = EDGE_LOOP('',(#17255,#17289,#17312,#17339));
#17255 = ORIENTED_EDGE('',*,*,#17256,.F.);
#17256 = EDGE_CURVE('',#17257,#17257,#17259,.T.);
#17257 = VERTEX_POINT('',#17258);
#17258 = CARTESIAN_POINT('',(-215.,440.,790.));
#17259 = SURFACE_CURVE('',#17260,(#17265,#17277),.PCURVE_S1.);
#17260 = CIRCLE('',#17261,85.);
#17261 = AXIS2_PLACEMENT_3D('',#17262,#17263,#17264);
#17262 = CARTESIAN_POINT('',(-300.,440.,790.));
#17263 = DIRECTION('',(0.,0.,1.));
#17264 = DIRECTION('',(1.,0.,-0.));
#17265 = PCURVE('',#17266,#17271);
#17266 = CYLINDRICAL_SURFACE('',#17267,85.);
#17267 = AXIS2_PLACEMENT_3D('',#17268,#17269,#17270);
#17268 = CARTESIAN_POINT('',(-300.,440.,720.));
#17269 = DIRECTION('',(0.,0.,1.));
#17270 = DIRECTION('',(1.,0.,-0.));
#17271 = DEFINITIONAL_REPRESENTATION('',(#17272),#17276);
#17272 = LINE('',#17273,#17274);
#17273 = CARTESIAN_POINT('',(0.,70.));
#17274 = VECTOR('',#17275,1.);
#17275 = DIRECTION('',(1.,0.));
#17276 = ( GEOMETRIC_REPRESENTATION_CONTEXT(2) 
PARAMETRIC_REPRESENTATION_CONTEXT() REPRESENTATION_CONTEXT('2D SPACE',''
  ) );
#17277 = PCURVE('',#17278,#17283);
#17278 = PLANE('',#17279);
#17279 = AXIS2_PLACEMENT_3D('',#17280,#17281,#17282);
#17280 = CARTESIAN_POINT('',(-300.,440.,790.));
#17281 = DIRECTION('',(0.,0.,1.));
#17282 = DIRECTION('',(1.,0.,-0.));
#17283 = DEFINITIONAL_REPRESENTATION('',(#17284),#17288);
#17284 = CIRCLE('',#17285,85.);
#17285 = AXIS2_PLACEMENT_2D('',#17286,#17287);
#17286 = CARTESIAN_POINT('',(0.,0.));
#17287 = DIRECTION('',(1.,0.));
#17288 = ( GEOMETRIC_REPRESENTATION_CONTEXT(2) 
PARAMETRIC_REPRESENTATION_CONTEXT() REPRESENTATION_CONTEXT('2D SPACE',''
  ) );
#17289 = ORIENTED_EDGE('',*,*,#17290,.F.);
#17290 = EDGE_CURVE('',#17291,#17257,#17293,.T.);
#17291 = VERTEX_POINT('',#17292);
#17292 = CARTESIAN_POINT('',(-215.,440.,720.));
#17293 = SEAM_CURVE('',#17294,(#17298,#17305),.PCURVE_S1.);
#17294 = LINE('',#17295,#17296);
#17295 = CARTESIAN_POINT('',(-215.,440.,720.));
#17296 = VECTOR('',#17297,1.);
#17297 = DIRECTION('',(0.,0.,1.));
#17298 = PCURVE('',#17266,#17299);
#17299 = DEFINITIONAL_REPRESENTATION('',(#17300),#17304);
#17300 = LINE('',#17301,#17302);
#17301 = CARTESIAN_POINT('',(6.28318530718,-0.));
#17302 = VECTOR('',#17303,1.);
#17303 = DIRECTION('',(0.,1.));
#17304 = ( GEOMETRIC_REPRESENTATION_CONTEXT(2) 
PARAMETRIC_REPRESENTATION_CONTEXT() REPRESENTATION_CONTEXT('2D SPACE',''
  ) );
#17305 = PCURVE('',#17266,#17306);
#17306 = DEFINITIONAL_REPRESENTATION('',(#17307),#17311);
#17307 = LINE('',#17308,#17309);
#17308 = CARTESIAN_POINT('',(0.,-0.));
#17309 = VECTOR('',#17310,1.);
#17310 = DIRECTION('',(0.,1.));
#17311 = ( GEOMETRIC_REPRESENTATION_CONTEXT(2) 
PARAMETRIC_REPRESENTATION_CONTEXT() REPRESENTATION_CONTEXT('2D SPACE',''
  ) );
#17312 = ORIENTED_EDGE('',*,*,#17313,.T.);
#17313 = EDGE_CURVE('',#17291,#17291,#17314,.T.);
#17314 = SURFACE_CURVE('',#17315,(#17320,#17327),.PCURVE_S1.);
#17315 = CIRCLE('',#17316,85.);
#17316 = AXIS2_PLACEMENT_3D('',#17317,#17318,#17319);
#17317 = CARTESIAN_POINT('',(-300.,440.,720.));
#17318 = DIRECTION('',(0.,0.,1.));
#17319 = DIRECTION('',(1.,0.,-0.));
#17320 = PCURVE('',#17266,#17321);
#17321 = DEFINITIONAL_REPRESENTATION('',(#17322),#17326);
#17322 = LINE('',#17323,#17324);
#17323 = CARTESIAN_POINT('',(0.,0.));
#17324 = VECTOR('',#17325,1.);
#17325 = DIRECTION('',(1.,0.));
#17326 = ( GEOMETRIC_REPRESENTATION_CONTEXT(2) 
PARAMETRIC_REPRESENTATION_CONTEXT() REPRESENTATION_CONTEXT('2D SPACE',''
  ) );
#17327 = PCURVE('',#17328,#17333);
#17328 = PLANE('',#17329);
#17329 = AXIS2_PLACEMENT_3D('',#17330,#17331,#17332);
#17330 = CARTESIAN_POINT('',(-300.,440.,720.));
#17331 = DIRECTION('',(0.,0.,1.));
#17332 = DIRECTION('',(1.,0.,-0.));
#17333 = DEFINITIONAL_REPRESENTATION('',(#17334),#17338);
#17334 = CIRCLE('',#17335,85.);
#17335 = AXIS2_PLACEMENT_2D('',#17336,#17337);
#17336 = CARTESIAN_POINT('',(0.,0.));
#17337 = DIRECTION('',(1.,0.));
#17338 = ( GEOMETRIC_REPRESENTATION_CONTEXT(2) 
PARAMETRIC_REPRESENTATION_CONTEXT() REPRESENTATION_CONTEXT('2D SPACE',''
  ) );
#17339 = ORIENTED_EDGE('',*,*,#17290,.T.);
#17340 = ADVANCED_FACE('',(#17341,#17344),#17278,.T.);
#17341 = FACE_BOUND('',#17342,.T.);
#17342 = EDGE_LOOP('',(#17343));
#17343 = ORIENTED_EDGE('',*,*,#17256,.T.);
#17344 = FACE_BOUND('',#17345,.T.);
#17345 = EDGE_LOOP('',(#17346));
#17346 = ORIENTED_EDGE('',*,*,#17347,.F.);
#17347 = EDGE_CURVE('',#17348,#17348,#17350,.T.);
#17348 = VERTEX_POINT('',#17349);
#17349 = CARTESIAN_POINT('',(-288.,440.,790.));
#17350 = SURFACE_CURVE('',#17351,(#17356,#17363),.PCURVE_S1.);
#17351 = CIRCLE('',#17352,12.);
#17352 = AXIS2_PLACEMENT_3D('',#17353,#17354,#17355);
#17353 = CARTESIAN_POINT('',(-300.,440.,790.));
#17354 = DIRECTION('',(0.,0.,1.));
#17355 = DIRECTION('',(1.,0.,-0.));
#17356 = PCURVE('',#17278,#17357);
#17357 = DEFINITIONAL_REPRESENTATION('',(#17358),#17362);
#17358 = CIRCLE('',#17359,12.);
#17359 = AXIS2_PLACEMENT_2D('',#17360,#17361);
#17360 = CARTESIAN_POINT('',(0.,0.));
#17361 = DIRECTION('',(1.,0.));
#17362 = ( GEOMETRIC_REPRESENTATION_CONTEXT(2) 
PARAMETRIC_REPRESENTATION_CONTEXT() REPRESENTATION_CONTEXT('2D SPACE',''
  ) );
#17363 = PCURVE('',#17364,#17369);
#17364 = CYLINDRICAL_SURFACE('',#17365,12.);
#17365 = AXIS2_PLACEMENT_3D('',#17366,#17367,#17368);
#17366 = CARTESIAN_POINT('',(-300.,440.,790.));
#17367 = DIRECTION('',(0.,0.,1.));
#17368 = DIRECTION('',(1.,0.,-0.));
#17369 = DEFINITIONAL_REPRESENTATION('',(#17370),#17374);
#17370 = LINE('',#17371,#17372);
#17371 = CARTESIAN_POINT('',(0.,0.));
#17372 = VECTOR('',#17373,1.);
#17373 = DIRECTION('',(1.,0.));
#17374 = ( GEOMETRIC_REPRESENTATION_CONTEXT(2) 
PARAMETRIC_REPRESENTATION_CONTEXT() REPRESENTATION_CONTEXT('2D SPACE',''
  ) );
#17375 = ADVANCED_FACE('',(#17376,#17379),#17328,.F.);
#17376 = FACE_BOUND('',#17377,.F.);
#17377 = EDGE_LOOP('',(#17378));
#17378 = ORIENTED_EDGE('',*,*,#17313,.T.);
#17379 = FACE_BOUND('',#17380,.F.);
#17380 = EDGE_LOOP('',(#17381));
#17381 = ORIENTED_EDGE('',*,*,#17382,.F.);
#17382 = EDGE_CURVE('',#17383,#17383,#17385,.T.);
#17383 = VERTEX_POINT('',#17384);
#17384 = CARTESIAN_POINT('',(-255.,440.,720.));
#17385 = SURFACE_CURVE('',#17386,(#17391,#17398),.PCURVE_S1.);
#17386 = CIRCLE('',#17387,45.);
#17387 = AXIS2_PLACEMENT_3D('',#17388,#17389,#17390);
#17388 = CARTESIAN_POINT('',(-300.,440.,720.));
#17389 = DIRECTION('',(0.,0.,1.));
#17390 = DIRECTION('',(1.,0.,-0.));
#17391 = PCURVE('',#17328,#17392);
#17392 = DEFINITIONAL_REPRESENTATION('',(#17393),#17397);
#17393 = CIRCLE('',#17394,45.);
#17394 = AXIS2_PLACEMENT_2D('',#17395,#17396);
#17395 = CARTESIAN_POINT('',(0.,0.));
#17396 = DIRECTION('',(1.,0.));
#17397 = ( GEOMETRIC_REPRESENTATION_CONTEXT(2) 
PARAMETRIC_REPRESENTATION_CONTEXT() REPRESENTATION_CONTEXT('2D SPACE',''
  ) );
#17398 = PCURVE('',#17399,#17404);
#17399 = CYLINDRICAL_SURFACE('',#17400,45.);
#17400 = AXIS2_PLACEMENT_3D('',#17401,#17402,#17403);
#17401 = CARTESIAN_POINT('',(-300.,440.,610.));
#17402 = DIRECTION('',(0.,0.,1.));
#17403 = DIRECTION('',(1.,0.,-0.));
#17404 = DEFINITIONAL_REPRESENTATION('',(#17405),#17409);
#17405 = LINE('',#17406,#17407);
#17406 = CARTESIAN_POINT('',(0.,110.));
#17407 = VECTOR('',#17408,1.);
#17408 = DIRECTION('',(1.,0.));
#17409 = ( GEOMETRIC_REPRESENTATION_CONTEXT(2) 
PARAMETRIC_REPRESENTATION_CONTEXT() REPRESENTATION_CONTEXT('2D SPACE',''
  ) );
#17410 = ADVANCED_FACE('',(#17411),#17364,.T.);
#17411 = FACE_BOUND('',#17412,.T.);
#17412 = EDGE_LOOP('',(#17413,#17436,#17465,#17494,#17523,#17545,#17546)
  );
#17413 = ORIENTED_EDGE('',*,*,#17414,.T.);
#17414 = EDGE_CURVE('',#17348,#17415,#17417,.T.);
#17415 = VERTEX_POINT('',#17416);
#17416 = CARTESIAN_POINT('',(-288.,440.,810.));
#17417 = SEAM_CURVE('',#17418,(#17422,#17429),.PCURVE_S1.);
#17418 = LINE('',#17419,#17420);
#17419 = CARTESIAN_POINT('',(-288.,440.,790.));
#17420 = VECTOR('',#17421,1.);
#17421 = DIRECTION('',(0.,0.,1.));
#17422 = PCURVE('',#17364,#17423);
#17423 = DEFINITIONAL_REPRESENTATION('',(#17424),#17428);
#17424 = LINE('',#17425,#17426);
#17425 = CARTESIAN_POINT('',(6.28318530718,-0.));
#17426 = VECTOR('',#17427,1.);
#17427 = DIRECTION('',(0.,1.));
#17428 = ( GEOMETRIC_REPRESENTATION_CONTEXT(2) 
PARAMETRIC_REPRESENTATION_CONTEXT() REPRESENTATION_CONTEXT('2D SPACE',''
  ) );
#17429 = PCURVE('',#17364,#17430);
#17430 = DEFINITIONAL_REPRESENTATION('',(#17431),#17435);
#17431 = LINE('',#17432,#17433);
#17432 = CARTESIAN_POINT('',(0.,-0.));
#17433 = VECTOR('',#17434,1.);
#17434 = DIRECTION('',(0.,1.));
#17435 = ( GEOMETRIC_REPRESENTATION_CONTEXT(2) 
PARAMETRIC_REPRESENTATION_CONTEXT() REPRESENTATION_CONTEXT('2D SPACE',''
  ) );
#17436 = ORIENTED_EDGE('',*,*,#17437,.F.);
#17437 = EDGE_CURVE('',#17438,#17415,#17440,.T.);
#17438 = VERTEX_POINT('',#17439);
#17439 = CARTESIAN_POINT('',(-300.,428.,810.));
#17440 = SURFACE_CURVE('',#17441,(#17446,#17453),.PCURVE_S1.);
#17441 = CIRCLE('',#17442,12.);
#17442 = AXIS2_PLACEMENT_3D('',#17443,#17444,#17445);
#17443 = CARTESIAN_POINT('',(-300.,440.,810.));
#17444 = DIRECTION('',(0.,0.,1.));
#17445 = DIRECTION('',(1.,0.,-0.));
#17446 = PCURVE('',#17364,#17447);
#17447 = DEFINITIONAL_REPRESENTATION('',(#17448),#17452);
#17448 = LINE('',#17449,#17450);
#17449 = CARTESIAN_POINT('',(0.,20.));
#17450 = VECTOR('',#17451,1.);
#17451 = DIRECTION('',(1.,0.));
#17452 = ( GEOMETRIC_REPRESENTATION_CONTEXT(2) 
PARAMETRIC_REPRESENTATION_CONTEXT() REPRESENTATION_CONTEXT('2D SPACE',''
  ) );
#17453 = PCURVE('',#17454,#17459);
#17454 = PLANE('',#17455);
#17455 = AXIS2_PLACEMENT_3D('',#17456,#17457,#17458);
#17456 = CARTESIAN_POINT('',(-312.,428.,810.));
#17457 = DIRECTION('',(0.,0.,1.));
#17458 = DIRECTION('',(1.,0.,-0.));
#17459 = DEFINITIONAL_REPRESENTATION('',(#17460),#17464);
#17460 = CIRCLE('',#17461,12.);
#17461 = AXIS2_PLACEMENT_2D('',#17462,#17463);
#17462 = CARTESIAN_POINT('',(12.,12.));
#17463 = DIRECTION('',(1.,0.));
#17464 = ( GEOMETRIC_REPRESENTATION_CONTEXT(2) 
PARAMETRIC_REPRESENTATION_CONTEXT() REPRESENTATION_CONTEXT('2D SPACE',''
  ) );
#17465 = ORIENTED_EDGE('',*,*,#17466,.F.);
#17466 = EDGE_CURVE('',#17467,#17438,#17469,.T.);
#17467 = VERTEX_POINT('',#17468);
#17468 = CARTESIAN_POINT('',(-312.,440.,810.));
#17469 = SURFACE_CURVE('',#17470,(#17475,#17482),.PCURVE_S1.);
#17470 = CIRCLE('',#17471,12.);
#17471 = AXIS2_PLACEMENT_3D('',#17472,#17473,#17474);
#17472 = CARTESIAN_POINT('',(-300.,440.,810.));
#17473 = DIRECTION('',(0.,0.,1.));
#17474 = DIRECTION('',(1.,0.,-0.));
#17475 = PCURVE('',#17364,#17476);
#17476 = DEFINITIONAL_REPRESENTATION('',(#17477),#17481);
#17477 = LINE('',#17478,#17479);
#17478 = CARTESIAN_POINT('',(0.,20.));
#17479 = VECTOR('',#17480,1.);
#17480 = DIRECTION('',(1.,0.));
#17481 = ( GEOMETRIC_REPRESENTATION_CONTEXT(2) 
PARAMETRIC_REPRESENTATION_CONTEXT() REPRESENTATION_CONTEXT('2D SPACE',''
  ) );
#17482 = PCURVE('',#17483,#17488);
#17483 = PLANE('',#17484);
#17484 = AXIS2_PLACEMENT_3D('',#17485,#17486,#17487);
#17485 = CARTESIAN_POINT('',(-312.,428.,810.));
#17486 = DIRECTION('',(0.,0.,1.));
#17487 = DIRECTION('',(1.,0.,-0.));
#17488 = DEFINITIONAL_REPRESENTATION('',(#17489),#17493);
#17489 = CIRCLE('',#17490,12.);
#17490 = AXIS2_PLACEMENT_2D('',#17491,#17492);
#17491 = CARTESIAN_POINT('',(12.,12.));
#17492 = DIRECTION('',(1.,0.));
#17493 = ( GEOMETRIC_REPRESENTATION_CONTEXT(2) 
PARAMETRIC_REPRESENTATION_CONTEXT() REPRESENTATION_CONTEXT('2D SPACE',''
  ) );
#17494 = ORIENTED_EDGE('',*,*,#17495,.F.);
#17495 = EDGE_CURVE('',#17496,#17467,#17498,.T.);
#17496 = VERTEX_POINT('',#17497);
#17497 = CARTESIAN_POINT('',(-300.,452.,810.));
#17498 = SURFACE_CURVE('',#17499,(#17504,#17511),.PCURVE_S1.);
#17499 = CIRCLE('',#17500,12.);
#17500 = AXIS2_PLACEMENT_3D('',#17501,#17502,#17503);
#17501 = CARTESIAN_POINT('',(-300.,440.,810.));
#17502 = DIRECTION('',(0.,0.,1.));
#17503 = DIRECTION('',(1.,0.,-0.));
#17504 = PCURVE('',#17364,#17505);
#17505 = DEFINITIONAL_REPRESENTATION('',(#17506),#17510);
#17506 = LINE('',#17507,#17508);
#17507 = CARTESIAN_POINT('',(0.,20.));
#17508 = VECTOR('',#17509,1.);
#17509 = DIRECTION('',(1.,0.));
#17510 = ( GEOMETRIC_REPRESENTATION_CONTEXT(2) 
PARAMETRIC_REPRESENTATION_CONTEXT() REPRESENTATION_CONTEXT('2D SPACE',''
  ) );
#17511 = PCURVE('',#17512,#17517);
#17512 = PLANE('',#17513);
#17513 = AXIS2_PLACEMENT_3D('',#17514,#17515,#17516);
#17514 = CARTESIAN_POINT('',(-312.,428.,810.));
#17515 = DIRECTION('',(0.,0.,1.));
#17516 = DIRECTION('',(1.,0.,-0.));
#17517 = DEFINITIONAL_REPRESENTATION('',(#17518),#17522);
#17518 = CIRCLE('',#17519,12.);
#17519 = AXIS2_PLACEMENT_2D('',#17520,#17521);
#17520 = CARTESIAN_POINT('',(12.,12.));
#17521 = DIRECTION('',(1.,0.));
#17522 = ( GEOMETRIC_REPRESENTATION_CONTEXT(2) 
PARAMETRIC_REPRESENTATION_CONTEXT() REPRESENTATION_CONTEXT('2D SPACE',''
  ) );
#17523 = ORIENTED_EDGE('',*,*,#17524,.F.);
#17524 = EDGE_CURVE('',#17415,#17496,#17525,.T.);
#17525 = SURFACE_CURVE('',#17526,(#17531,#17538),.PCURVE_S1.);
#17526 = CIRCLE('',#17527,12.);
#17527 = AXIS2_PLACEMENT_3D('',#17528,#17529,#17530);
#17528 = CARTESIAN_POINT('',(-300.,440.,810.));
#17529 = DIRECTION('',(0.,0.,1.));
#17530 = DIRECTION('',(1.,0.,-0.));
#17531 = PCURVE('',#17364,#17532);
#17532 = DEFINITIONAL_REPRESENTATION('',(#17533),#17537);
#17533 = LINE('',#17534,#17535);
#17534 = CARTESIAN_POINT('',(0.,20.));
#17535 = VECTOR('',#17536,1.);
#17536 = DIRECTION('',(1.,0.));
#17537 = ( GEOMETRIC_REPRESENTATION_CONTEXT(2) 
PARAMETRIC_REPRESENTATION_CONTEXT() REPRESENTATION_CONTEXT('2D SPACE',''
  ) );
#17538 = PCURVE('',#17454,#17539);
#17539 = DEFINITIONAL_REPRESENTATION('',(#17540),#17544);
#17540 = CIRCLE('',#17541,12.);
#17541 = AXIS2_PLACEMENT_2D('',#17542,#17543);
#17542 = CARTESIAN_POINT('',(12.,12.));
#17543 = DIRECTION('',(1.,0.));
#17544 = ( GEOMETRIC_REPRESENTATION_CONTEXT(2) 
PARAMETRIC_REPRESENTATION_CONTEXT() REPRESENTATION_CONTEXT('2D SPACE',''
  ) );
#17545 = ORIENTED_EDGE('',*,*,#17414,.F.);
#17546 = ORIENTED_EDGE('',*,*,#17347,.T.);
#17547 = ADVANCED_FACE('',(#17548),#17399,.T.);
#17548 = FACE_BOUND('',#17549,.T.);
#17549 = EDGE_LOOP('',(#17550,#17551,#17574,#17601));
#17550 = ORIENTED_EDGE('',*,*,#17382,.F.);
#17551 = ORIENTED_EDGE('',*,*,#17552,.F.);
#17552 = EDGE_CURVE('',#17553,#17383,#17555,.T.);
#17553 = VERTEX_POINT('',#17554);
#17554 = CARTESIAN_POINT('',(-255.,440.,610.));
#17555 = SEAM_CURVE('',#17556,(#17560,#17567),.PCURVE_S1.);
#17556 = LINE('',#17557,#17558);
#17557 = CARTESIAN_POINT('',(-255.,440.,610.));
#17558 = VECTOR('',#17559,1.);
#17559 = DIRECTION('',(0.,0.,1.));
#17560 = PCURVE('',#17399,#17561);
#17561 = DEFINITIONAL_REPRESENTATION('',(#17562),#17566);
#17562 = LINE('',#17563,#17564);
#17563 = CARTESIAN_POINT('',(6.28318530718,-0.));
#17564 = VECTOR('',#17565,1.);
#17565 = DIRECTION('',(0.,1.));
#17566 = ( GEOMETRIC_REPRESENTATION_CONTEXT(2) 
PARAMETRIC_REPRESENTATION_CONTEXT() REPRESENTATION_CONTEXT('2D SPACE',''
  ) );
#17567 = PCURVE('',#17399,#17568);
#17568 = DEFINITIONAL_REPRESENTATION('',(#17569),#17573);
#17569 = LINE('',#17570,#17571);
#17570 = CARTESIAN_POINT('',(0.,-0.));
#17571 = VECTOR('',#17572,1.);
#17572 = DIRECTION('',(0.,1.));
#17573 = ( GEOMETRIC_REPRESENTATION_CONTEXT(2) 
PARAMETRIC_REPRESENTATION_CONTEXT() REPRESENTATION_CONTEXT('2D SPACE',''
  ) );
#17574 = ORIENTED_EDGE('',*,*,#17575,.T.);
#17575 = EDGE_CURVE('',#17553,#17553,#17576,.T.);
#17576 = SURFACE_CURVE('',#17577,(#17582,#17589),.PCURVE_S1.);
#17577 = CIRCLE('',#17578,45.);
#17578 = AXIS2_PLACEMENT_3D('',#17579,#17580,#17581);
#17579 = CARTESIAN_POINT('',(-300.,440.,610.));
#17580 = DIRECTION('',(0.,0.,1.));
#17581 = DIRECTION('',(1.,0.,-0.));
#17582 = PCURVE('',#17399,#17583);
#17583 = DEFINITIONAL_REPRESENTATION('',(#17584),#17588);
#17584 = LINE('',#17585,#17586);
#17585 = CARTESIAN_POINT('',(0.,0.));
#17586 = VECTOR('',#17587,1.);
#17587 = DIRECTION('',(1.,0.));
#17588 = ( GEOMETRIC_REPRESENTATION_CONTEXT(2) 
PARAMETRIC_REPRESENTATION_CONTEXT() REPRESENTATION_CONTEXT('2D SPACE',''
  ) );
#17589 = PCURVE('',#17590,#17595);
#17590 = PLANE('',#17591);
#17591 = AXIS2_PLACEMENT_3D('',#17592,#17593,#17594);
#17592 = CARTESIAN_POINT('',(-300.,440.,610.));
#17593 = DIRECTION('',(0.,0.,1.));
#17594 = DIRECTION('',(1.,0.,-0.));
#17595 = DEFINITIONAL_REPRESENTATION('',(#17596),#17600);
#17596 = CIRCLE('',#17597,45.);
#17597 = AXIS2_PLACEMENT_2D('',#17598,#17599);
#17598 = CARTESIAN_POINT('',(0.,0.));
#17599 = DIRECTION('',(1.,0.));
#17600 = ( GEOMETRIC_REPRESENTATION_CONTEXT(2) 
PARAMETRIC_REPRESENTATION_CONTEXT() REPRESENTATION_CONTEXT('2D SPACE',''
  ) );
#17601 = ORIENTED_EDGE('',*,*,#17552,.T.);
#17602 = ADVANCED_FACE('',(#17603),#17454,.F.);
#17603 = FACE_BOUND('',#17604,.F.);
#17604 = EDGE_LOOP('',(#17605,#17606,#17634,#17662,#17688));
#17605 = ORIENTED_EDGE('',*,*,#17437,.F.);
#17606 = ORIENTED_EDGE('',*,*,#17607,.T.);
#17607 = EDGE_CURVE('',#17438,#17608,#17610,.T.);
#17608 = VERTEX_POINT('',#17609);
#17609 = CARTESIAN_POINT('',(-50.,428.,810.));
#17610 = SURFACE_CURVE('',#17611,(#17615,#17622),.PCURVE_S1.);
#17611 = LINE('',#17612,#17613);
#17612 = CARTESIAN_POINT('',(-312.,428.,810.));
#17613 = VECTOR('',#17614,1.);
#17614 = DIRECTION('',(1.,0.,-0.));
#17615 = PCURVE('',#17454,#17616);
#17616 = DEFINITIONAL_REPRESENTATION('',(#17617),#17621);
#17617 = LINE('',#17618,#17619);
#17618 = CARTESIAN_POINT('',(0.,0.));
#17619 = VECTOR('',#17620,1.);
#17620 = DIRECTION('',(1.,0.));
#17621 = ( GEOMETRIC_REPRESENTATION_CONTEXT(2) 
PARAMETRIC_REPRESENTATION_CONTEXT() REPRESENTATION_CONTEXT('2D SPACE',''
  ) );
#17622 = PCURVE('',#17623,#17628);
#17623 = PLANE('',#17624);
#17624 = AXIS2_PLACEMENT_3D('',#17625,#17626,#17627);
#17625 = CARTESIAN_POINT('',(-312.,428.,810.));
#17626 = DIRECTION('',(-0.,1.,0.));
#17627 = DIRECTION('',(0.,0.,1.));
#17628 = DEFINITIONAL_REPRESENTATION('',(#17629),#17633);
#17629 = LINE('',#17630,#17631);
#17630 = CARTESIAN_POINT('',(0.,0.));
#17631 = VECTOR('',#17632,1.);
#17632 = DIRECTION('',(0.,1.));
#17633 = ( GEOMETRIC_REPRESENTATION_CONTEXT(2) 
PARAMETRIC_REPRESENTATION_CONTEXT() REPRESENTATION_CONTEXT('2D SPACE',''
  ) );
#17634 = ORIENTED_EDGE('',*,*,#17635,.T.);
#17635 = EDGE_CURVE('',#17608,#17636,#17638,.T.);
#17636 = VERTEX_POINT('',#17637);
#17637 = CARTESIAN_POINT('',(-50.,452.,810.));
#17638 = SURFACE_CURVE('',#17639,(#17643,#17650),.PCURVE_S1.);
#17639 = LINE('',#17640,#17641);
#17640 = CARTESIAN_POINT('',(-50.,428.,810.));
#17641 = VECTOR('',#17642,1.);
#17642 = DIRECTION('',(-0.,1.,0.));
#17643 = PCURVE('',#17454,#17644);
#17644 = DEFINITIONAL_REPRESENTATION('',(#17645),#17649);
#17645 = LINE('',#17646,#17647);
#17646 = CARTESIAN_POINT('',(262.,0.));
#17647 = VECTOR('',#17648,1.);
#17648 = DIRECTION('',(0.,1.));
#17649 = ( GEOMETRIC_REPRESENTATION_CONTEXT(2) 
PARAMETRIC_REPRESENTATION_CONTEXT() REPRESENTATION_CONTEXT('2D SPACE',''
  ) );
#17650 = PCURVE('',#17651,#17656);
#17651 = PLANE('',#17652);
#17652 = AXIS2_PLACEMENT_3D('',#17653,#17654,#17655);
#17653 = CARTESIAN_POINT('',(-50.,428.,810.));
#17654 = DIRECTION('',(1.,0.,-0.));
#17655 = DIRECTION('',(0.,0.,1.));
#17656 = DEFINITIONAL_REPRESENTATION('',(#17657),#17661);
#17657 = LINE('',#17658,#17659);
#17658 = CARTESIAN_POINT('',(0.,0.));
#17659 = VECTOR('',#17660,1.);
#17660 = DIRECTION('',(0.,-1.));
#17661 = ( GEOMETRIC_REPRESENTATION_CONTEXT(2) 
PARAMETRIC_REPRESENTATION_CONTEXT() REPRESENTATION_CONTEXT('2D SPACE',''
  ) );
#17662 = ORIENTED_EDGE('',*,*,#17663,.F.);
#17663 = EDGE_CURVE('',#17496,#17636,#17664,.T.);
#17664 = SURFACE_CURVE('',#17665,(#17669,#17676),.PCURVE_S1.);
#17665 = LINE('',#17666,#17667);
#17666 = CARTESIAN_POINT('',(-312.,452.,810.));
#17667 = VECTOR('',#17668,1.);
#17668 = DIRECTION('',(1.,0.,-0.));
#17669 = PCURVE('',#17454,#17670);
#17670 = DEFINITIONAL_REPRESENTATION('',(#17671),#17675);
#17671 = LINE('',#17672,#17673);
#17672 = CARTESIAN_POINT('',(0.,24.));
#17673 = VECTOR('',#17674,1.);
#17674 = DIRECTION('',(1.,0.));
#17675 = ( GEOMETRIC_REPRESENTATION_CONTEXT(2) 
PARAMETRIC_REPRESENTATION_CONTEXT() REPRESENTATION_CONTEXT('2D SPACE',''
  ) );
#17676 = PCURVE('',#17677,#17682);
#17677 = PLANE('',#17678);
#17678 = AXIS2_PLACEMENT_3D('',#17679,#17680,#17681);
#17679 = CARTESIAN_POINT('',(-312.,452.,810.));
#17680 = DIRECTION('',(-0.,1.,0.));
#17681 = DIRECTION('',(0.,0.,1.));
#17682 = DEFINITIONAL_REPRESENTATION('',(#17683),#17687);
#17683 = LINE('',#17684,#17685);
#17684 = CARTESIAN_POINT('',(0.,0.));
#17685 = VECTOR('',#17686,1.);
#17686 = DIRECTION('',(0.,1.));
#17687 = ( GEOMETRIC_REPRESENTATION_CONTEXT(2) 
PARAMETRIC_REPRESENTATION_CONTEXT() REPRESENTATION_CONTEXT('2D SPACE',''
  ) );
#17688 = ORIENTED_EDGE('',*,*,#17524,.F.);
#17689 = ADVANCED_FACE('',(#17690),#17512,.F.);
#17690 = FACE_BOUND('',#17691,.F.);
#17691 = EDGE_LOOP('',(#17692,#17720,#17721));
#17692 = ORIENTED_EDGE('',*,*,#17693,.F.);
#17693 = EDGE_CURVE('',#17467,#17694,#17696,.T.);
#17694 = VERTEX_POINT('',#17695);
#17695 = CARTESIAN_POINT('',(-312.,452.,810.));
#17696 = SURFACE_CURVE('',#17697,(#17701,#17708),.PCURVE_S1.);
#17697 = LINE('',#17698,#17699);
#17698 = CARTESIAN_POINT('',(-312.,428.,810.));
#17699 = VECTOR('',#17700,1.);
#17700 = DIRECTION('',(-0.,1.,0.));
#17701 = PCURVE('',#17512,#17702);
#17702 = DEFINITIONAL_REPRESENTATION('',(#17703),#17707);
#17703 = LINE('',#17704,#17705);
#17704 = CARTESIAN_POINT('',(0.,0.));
#17705 = VECTOR('',#17706,1.);
#17706 = DIRECTION('',(0.,1.));
#17707 = ( GEOMETRIC_REPRESENTATION_CONTEXT(2) 
PARAMETRIC_REPRESENTATION_CONTEXT() REPRESENTATION_CONTEXT('2D SPACE',''
  ) );
#17708 = PCURVE('',#17709,#17714);
#17709 = PLANE('',#17710);
#17710 = AXIS2_PLACEMENT_3D('',#17711,#17712,#17713);
#17711 = CARTESIAN_POINT('',(-312.,428.,810.));
#17712 = DIRECTION('',(1.,0.,-0.));
#17713 = DIRECTION('',(0.,0.,1.));
#17714 = DEFINITIONAL_REPRESENTATION('',(#17715),#17719);
#17715 = LINE('',#17716,#17717);
#17716 = CARTESIAN_POINT('',(0.,0.));
#17717 = VECTOR('',#17718,1.);
#17718 = DIRECTION('',(0.,-1.));
#17719 = ( GEOMETRIC_REPRESENTATION_CONTEXT(2) 
PARAMETRIC_REPRESENTATION_CONTEXT() REPRESENTATION_CONTEXT('2D SPACE',''
  ) );
#17720 = ORIENTED_EDGE('',*,*,#17495,.F.);
#17721 = ORIENTED_EDGE('',*,*,#17722,.F.);
#17722 = EDGE_CURVE('',#17694,#17496,#17723,.T.);
#17723 = SURFACE_CURVE('',#17724,(#17728,#17735),.PCURVE_S1.);
#17724 = LINE('',#17725,#17726);
#17725 = CARTESIAN_POINT('',(-312.,452.,810.));
#17726 = VECTOR('',#17727,1.);
#17727 = DIRECTION('',(1.,0.,-0.));
#17728 = PCURVE('',#17512,#17729);
#17729 = DEFINITIONAL_REPRESENTATION('',(#17730),#17734);
#17730 = LINE('',#17731,#17732);
#17731 = CARTESIAN_POINT('',(0.,24.));
#17732 = VECTOR('',#17733,1.);
#17733 = DIRECTION('',(1.,0.));
#17734 = ( GEOMETRIC_REPRESENTATION_CONTEXT(2) 
PARAMETRIC_REPRESENTATION_CONTEXT() REPRESENTATION_CONTEXT('2D SPACE',''
  ) );
#17735 = PCURVE('',#17677,#17736);
#17736 = DEFINITIONAL_REPRESENTATION('',(#17737),#17741);
#17737 = LINE('',#17738,#17739);
#17738 = CARTESIAN_POINT('',(0.,0.));
#17739 = VECTOR('',#17740,1.);
#17740 = DIRECTION('',(0.,1.));
#17741 = ( GEOMETRIC_REPRESENTATION_CONTEXT(2) 
PARAMETRIC_REPRESENTATION_CONTEXT() REPRESENTATION_CONTEXT('2D SPACE',''
  ) );
#17742 = ADVANCED_FACE('',(#17743),#17483,.F.);
#17743 = FACE_BOUND('',#17744,.F.);
#17744 = EDGE_LOOP('',(#17745,#17768,#17789));
#17745 = ORIENTED_EDGE('',*,*,#17746,.F.);
#17746 = EDGE_CURVE('',#17747,#17467,#17749,.T.);
#17747 = VERTEX_POINT('',#17748);
#17748 = CARTESIAN_POINT('',(-312.,428.,810.));
#17749 = SURFACE_CURVE('',#17750,(#17754,#17761),.PCURVE_S1.);
#17750 = LINE('',#17751,#17752);
#17751 = CARTESIAN_POINT('',(-312.,428.,810.));
#17752 = VECTOR('',#17753,1.);
#17753 = DIRECTION('',(-0.,1.,0.));
#17754 = PCURVE('',#17483,#17755);
#17755 = DEFINITIONAL_REPRESENTATION('',(#17756),#17760);
#17756 = LINE('',#17757,#17758);
#17757 = CARTESIAN_POINT('',(0.,0.));
#17758 = VECTOR('',#17759,1.);
#17759 = DIRECTION('',(0.,1.));
#17760 = ( GEOMETRIC_REPRESENTATION_CONTEXT(2) 
PARAMETRIC_REPRESENTATION_CONTEXT() REPRESENTATION_CONTEXT('2D SPACE',''
  ) );
#17761 = PCURVE('',#17709,#17762);
#17762 = DEFINITIONAL_REPRESENTATION('',(#17763),#17767);
#17763 = LINE('',#17764,#17765);
#17764 = CARTESIAN_POINT('',(0.,0.));
#17765 = VECTOR('',#17766,1.);
#17766 = DIRECTION('',(0.,-1.));
#17767 = ( GEOMETRIC_REPRESENTATION_CONTEXT(2) 
PARAMETRIC_REPRESENTATION_CONTEXT() REPRESENTATION_CONTEXT('2D SPACE',''
  ) );
#17768 = ORIENTED_EDGE('',*,*,#17769,.T.);
#17769 = EDGE_CURVE('',#17747,#17438,#17770,.T.);
#17770 = SURFACE_CURVE('',#17771,(#17775,#17782),.PCURVE_S1.);
#17771 = LINE('',#17772,#17773);
#17772 = CARTESIAN_POINT('',(-312.,428.,810.));
#17773 = VECTOR('',#17774,1.);
#17774 = DIRECTION('',(1.,0.,-0.));
#17775 = PCURVE('',#17483,#17776);
#17776 = DEFINITIONAL_REPRESENTATION('',(#17777),#17781);
#17777 = LINE('',#17778,#17779);
#17778 = CARTESIAN_POINT('',(0.,0.));
#17779 = VECTOR('',#17780,1.);
#17780 = DIRECTION('',(1.,0.));
#17781 = ( GEOMETRIC_REPRESENTATION_CONTEXT(2) 
PARAMETRIC_REPRESENTATION_CONTEXT() REPRESENTATION_CONTEXT('2D SPACE',''
  ) );
#17782 = PCURVE('',#17623,#17783);
#17783 = DEFINITIONAL_REPRESENTATION('',(#17784),#17788);
#17784 = LINE('',#17785,#17786);
#17785 = CARTESIAN_POINT('',(0.,0.));
#17786 = VECTOR('',#17787,1.);
#17787 = DIRECTION('',(0.,1.));
#17788 = ( GEOMETRIC_REPRESENTATION_CONTEXT(2) 
PARAMETRIC_REPRESENTATION_CONTEXT() REPRESENTATION_CONTEXT('2D SPACE',''
  ) );
#17789 = ORIENTED_EDGE('',*,*,#17466,.F.);
#17790 = ADVANCED_FACE('',(#17791,#17822),#17590,.T.);
#17791 = FACE_BOUND('',#17792,.T.);
#17792 = EDGE_LOOP('',(#17793));
#17793 = ORIENTED_EDGE('',*,*,#17794,.T.);
#17794 = EDGE_CURVE('',#17795,#17795,#17797,.T.);
#17795 = VERTEX_POINT('',#17796);
#17796 = CARTESIAN_POINT('',(-200.,440.,610.));
#17797 = SURFACE_CURVE('',#17798,(#17803,#17810),.PCURVE_S1.);
#17798 = CIRCLE('',#17799,100.);
#17799 = AXIS2_PLACEMENT_3D('',#17800,#17801,#17802);
#17800 = CARTESIAN_POINT('',(-300.,440.,610.));
#17801 = DIRECTION('',(0.,0.,1.));
#17802 = DIRECTION('',(1.,0.,-0.));
#17803 = PCURVE('',#17590,#17804);
#17804 = DEFINITIONAL_REPRESENTATION('',(#17805),#17809);
#17805 = CIRCLE('',#17806,100.);
#17806 = AXIS2_PLACEMENT_2D('',#17807,#17808);
#17807 = CARTESIAN_POINT('',(0.,0.));
#17808 = DIRECTION('',(1.,0.));
#17809 = ( GEOMETRIC_REPRESENTATION_CONTEXT(2) 
PARAMETRIC_REPRESENTATION_CONTEXT() REPRESENTATION_CONTEXT('2D SPACE',''
  ) );
#17810 = PCURVE('',#17811,#17816);
#17811 = CYLINDRICAL_SURFACE('',#17812,100.);
#17812 = AXIS2_PLACEMENT_3D('',#17813,#17814,#17815);
#17813 = CARTESIAN_POINT('',(-300.,440.,570.));
#17814 = DIRECTION('',(0.,0.,1.));
#17815 = DIRECTION('',(1.,0.,-0.));
#17816 = DEFINITIONAL_REPRESENTATION('',(#17817),#17821);
#17817 = LINE('',#17818,#17819);
#17818 = CARTESIAN_POINT('',(0.,40.));
#17819 = VECTOR('',#17820,1.);
#17820 = DIRECTION('',(1.,0.));
#17821 = ( GEOMETRIC_REPRESENTATION_CONTEXT(2) 
PARAMETRIC_REPRESENTATION_CONTEXT() REPRESENTATION_CONTEXT('2D SPACE',''
  ) );
#17822 = FACE_BOUND('',#17823,.T.);
#17823 = EDGE_LOOP('',(#17824));
#17824 = ORIENTED_EDGE('',*,*,#17575,.F.);
#17825 = ADVANCED_FACE('',(#17826),#17677,.T.);
#17826 = FACE_BOUND('',#17827,.T.);
#17827 = EDGE_LOOP('',(#17828,#17829,#17852,#17880,#17908,#17936,#17957)
  );
#17828 = ORIENTED_EDGE('',*,*,#17722,.F.);
#17829 = ORIENTED_EDGE('',*,*,#17830,.T.);
#17830 = EDGE_CURVE('',#17694,#17831,#17833,.T.);
#17831 = VERTEX_POINT('',#17832);
#17832 = CARTESIAN_POINT('',(-312.,452.,824.));
#17833 = SURFACE_CURVE('',#17834,(#17838,#17845),.PCURVE_S1.);
#17834 = LINE('',#17835,#17836);
#17835 = CARTESIAN_POINT('',(-312.,452.,810.));
#17836 = VECTOR('',#17837,1.);
#17837 = DIRECTION('',(0.,0.,1.));
#17838 = PCURVE('',#17677,#17839);
#17839 = DEFINITIONAL_REPRESENTATION('',(#17840),#17844);
#17840 = LINE('',#17841,#17842);
#17841 = CARTESIAN_POINT('',(0.,0.));
#17842 = VECTOR('',#17843,1.);
#17843 = DIRECTION('',(1.,0.));
#17844 = ( GEOMETRIC_REPRESENTATION_CONTEXT(2) 
PARAMETRIC_REPRESENTATION_CONTEXT() REPRESENTATION_CONTEXT('2D SPACE',''
  ) );
#17845 = PCURVE('',#17709,#17846);
#17846 = DEFINITIONAL_REPRESENTATION('',(#17847),#17851);
#17847 = LINE('',#17848,#17849);
#17848 = CARTESIAN_POINT('',(0.,-24.));
#17849 = VECTOR('',#17850,1.);
#17850 = DIRECTION('',(1.,0.));
#17851 = ( GEOMETRIC_REPRESENTATION_CONTEXT(2) 
PARAMETRIC_REPRESENTATION_CONTEXT() REPRESENTATION_CONTEXT('2D SPACE',''
  ) );
#17852 = ORIENTED_EDGE('',*,*,#17853,.T.);
#17853 = EDGE_CURVE('',#17831,#17854,#17856,.T.);
#17854 = VERTEX_POINT('',#17855);
#17855 = CARTESIAN_POINT('',(-75.58300524425,452.,824.));
#17856 = SURFACE_CURVE('',#17857,(#17861,#17868),.PCURVE_S1.);
#17857 = LINE('',#17858,#17859);
#17858 = CARTESIAN_POINT('',(-312.,452.,824.));
#17859 = VECTOR('',#17860,1.);
#17860 = DIRECTION('',(1.,0.,-0.));
#17861 = PCURVE('',#17677,#17862);
#17862 = DEFINITIONAL_REPRESENTATION('',(#17863),#17867);
#17863 = LINE('',#17864,#17865);
#17864 = CARTESIAN_POINT('',(14.,0.));
#17865 = VECTOR('',#17866,1.);
#17866 = DIRECTION('',(0.,1.));
#17867 = ( GEOMETRIC_REPRESENTATION_CONTEXT(2) 
PARAMETRIC_REPRESENTATION_CONTEXT() REPRESENTATION_CONTEXT('2D SPACE',''
  ) );
#17868 = PCURVE('',#17869,#17874);
#17869 = PLANE('',#17870);
#17870 = AXIS2_PLACEMENT_3D('',#17871,#17872,#17873);
#17871 = CARTESIAN_POINT('',(-312.,428.,824.));
#17872 = DIRECTION('',(0.,0.,1.));
#17873 = DIRECTION('',(1.,0.,-0.));
#17874 = DEFINITIONAL_REPRESENTATION('',(#17875),#17879);
#17875 = LINE('',#17876,#17877);
#17876 = CARTESIAN_POINT('',(0.,24.));
#17877 = VECTOR('',#17878,1.);
#17878 = DIRECTION('',(1.,0.));
#17879 = ( GEOMETRIC_REPRESENTATION_CONTEXT(2) 
PARAMETRIC_REPRESENTATION_CONTEXT() REPRESENTATION_CONTEXT('2D SPACE',''
  ) );
#17880 = ORIENTED_EDGE('',*,*,#17881,.T.);
#17881 = EDGE_CURVE('',#17854,#17882,#17884,.T.);
#17882 = VERTEX_POINT('',#17883);
#17883 = CARTESIAN_POINT('',(-54.41699475574,452.,824.));
#17884 = SURFACE_CURVE('',#17885,(#17889,#17896),.PCURVE_S1.);
#17885 = LINE('',#17886,#17887);
#17886 = CARTESIAN_POINT('',(-312.,452.,824.));
#17887 = VECTOR('',#17888,1.);
#17888 = DIRECTION('',(1.,0.,-0.));
#17889 = PCURVE('',#17677,#17890);
#17890 = DEFINITIONAL_REPRESENTATION('',(#17891),#17895);
#17891 = LINE('',#17892,#17893);
#17892 = CARTESIAN_POINT('',(14.,0.));
#17893 = VECTOR('',#17894,1.);
#17894 = DIRECTION('',(0.,1.));
#17895 = ( GEOMETRIC_REPRESENTATION_CONTEXT(2) 
PARAMETRIC_REPRESENTATION_CONTEXT() REPRESENTATION_CONTEXT('2D SPACE',''
  ) );
#17896 = PCURVE('',#17897,#17902);
#17897 = PLANE('',#17898);
#17898 = AXIS2_PLACEMENT_3D('',#17899,#17900,#17901);
#17899 = CARTESIAN_POINT('',(-65.,440.,824.));
#17900 = DIRECTION('',(0.,0.,1.));
#17901 = DIRECTION('',(1.,0.,-0.));
#17902 = DEFINITIONAL_REPRESENTATION('',(#17903),#17907);
#17903 = LINE('',#17904,#17905);
#17904 = CARTESIAN_POINT('',(-247.,12.));
#17905 = VECTOR('',#17906,1.);
#17906 = DIRECTION('',(1.,0.));
#17907 = ( GEOMETRIC_REPRESENTATION_CONTEXT(2) 
PARAMETRIC_REPRESENTATION_CONTEXT() REPRESENTATION_CONTEXT('2D SPACE',''
  ) );
#17908 = ORIENTED_EDGE('',*,*,#17909,.T.);
#17909 = EDGE_CURVE('',#17882,#17910,#17912,.T.);
#17910 = VERTEX_POINT('',#17911);
#17911 = CARTESIAN_POINT('',(-50.,452.,824.));
#17912 = SURFACE_CURVE('',#17913,(#17917,#17924),.PCURVE_S1.);
#17913 = LINE('',#17914,#17915);
#17914 = CARTESIAN_POINT('',(-312.,452.,824.));
#17915 = VECTOR('',#17916,1.);
#17916 = DIRECTION('',(1.,0.,-0.));
#17917 = PCURVE('',#17677,#17918);
#17918 = DEFINITIONAL_REPRESENTATION('',(#17919),#17923);
#17919 = LINE('',#17920,#17921);
#17920 = CARTESIAN_POINT('',(14.,0.));
#17921 = VECTOR('',#17922,1.);
#17922 = DIRECTION('',(0.,1.));
#17923 = ( GEOMETRIC_REPRESENTATION_CONTEXT(2) 
PARAMETRIC_REPRESENTATION_CONTEXT() REPRESENTATION_CONTEXT('2D SPACE',''
  ) );
#17924 = PCURVE('',#17925,#17930);
#17925 = PLANE('',#17926);
#17926 = AXIS2_PLACEMENT_3D('',#17927,#17928,#17929);
#17927 = CARTESIAN_POINT('',(-312.,428.,824.));
#17928 = DIRECTION('',(0.,0.,1.));
#17929 = DIRECTION('',(1.,0.,-0.));
#17930 = DEFINITIONAL_REPRESENTATION('',(#17931),#17935);
#17931 = LINE('',#17932,#17933);
#17932 = CARTESIAN_POINT('',(0.,24.));
#17933 = VECTOR('',#17934,1.);
#17934 = DIRECTION('',(1.,0.));
#17935 = ( GEOMETRIC_REPRESENTATION_CONTEXT(2) 
PARAMETRIC_REPRESENTATION_CONTEXT() REPRESENTATION_CONTEXT('2D SPACE',''
  ) );
#17936 = ORIENTED_EDGE('',*,*,#17937,.F.);
#17937 = EDGE_CURVE('',#17636,#17910,#17938,.T.);
#17938 = SURFACE_CURVE('',#17939,(#17943,#17950),.PCURVE_S1.);
#17939 = LINE('',#17940,#17941);
#17940 = CARTESIAN_POINT('',(-50.,452.,810.));
#17941 = VECTOR('',#17942,1.);
#17942 = DIRECTION('',(0.,0.,1.));
#17943 = PCURVE('',#17677,#17944);
#17944 = DEFINITIONAL_REPRESENTATION('',(#17945),#17949);
#17945 = LINE('',#17946,#17947);
#17946 = CARTESIAN_POINT('',(0.,262.));
#17947 = VECTOR('',#17948,1.);
#17948 = DIRECTION('',(1.,0.));
#17949 = ( GEOMETRIC_REPRESENTATION_CONTEXT(2) 
PARAMETRIC_REPRESENTATION_CONTEXT() REPRESENTATION_CONTEXT('2D SPACE',''
  ) );
#17950 = PCURVE('',#17651,#17951);
#17951 = DEFINITIONAL_REPRESENTATION('',(#17952),#17956);
#17952 = LINE('',#17953,#17954);
#17953 = CARTESIAN_POINT('',(0.,-24.));
#17954 = VECTOR('',#17955,1.);
#17955 = DIRECTION('',(1.,0.));
#17956 = ( GEOMETRIC_REPRESENTATION_CONTEXT(2) 
PARAMETRIC_REPRESENTATION_CONTEXT() REPRESENTATION_CONTEXT('2D SPACE',''
  ) );
#17957 = ORIENTED_EDGE('',*,*,#17663,.F.);
#17958 = ADVANCED_FACE('',(#17959),#17651,.T.);
#17959 = FACE_BOUND('',#17960,.T.);
#17960 = EDGE_LOOP('',(#17961,#17984,#17985,#17986,#18009,#18037));
#17961 = ORIENTED_EDGE('',*,*,#17962,.F.);
#17962 = EDGE_CURVE('',#17608,#17963,#17965,.T.);
#17963 = VERTEX_POINT('',#17964);
#17964 = CARTESIAN_POINT('',(-50.,428.,824.));
#17965 = SURFACE_CURVE('',#17966,(#17970,#17977),.PCURVE_S1.);
#17966 = LINE('',#17967,#17968);
#17967 = CARTESIAN_POINT('',(-50.,428.,810.));
#17968 = VECTOR('',#17969,1.);
#17969 = DIRECTION('',(0.,0.,1.));
#17970 = PCURVE('',#17651,#17971);
#17971 = DEFINITIONAL_REPRESENTATION('',(#17972),#17976);
#17972 = LINE('',#17973,#17974);
#17973 = CARTESIAN_POINT('',(0.,0.));
#17974 = VECTOR('',#17975,1.);
#17975 = DIRECTION('',(1.,0.));
#17976 = ( GEOMETRIC_REPRESENTATION_CONTEXT(2) 
PARAMETRIC_REPRESENTATION_CONTEXT() REPRESENTATION_CONTEXT('2D SPACE',''
  ) );
#17977 = PCURVE('',#17623,#17978);
#17978 = DEFINITIONAL_REPRESENTATION('',(#17979),#17983);
#17979 = LINE('',#17980,#17981);
#17980 = CARTESIAN_POINT('',(0.,262.));
#17981 = VECTOR('',#17982,1.);
#17982 = DIRECTION('',(1.,0.));
#17983 = ( GEOMETRIC_REPRESENTATION_CONTEXT(2) 
PARAMETRIC_REPRESENTATION_CONTEXT() REPRESENTATION_CONTEXT('2D SPACE',''
  ) );
#17984 = ORIENTED_EDGE('',*,*,#17635,.T.);
#17985 = ORIENTED_EDGE('',*,*,#17937,.T.);
#17986 = ORIENTED_EDGE('',*,*,#17987,.F.);
#17987 = EDGE_CURVE('',#17988,#17910,#17990,.T.);
#17988 = VERTEX_POINT('',#17989);
#17989 = CARTESIAN_POINT('',(-50.,445.56776436283,824.));
#17990 = SURFACE_CURVE('',#17991,(#17995,#18002),.PCURVE_S1.);
#17991 = LINE('',#17992,#17993);
#17992 = CARTESIAN_POINT('',(-50.,428.,824.));
#17993 = VECTOR('',#17994,1.);
#17994 = DIRECTION('',(-0.,1.,0.));
#17995 = PCURVE('',#17651,#17996);
#17996 = DEFINITIONAL_REPRESENTATION('',(#17997),#18001);
#17997 = LINE('',#17998,#17999);
#17998 = CARTESIAN_POINT('',(14.,0.));
#17999 = VECTOR('',#18000,1.);
#18000 = DIRECTION('',(0.,-1.));
#18001 = ( GEOMETRIC_REPRESENTATION_CONTEXT(2) 
PARAMETRIC_REPRESENTATION_CONTEXT() REPRESENTATION_CONTEXT('2D SPACE',''
  ) );
#18002 = PCURVE('',#17925,#18003);
#18003 = DEFINITIONAL_REPRESENTATION('',(#18004),#18008);
#18004 = LINE('',#18005,#18006);
#18005 = CARTESIAN_POINT('',(262.,0.));
#18006 = VECTOR('',#18007,1.);
#18007 = DIRECTION('',(0.,1.));
#18008 = ( GEOMETRIC_REPRESENTATION_CONTEXT(2) 
PARAMETRIC_REPRESENTATION_CONTEXT() REPRESENTATION_CONTEXT('2D SPACE',''
  ) );
#18009 = ORIENTED_EDGE('',*,*,#18010,.F.);
#18010 = EDGE_CURVE('',#18011,#17988,#18013,.T.);
#18011 = VERTEX_POINT('',#18012);
#18012 = CARTESIAN_POINT('',(-50.,434.43223563716,824.));
#18013 = SURFACE_CURVE('',#18014,(#18018,#18025),.PCURVE_S1.);
#18014 = LINE('',#18015,#18016);
#18015 = CARTESIAN_POINT('',(-50.,428.,824.));
#18016 = VECTOR('',#18017,1.);
#18017 = DIRECTION('',(-0.,1.,0.));
#18018 = PCURVE('',#17651,#18019);
#18019 = DEFINITIONAL_REPRESENTATION('',(#18020),#18024);
#18020 = LINE('',#18021,#18022);
#18021 = CARTESIAN_POINT('',(14.,0.));
#18022 = VECTOR('',#18023,1.);
#18023 = DIRECTION('',(0.,-1.));
#18024 = ( GEOMETRIC_REPRESENTATION_CONTEXT(2) 
PARAMETRIC_REPRESENTATION_CONTEXT() REPRESENTATION_CONTEXT('2D SPACE',''
  ) );
#18025 = PCURVE('',#18026,#18031);
#18026 = PLANE('',#18027);
#18027 = AXIS2_PLACEMENT_3D('',#18028,#18029,#18030);
#18028 = CARTESIAN_POINT('',(-65.,440.,824.));
#18029 = DIRECTION('',(0.,0.,1.));
#18030 = DIRECTION('',(1.,0.,-0.));
#18031 = DEFINITIONAL_REPRESENTATION('',(#18032),#18036);
#18032 = LINE('',#18033,#18034);
#18033 = CARTESIAN_POINT('',(15.,-12.));
#18034 = VECTOR('',#18035,1.);
#18035 = DIRECTION('',(0.,1.));
#18036 = ( GEOMETRIC_REPRESENTATION_CONTEXT(2) 
PARAMETRIC_REPRESENTATION_CONTEXT() REPRESENTATION_CONTEXT('2D SPACE',''
  ) );
#18037 = ORIENTED_EDGE('',*,*,#18038,.F.);
#18038 = EDGE_CURVE('',#17963,#18011,#18039,.T.);
#18039 = SURFACE_CURVE('',#18040,(#18044,#18051),.PCURVE_S1.);
#18040 = LINE('',#18041,#18042);
#18041 = CARTESIAN_POINT('',(-50.,428.,824.));
#18042 = VECTOR('',#18043,1.);
#18043 = DIRECTION('',(-0.,1.,0.));
#18044 = PCURVE('',#17651,#18045);
#18045 = DEFINITIONAL_REPRESENTATION('',(#18046),#18050);
#18046 = LINE('',#18047,#18048);
#18047 = CARTESIAN_POINT('',(14.,0.));
#18048 = VECTOR('',#18049,1.);
#18049 = DIRECTION('',(0.,-1.));
#18050 = ( GEOMETRIC_REPRESENTATION_CONTEXT(2) 
PARAMETRIC_REPRESENTATION_CONTEXT() REPRESENTATION_CONTEXT('2D SPACE',''
  ) );
#18051 = PCURVE('',#18052,#18057);
#18052 = PLANE('',#18053);
#18053 = AXIS2_PLACEMENT_3D('',#18054,#18055,#18056);
#18054 = CARTESIAN_POINT('',(-312.,428.,824.));
#18055 = DIRECTION('',(0.,0.,1.));
#18056 = DIRECTION('',(1.,0.,-0.));
#18057 = DEFINITIONAL_REPRESENTATION('',(#18058),#18062);
#18058 = LINE('',#18059,#18060);
#18059 = CARTESIAN_POINT('',(262.,0.));
#18060 = VECTOR('',#18061,1.);
#18061 = DIRECTION('',(0.,1.));
#18062 = ( GEOMETRIC_REPRESENTATION_CONTEXT(2) 
PARAMETRIC_REPRESENTATION_CONTEXT() REPRESENTATION_CONTEXT('2D SPACE',''
  ) );
#18063 = ADVANCED_FACE('',(#18064),#17623,.F.);
#18064 = FACE_BOUND('',#18065,.F.);
#18065 = EDGE_LOOP('',(#18066,#18067,#18090,#18113,#18141,#18162,#18163)
  );
#18066 = ORIENTED_EDGE('',*,*,#17769,.F.);
#18067 = ORIENTED_EDGE('',*,*,#18068,.T.);
#18068 = EDGE_CURVE('',#17747,#18069,#18071,.T.);
#18069 = VERTEX_POINT('',#18070);
#18070 = CARTESIAN_POINT('',(-312.,428.,824.));
#18071 = SURFACE_CURVE('',#18072,(#18076,#18083),.PCURVE_S1.);
#18072 = LINE('',#18073,#18074);
#18073 = CARTESIAN_POINT('',(-312.,428.,810.));
#18074 = VECTOR('',#18075,1.);
#18075 = DIRECTION('',(0.,0.,1.));
#18076 = PCURVE('',#17623,#18077);
#18077 = DEFINITIONAL_REPRESENTATION('',(#18078),#18082);
#18078 = LINE('',#18079,#18080);
#18079 = CARTESIAN_POINT('',(0.,0.));
#18080 = VECTOR('',#18081,1.);
#18081 = DIRECTION('',(1.,0.));
#18082 = ( GEOMETRIC_REPRESENTATION_CONTEXT(2) 
PARAMETRIC_REPRESENTATION_CONTEXT() REPRESENTATION_CONTEXT('2D SPACE',''
  ) );
#18083 = PCURVE('',#17709,#18084);
#18084 = DEFINITIONAL_REPRESENTATION('',(#18085),#18089);
#18085 = LINE('',#18086,#18087);
#18086 = CARTESIAN_POINT('',(0.,0.));
#18087 = VECTOR('',#18088,1.);
#18088 = DIRECTION('',(1.,0.));
#18089 = ( GEOMETRIC_REPRESENTATION_CONTEXT(2) 
PARAMETRIC_REPRESENTATION_CONTEXT() REPRESENTATION_CONTEXT('2D SPACE',''
  ) );
#18090 = ORIENTED_EDGE('',*,*,#18091,.T.);
#18091 = EDGE_CURVE('',#18069,#18092,#18094,.T.);
#18092 = VERTEX_POINT('',#18093);
#18093 = CARTESIAN_POINT('',(-75.58300524425,428.,824.));
#18094 = SURFACE_CURVE('',#18095,(#18099,#18106),.PCURVE_S1.);
#18095 = LINE('',#18096,#18097);
#18096 = CARTESIAN_POINT('',(-312.,428.,824.));
#18097 = VECTOR('',#18098,1.);
#18098 = DIRECTION('',(1.,0.,-0.));
#18099 = PCURVE('',#17623,#18100);
#18100 = DEFINITIONAL_REPRESENTATION('',(#18101),#18105);
#18101 = LINE('',#18102,#18103);
#18102 = CARTESIAN_POINT('',(14.,0.));
#18103 = VECTOR('',#18104,1.);
#18104 = DIRECTION('',(0.,1.));
#18105 = ( GEOMETRIC_REPRESENTATION_CONTEXT(2) 
PARAMETRIC_REPRESENTATION_CONTEXT() REPRESENTATION_CONTEXT('2D SPACE',''
  ) );
#18106 = PCURVE('',#17869,#18107);
#18107 = DEFINITIONAL_REPRESENTATION('',(#18108),#18112);
#18108 = LINE('',#18109,#18110);
#18109 = CARTESIAN_POINT('',(0.,0.));
#18110 = VECTOR('',#18111,1.);
#18111 = DIRECTION('',(1.,0.));
#18112 = ( GEOMETRIC_REPRESENTATION_CONTEXT(2) 
PARAMETRIC_REPRESENTATION_CONTEXT() REPRESENTATION_CONTEXT('2D SPACE',''
  ) );
#18113 = ORIENTED_EDGE('',*,*,#18114,.T.);
#18114 = EDGE_CURVE('',#18092,#18115,#18117,.T.);
#18115 = VERTEX_POINT('',#18116);
#18116 = CARTESIAN_POINT('',(-54.41699475574,428.,824.));
#18117 = SURFACE_CURVE('',#18118,(#18122,#18129),.PCURVE_S1.);
#18118 = LINE('',#18119,#18120);
#18119 = CARTESIAN_POINT('',(-312.,428.,824.));
#18120 = VECTOR('',#18121,1.);
#18121 = DIRECTION('',(1.,0.,-0.));
#18122 = PCURVE('',#17623,#18123);
#18123 = DEFINITIONAL_REPRESENTATION('',(#18124),#18128);
#18124 = LINE('',#18125,#18126);
#18125 = CARTESIAN_POINT('',(14.,0.));
#18126 = VECTOR('',#18127,1.);
#18127 = DIRECTION('',(0.,1.));
#18128 = ( GEOMETRIC_REPRESENTATION_CONTEXT(2) 
PARAMETRIC_REPRESENTATION_CONTEXT() REPRESENTATION_CONTEXT('2D SPACE',''
  ) );
#18129 = PCURVE('',#18130,#18135);
#18130 = PLANE('',#18131);
#18131 = AXIS2_PLACEMENT_3D('',#18132,#18133,#18134);
#18132 = CARTESIAN_POINT('',(-65.,440.,824.));
#18133 = DIRECTION('',(0.,0.,1.));
#18134 = DIRECTION('',(1.,0.,-0.));
#18135 = DEFINITIONAL_REPRESENTATION('',(#18136),#18140);
#18136 = LINE('',#18137,#18138);
#18137 = CARTESIAN_POINT('',(-247.,-12.));
#18138 = VECTOR('',#18139,1.);
#18139 = DIRECTION('',(1.,0.));
#18140 = ( GEOMETRIC_REPRESENTATION_CONTEXT(2) 
PARAMETRIC_REPRESENTATION_CONTEXT() REPRESENTATION_CONTEXT('2D SPACE',''
  ) );
#18141 = ORIENTED_EDGE('',*,*,#18142,.T.);
#18142 = EDGE_CURVE('',#18115,#17963,#18143,.T.);
#18143 = SURFACE_CURVE('',#18144,(#18148,#18155),.PCURVE_S1.);
#18144 = LINE('',#18145,#18146);
#18145 = CARTESIAN_POINT('',(-312.,428.,824.));
#18146 = VECTOR('',#18147,1.);
#18147 = DIRECTION('',(1.,0.,-0.));
#18148 = PCURVE('',#17623,#18149);
#18149 = DEFINITIONAL_REPRESENTATION('',(#18150),#18154);
#18150 = LINE('',#18151,#18152);
#18151 = CARTESIAN_POINT('',(14.,0.));
#18152 = VECTOR('',#18153,1.);
#18153 = DIRECTION('',(0.,1.));
#18154 = ( GEOMETRIC_REPRESENTATION_CONTEXT(2) 
PARAMETRIC_REPRESENTATION_CONTEXT() REPRESENTATION_CONTEXT('2D SPACE',''
  ) );
#18155 = PCURVE('',#18052,#18156);
#18156 = DEFINITIONAL_REPRESENTATION('',(#18157),#18161);
#18157 = LINE('',#18158,#18159);
#18158 = CARTESIAN_POINT('',(0.,0.));
#18159 = VECTOR('',#18160,1.);
#18160 = DIRECTION('',(1.,0.));
#18161 = ( GEOMETRIC_REPRESENTATION_CONTEXT(2) 
PARAMETRIC_REPRESENTATION_CONTEXT() REPRESENTATION_CONTEXT('2D SPACE',''
  ) );
#18162 = ORIENTED_EDGE('',*,*,#17962,.F.);
#18163 = ORIENTED_EDGE('',*,*,#17607,.F.);
#18164 = ADVANCED_FACE('',(#18165),#17709,.F.);
#18165 = FACE_BOUND('',#18166,.F.);
#18166 = EDGE_LOOP('',(#18167,#18168,#18169,#18170,#18171));
#18167 = ORIENTED_EDGE('',*,*,#18068,.F.);
#18168 = ORIENTED_EDGE('',*,*,#17746,.T.);
#18169 = ORIENTED_EDGE('',*,*,#17693,.T.);
#18170 = ORIENTED_EDGE('',*,*,#17830,.T.);
#18171 = ORIENTED_EDGE('',*,*,#18172,.F.);
#18172 = EDGE_CURVE('',#18069,#17831,#18173,.T.);
#18173 = SURFACE_CURVE('',#18174,(#18178,#18185),.PCURVE_S1.);
#18174 = LINE('',#18175,#18176);
#18175 = CARTESIAN_POINT('',(-312.,428.,824.));
#18176 = VECTOR('',#18177,1.);
#18177 = DIRECTION('',(-0.,1.,0.));
#18178 = PCURVE('',#17709,#18179);
#18179 = DEFINITIONAL_REPRESENTATION('',(#18180),#18184);
#18180 = LINE('',#18181,#18182);
#18181 = CARTESIAN_POINT('',(14.,0.));
#18182 = VECTOR('',#18183,1.);
#18183 = DIRECTION('',(0.,-1.));
#18184 = ( GEOMETRIC_REPRESENTATION_CONTEXT(2) 
PARAMETRIC_REPRESENTATION_CONTEXT() REPRESENTATION_CONTEXT('2D SPACE',''
  ) );
#18185 = PCURVE('',#17869,#18186);
#18186 = DEFINITIONAL_REPRESENTATION('',(#18187),#18191);
#18187 = LINE('',#18188,#18189);
#18188 = CARTESIAN_POINT('',(0.,0.));
#18189 = VECTOR('',#18190,1.);
#18190 = DIRECTION('',(0.,1.));
#18191 = ( GEOMETRIC_REPRESENTATION_CONTEXT(2) 
PARAMETRIC_REPRESENTATION_CONTEXT() REPRESENTATION_CONTEXT('2D SPACE',''
  ) );
#18192 = ADVANCED_FACE('',(#18193),#17811,.T.);
#18193 = FACE_BOUND('',#18194,.T.);
#18194 = EDGE_LOOP('',(#18195,#18196,#18219,#18246));
#18195 = ORIENTED_EDGE('',*,*,#17794,.F.);
#18196 = ORIENTED_EDGE('',*,*,#18197,.F.);
#18197 = EDGE_CURVE('',#18198,#17795,#18200,.T.);
#18198 = VERTEX_POINT('',#18199);
#18199 = CARTESIAN_POINT('',(-200.,440.,570.));
#18200 = SEAM_CURVE('',#18201,(#18205,#18212),.PCURVE_S1.);
#18201 = LINE('',#18202,#18203);
#18202 = CARTESIAN_POINT('',(-200.,440.,570.));
#18203 = VECTOR('',#18204,1.);
#18204 = DIRECTION('',(0.,0.,1.));
#18205 = PCURVE('',#17811,#18206);
#18206 = DEFINITIONAL_REPRESENTATION('',(#18207),#18211);
#18207 = LINE('',#18208,#18209);
#18208 = CARTESIAN_POINT('',(6.28318530718,-0.));
#18209 = VECTOR('',#18210,1.);
#18210 = DIRECTION('',(0.,1.));
#18211 = ( GEOMETRIC_REPRESENTATION_CONTEXT(2) 
PARAMETRIC_REPRESENTATION_CONTEXT() REPRESENTATION_CONTEXT('2D SPACE',''
  ) );
#18212 = PCURVE('',#17811,#18213);
#18213 = DEFINITIONAL_REPRESENTATION('',(#18214),#18218);
#18214 = LINE('',#18215,#18216);
#18215 = CARTESIAN_POINT('',(0.,-0.));
#18216 = VECTOR('',#18217,1.);
#18217 = DIRECTION('',(0.,1.));
#18218 = ( GEOMETRIC_REPRESENTATION_CONTEXT(2) 
PARAMETRIC_REPRESENTATION_CONTEXT() REPRESENTATION_CONTEXT('2D SPACE',''
  ) );
#18219 = ORIENTED_EDGE('',*,*,#18220,.T.);
#18220 = EDGE_CURVE('',#18198,#18198,#18221,.T.);
#18221 = SURFACE_CURVE('',#18222,(#18227,#18234),.PCURVE_S1.);
#18222 = CIRCLE('',#18223,100.);
#18223 = AXIS2_PLACEMENT_3D('',#18224,#18225,#18226);
#18224 = CARTESIAN_POINT('',(-300.,440.,570.));
#18225 = DIRECTION('',(0.,0.,1.));
#18226 = DIRECTION('',(1.,0.,-0.));
#18227 = PCURVE('',#17811,#18228);
#18228 = DEFINITIONAL_REPRESENTATION('',(#18229),#18233);
#18229 = LINE('',#18230,#18231);
#18230 = CARTESIAN_POINT('',(0.,0.));
#18231 = VECTOR('',#18232,1.);
#18232 = DIRECTION('',(1.,0.));
#18233 = ( GEOMETRIC_REPRESENTATION_CONTEXT(2) 
PARAMETRIC_REPRESENTATION_CONTEXT() REPRESENTATION_CONTEXT('2D SPACE',''
  ) );
#18234 = PCURVE('',#18235,#18240);
#18235 = PLANE('',#18236);
#18236 = AXIS2_PLACEMENT_3D('',#18237,#18238,#18239);
#18237 = CARTESIAN_POINT('',(-300.,440.,570.));
#18238 = DIRECTION('',(0.,0.,1.));
#18239 = DIRECTION('',(1.,0.,-0.));
#18240 = DEFINITIONAL_REPRESENTATION('',(#18241),#18245);
#18241 = CIRCLE('',#18242,100.);
#18242 = AXIS2_PLACEMENT_2D('',#18243,#18244);
#18243 = CARTESIAN_POINT('',(0.,0.));
#18244 = DIRECTION('',(1.,0.));
#18245 = ( GEOMETRIC_REPRESENTATION_CONTEXT(2) 
PARAMETRIC_REPRESENTATION_CONTEXT() REPRESENTATION_CONTEXT('2D SPACE',''
  ) );
#18246 = ORIENTED_EDGE('',*,*,#18197,.T.);
#18247 = ADVANCED_FACE('',(#18248),#17869,.T.);
#18248 = FACE_BOUND('',#18249,.T.);
#18249 = EDGE_LOOP('',(#18250,#18251,#18252,#18253));
#18250 = ORIENTED_EDGE('',*,*,#17853,.F.);
#18251 = ORIENTED_EDGE('',*,*,#18172,.F.);
#18252 = ORIENTED_EDGE('',*,*,#18091,.T.);
#18253 = ORIENTED_EDGE('',*,*,#18254,.F.);
#18254 = EDGE_CURVE('',#17854,#18092,#18255,.T.);
#18255 = SURFACE_CURVE('',#18256,(#18261,#18268),.PCURVE_S1.);
#18256 = CIRCLE('',#18257,16.);
#18257 = AXIS2_PLACEMENT_3D('',#18258,#18259,#18260);
#18258 = CARTESIAN_POINT('',(-65.,440.,824.));
#18259 = DIRECTION('',(0.,0.,1.));
#18260 = DIRECTION('',(1.,0.,-0.));
#18261 = PCURVE('',#17869,#18262);
#18262 = DEFINITIONAL_REPRESENTATION('',(#18263),#18267);
#18263 = CIRCLE('',#18264,16.);
#18264 = AXIS2_PLACEMENT_2D('',#18265,#18266);
#18265 = CARTESIAN_POINT('',(247.,12.));
#18266 = DIRECTION('',(1.,0.));
#18267 = ( GEOMETRIC_REPRESENTATION_CONTEXT(2) 
PARAMETRIC_REPRESENTATION_CONTEXT() REPRESENTATION_CONTEXT('2D SPACE',''
  ) );
#18268 = PCURVE('',#18269,#18274);
#18269 = CYLINDRICAL_SURFACE('',#18270,16.);
#18270 = AXIS2_PLACEMENT_3D('',#18271,#18272,#18273);
#18271 = CARTESIAN_POINT('',(-65.,440.,824.));
#18272 = DIRECTION('',(0.,0.,1.));
#18273 = DIRECTION('',(1.,0.,-0.));
#18274 = DEFINITIONAL_REPRESENTATION('',(#18275),#18279);
#18275 = LINE('',#18276,#18277);
#18276 = CARTESIAN_POINT('',(0.,0.));
#18277 = VECTOR('',#18278,1.);
#18278 = DIRECTION('',(1.,0.));
#18279 = ( GEOMETRIC_REPRESENTATION_CONTEXT(2) 
PARAMETRIC_REPRESENTATION_CONTEXT() REPRESENTATION_CONTEXT('2D SPACE',''
  ) );
#18280 = ADVANCED_FACE('',(#18281),#17897,.F.);
#18281 = FACE_BOUND('',#18282,.F.);
#18282 = EDGE_LOOP('',(#18283,#18284));
#18283 = ORIENTED_EDGE('',*,*,#17881,.T.);
#18284 = ORIENTED_EDGE('',*,*,#18285,.T.);
#18285 = EDGE_CURVE('',#17882,#17854,#18286,.T.);
#18286 = SURFACE_CURVE('',#18287,(#18292,#18299),.PCURVE_S1.);
#18287 = CIRCLE('',#18288,16.);
#18288 = AXIS2_PLACEMENT_3D('',#18289,#18290,#18291);
#18289 = CARTESIAN_POINT('',(-65.,440.,824.));
#18290 = DIRECTION('',(0.,0.,1.));
#18291 = DIRECTION('',(1.,0.,-0.));
#18292 = PCURVE('',#17897,#18293);
#18293 = DEFINITIONAL_REPRESENTATION('',(#18294),#18298);
#18294 = CIRCLE('',#18295,16.);
#18295 = AXIS2_PLACEMENT_2D('',#18296,#18297);
#18296 = CARTESIAN_POINT('',(0.,0.));
#18297 = DIRECTION('',(1.,0.));
#18298 = ( GEOMETRIC_REPRESENTATION_CONTEXT(2) 
PARAMETRIC_REPRESENTATION_CONTEXT() REPRESENTATION_CONTEXT('2D SPACE',''
  ) );
#18299 = PCURVE('',#18269,#18300);
#18300 = DEFINITIONAL_REPRESENTATION('',(#18301),#18305);
#18301 = LINE('',#18302,#18303);
#18302 = CARTESIAN_POINT('',(0.,0.));
#18303 = VECTOR('',#18304,1.);
#18304 = DIRECTION('',(1.,0.));
#18305 = ( GEOMETRIC_REPRESENTATION_CONTEXT(2) 
PARAMETRIC_REPRESENTATION_CONTEXT() REPRESENTATION_CONTEXT('2D SPACE',''
  ) );
#18306 = ADVANCED_FACE('',(#18307),#17925,.T.);
#18307 = FACE_BOUND('',#18308,.T.);
#18308 = EDGE_LOOP('',(#18309,#18310,#18332));
#18309 = ORIENTED_EDGE('',*,*,#17909,.F.);
#18310 = ORIENTED_EDGE('',*,*,#18311,.F.);
#18311 = EDGE_CURVE('',#17988,#17882,#18312,.T.);
#18312 = SURFACE_CURVE('',#18313,(#18318,#18325),.PCURVE_S1.);
#18313 = CIRCLE('',#18314,16.);
#18314 = AXIS2_PLACEMENT_3D('',#18315,#18316,#18317);
#18315 = CARTESIAN_POINT('',(-65.,440.,824.));
#18316 = DIRECTION('',(0.,0.,1.));
#18317 = DIRECTION('',(1.,0.,-0.));
#18318 = PCURVE('',#17925,#18319);
#18319 = DEFINITIONAL_REPRESENTATION('',(#18320),#18324);
#18320 = CIRCLE('',#18321,16.);
#18321 = AXIS2_PLACEMENT_2D('',#18322,#18323);
#18322 = CARTESIAN_POINT('',(247.,12.));
#18323 = DIRECTION('',(1.,0.));
#18324 = ( GEOMETRIC_REPRESENTATION_CONTEXT(2) 
PARAMETRIC_REPRESENTATION_CONTEXT() REPRESENTATION_CONTEXT('2D SPACE',''
  ) );
#18325 = PCURVE('',#18269,#18326);
#18326 = DEFINITIONAL_REPRESENTATION('',(#18327),#18331);
#18327 = LINE('',#18328,#18329);
#18328 = CARTESIAN_POINT('',(0.,0.));
#18329 = VECTOR('',#18330,1.);
#18330 = DIRECTION('',(1.,0.));
#18331 = ( GEOMETRIC_REPRESENTATION_CONTEXT(2) 
PARAMETRIC_REPRESENTATION_CONTEXT() REPRESENTATION_CONTEXT('2D SPACE',''
  ) );
#18332 = ORIENTED_EDGE('',*,*,#17987,.T.);
#18333 = ADVANCED_FACE('',(#18334),#18052,.T.);
#18334 = FACE_BOUND('',#18335,.T.);
#18335 = EDGE_LOOP('',(#18336,#18358,#18359));
#18336 = ORIENTED_EDGE('',*,*,#18337,.F.);
#18337 = EDGE_CURVE('',#18115,#18011,#18338,.T.);
#18338 = SURFACE_CURVE('',#18339,(#18344,#18351),.PCURVE_S1.);
#18339 = CIRCLE('',#18340,16.);
#18340 = AXIS2_PLACEMENT_3D('',#18341,#18342,#18343);
#18341 = CARTESIAN_POINT('',(-65.,440.,824.));
#18342 = DIRECTION('',(0.,0.,1.));
#18343 = DIRECTION('',(1.,0.,-0.));
#18344 = PCURVE('',#18052,#18345);
#18345 = DEFINITIONAL_REPRESENTATION('',(#18346),#18350);
#18346 = CIRCLE('',#18347,16.);
#18347 = AXIS2_PLACEMENT_2D('',#18348,#18349);
#18348 = CARTESIAN_POINT('',(247.,12.));
#18349 = DIRECTION('',(1.,0.));
#18350 = ( GEOMETRIC_REPRESENTATION_CONTEXT(2) 
PARAMETRIC_REPRESENTATION_CONTEXT() REPRESENTATION_CONTEXT('2D SPACE',''
  ) );
#18351 = PCURVE('',#18269,#18352);
#18352 = DEFINITIONAL_REPRESENTATION('',(#18353),#18357);
#18353 = LINE('',#18354,#18355);
#18354 = CARTESIAN_POINT('',(0.,0.));
#18355 = VECTOR('',#18356,1.);
#18356 = DIRECTION('',(1.,0.));
#18357 = ( GEOMETRIC_REPRESENTATION_CONTEXT(2) 
PARAMETRIC_REPRESENTATION_CONTEXT() REPRESENTATION_CONTEXT('2D SPACE',''
  ) );
#18358 = ORIENTED_EDGE('',*,*,#18142,.T.);
#18359 = ORIENTED_EDGE('',*,*,#18038,.T.);
#18360 = ADVANCED_FACE('',(#18361),#18026,.F.);
#18361 = FACE_BOUND('',#18362,.F.);
#18362 = EDGE_LOOP('',(#18363,#18387,#18409));
#18363 = ORIENTED_EDGE('',*,*,#18364,.T.);
#18364 = EDGE_CURVE('',#18011,#18365,#18367,.T.);
#18365 = VERTEX_POINT('',#18366);
#18366 = CARTESIAN_POINT('',(-49.,440.,824.));
#18367 = SURFACE_CURVE('',#18368,(#18373,#18380),.PCURVE_S1.);
#18368 = CIRCLE('',#18369,16.);
#18369 = AXIS2_PLACEMENT_3D('',#18370,#18371,#18372);
#18370 = CARTESIAN_POINT('',(-65.,440.,824.));
#18371 = DIRECTION('',(0.,0.,1.));
#18372 = DIRECTION('',(1.,0.,-0.));
#18373 = PCURVE('',#18026,#18374);
#18374 = DEFINITIONAL_REPRESENTATION('',(#18375),#18379);
#18375 = CIRCLE('',#18376,16.);
#18376 = AXIS2_PLACEMENT_2D('',#18377,#18378);
#18377 = CARTESIAN_POINT('',(0.,0.));
#18378 = DIRECTION('',(1.,0.));
#18379 = ( GEOMETRIC_REPRESENTATION_CONTEXT(2) 
PARAMETRIC_REPRESENTATION_CONTEXT() REPRESENTATION_CONTEXT('2D SPACE',''
  ) );
#18380 = PCURVE('',#18269,#18381);
#18381 = DEFINITIONAL_REPRESENTATION('',(#18382),#18386);
#18382 = LINE('',#18383,#18384);
#18383 = CARTESIAN_POINT('',(0.,0.));
#18384 = VECTOR('',#18385,1.);
#18385 = DIRECTION('',(1.,0.));
#18386 = ( GEOMETRIC_REPRESENTATION_CONTEXT(2) 
PARAMETRIC_REPRESENTATION_CONTEXT() REPRESENTATION_CONTEXT('2D SPACE',''
  ) );
#18387 = ORIENTED_EDGE('',*,*,#18388,.T.);
#18388 = EDGE_CURVE('',#18365,#17988,#18389,.T.);
#18389 = SURFACE_CURVE('',#18390,(#18395,#18402),.PCURVE_S1.);
#18390 = CIRCLE('',#18391,16.);
#18391 = AXIS2_PLACEMENT_3D('',#18392,#18393,#18394);
#18392 = CARTESIAN_POINT('',(-65.,440.,824.));
#18393 = DIRECTION('',(0.,0.,1.));
#18394 = DIRECTION('',(1.,0.,-0.));
#18395 = PCURVE('',#18026,#18396);
#18396 = DEFINITIONAL_REPRESENTATION('',(#18397),#18401);
#18397 = CIRCLE('',#18398,16.);
#18398 = AXIS2_PLACEMENT_2D('',#18399,#18400);
#18399 = CARTESIAN_POINT('',(0.,0.));
#18400 = DIRECTION('',(1.,0.));
#18401 = ( GEOMETRIC_REPRESENTATION_CONTEXT(2) 
PARAMETRIC_REPRESENTATION_CONTEXT() REPRESENTATION_CONTEXT('2D SPACE',''
  ) );
#18402 = PCURVE('',#18269,#18403);
#18403 = DEFINITIONAL_REPRESENTATION('',(#18404),#18408);
#18404 = LINE('',#18405,#18406);
#18405 = CARTESIAN_POINT('',(0.,0.));
#18406 = VECTOR('',#18407,1.);
#18407 = DIRECTION('',(1.,0.));
#18408 = ( GEOMETRIC_REPRESENTATION_CONTEXT(2) 
PARAMETRIC_REPRESENTATION_CONTEXT() REPRESENTATION_CONTEXT('2D SPACE',''
  ) );
#18409 = ORIENTED_EDGE('',*,*,#18010,.F.);
#18410 = ADVANCED_FACE('',(#18411),#18130,.F.);
#18411 = FACE_BOUND('',#18412,.F.);
#18412 = EDGE_LOOP('',(#18413,#18435));
#18413 = ORIENTED_EDGE('',*,*,#18414,.T.);
#18414 = EDGE_CURVE('',#18092,#18115,#18415,.T.);
#18415 = SURFACE_CURVE('',#18416,(#18421,#18428),.PCURVE_S1.);
#18416 = CIRCLE('',#18417,16.);
#18417 = AXIS2_PLACEMENT_3D('',#18418,#18419,#18420);
#18418 = CARTESIAN_POINT('',(-65.,440.,824.));
#18419 = DIRECTION('',(0.,0.,1.));
#18420 = DIRECTION('',(1.,0.,-0.));
#18421 = PCURVE('',#18130,#18422);
#18422 = DEFINITIONAL_REPRESENTATION('',(#18423),#18427);
#18423 = CIRCLE('',#18424,16.);
#18424 = AXIS2_PLACEMENT_2D('',#18425,#18426);
#18425 = CARTESIAN_POINT('',(0.,0.));
#18426 = DIRECTION('',(1.,0.));
#18427 = ( GEOMETRIC_REPRESENTATION_CONTEXT(2) 
PARAMETRIC_REPRESENTATION_CONTEXT() REPRESENTATION_CONTEXT('2D SPACE',''
  ) );
#18428 = PCURVE('',#18269,#18429);
#18429 = DEFINITIONAL_REPRESENTATION('',(#18430),#18434);
#18430 = LINE('',#18431,#18432);
#18431 = CARTESIAN_POINT('',(0.,0.));
#18432 = VECTOR('',#18433,1.);
#18433 = DIRECTION('',(1.,0.));
#18434 = ( GEOMETRIC_REPRESENTATION_CONTEXT(2) 
PARAMETRIC_REPRESENTATION_CONTEXT() REPRESENTATION_CONTEXT('2D SPACE',''
  ) );
#18435 = ORIENTED_EDGE('',*,*,#18114,.F.);
#18436 = ADVANCED_FACE('',(#18437),#18235,.F.);
#18437 = FACE_BOUND('',#18438,.T.);
#18438 = EDGE_LOOP('',(#18439));
#18439 = ORIENTED_EDGE('',*,*,#18220,.F.);
#18440 = ADVANCED_FACE('',(#18441),#18269,.T.);
#18441 = FACE_BOUND('',#18442,.T.);
#18442 = EDGE_LOOP('',(#18443,#18466,#18493,#18494,#18495,#18496,#18497,
    #18498,#18499,#18500));
#18443 = ORIENTED_EDGE('',*,*,#18444,.T.);
#18444 = EDGE_CURVE('',#18365,#18445,#18447,.T.);
#18445 = VERTEX_POINT('',#18446);
#18446 = CARTESIAN_POINT('',(-49.,440.,934.));
#18447 = SEAM_CURVE('',#18448,(#18452,#18459),.PCURVE_S1.);
#18448 = LINE('',#18449,#18450);
#18449 = CARTESIAN_POINT('',(-49.,440.,824.));
#18450 = VECTOR('',#18451,1.);
#18451 = DIRECTION('',(0.,0.,1.));
#18452 = PCURVE('',#18269,#18453);
#18453 = DEFINITIONAL_REPRESENTATION('',(#18454),#18458);
#18454 = LINE('',#18455,#18456);
#18455 = CARTESIAN_POINT('',(6.28318530718,-0.));
#18456 = VECTOR('',#18457,1.);
#18457 = DIRECTION('',(0.,1.));
#18458 = ( GEOMETRIC_REPRESENTATION_CONTEXT(2) 
PARAMETRIC_REPRESENTATION_CONTEXT() REPRESENTATION_CONTEXT('2D SPACE',''
  ) );
#18459 = PCURVE('',#18269,#18460);
#18460 = DEFINITIONAL_REPRESENTATION('',(#18461),#18465);
#18461 = LINE('',#18462,#18463);
#18462 = CARTESIAN_POINT('',(0.,-0.));
#18463 = VECTOR('',#18464,1.);
#18464 = DIRECTION('',(0.,1.));
#18465 = ( GEOMETRIC_REPRESENTATION_CONTEXT(2) 
PARAMETRIC_REPRESENTATION_CONTEXT() REPRESENTATION_CONTEXT('2D SPACE',''
  ) );
#18466 = ORIENTED_EDGE('',*,*,#18467,.F.);
#18467 = EDGE_CURVE('',#18445,#18445,#18468,.T.);
#18468 = SURFACE_CURVE('',#18469,(#18474,#18481),.PCURVE_S1.);
#18469 = CIRCLE('',#18470,16.);
#18470 = AXIS2_PLACEMENT_3D('',#18471,#18472,#18473);
#18471 = CARTESIAN_POINT('',(-65.,440.,934.));
#18472 = DIRECTION('',(0.,0.,1.));
#18473 = DIRECTION('',(1.,0.,-0.));
#18474 = PCURVE('',#18269,#18475);
#18475 = DEFINITIONAL_REPRESENTATION('',(#18476),#18480);
#18476 = LINE('',#18477,#18478);
#18477 = CARTESIAN_POINT('',(0.,110.));
#18478 = VECTOR('',#18479,1.);
#18479 = DIRECTION('',(1.,0.));
#18480 = ( GEOMETRIC_REPRESENTATION_CONTEXT(2) 
PARAMETRIC_REPRESENTATION_CONTEXT() REPRESENTATION_CONTEXT('2D SPACE',''
  ) );
#18481 = PCURVE('',#18482,#18487);
#18482 = PLANE('',#18483);
#18483 = AXIS2_PLACEMENT_3D('',#18484,#18485,#18486);
#18484 = CARTESIAN_POINT('',(-65.,440.,934.));
#18485 = DIRECTION('',(0.,0.,1.));
#18486 = DIRECTION('',(1.,0.,-0.));
#18487 = DEFINITIONAL_REPRESENTATION('',(#18488),#18492);
#18488 = CIRCLE('',#18489,16.);
#18489 = AXIS2_PLACEMENT_2D('',#18490,#18491);
#18490 = CARTESIAN_POINT('',(0.,0.));
#18491 = DIRECTION('',(1.,0.));
#18492 = ( GEOMETRIC_REPRESENTATION_CONTEXT(2) 
PARAMETRIC_REPRESENTATION_CONTEXT() REPRESENTATION_CONTEXT('2D SPACE',''
  ) );
#18493 = ORIENTED_EDGE('',*,*,#18444,.F.);
#18494 = ORIENTED_EDGE('',*,*,#18388,.T.);
#18495 = ORIENTED_EDGE('',*,*,#18311,.T.);
#18496 = ORIENTED_EDGE('',*,*,#18285,.T.);
#18497 = ORIENTED_EDGE('',*,*,#18254,.T.);
#18498 = ORIENTED_EDGE('',*,*,#18414,.T.);
#18499 = ORIENTED_EDGE('',*,*,#18337,.T.);
#18500 = ORIENTED_EDGE('',*,*,#18364,.T.);
#18501 = ADVANCED_FACE('',(#18502),#18482,.T.);
#18502 = FACE_BOUND('',#18503,.T.);
#18503 = EDGE_LOOP('',(#18504));
#18504 = ORIENTED_EDGE('',*,*,#18467,.T.);
#18505 = ( GEOMETRIC_REPRESENTATION_CONTEXT(3) 
GLOBAL_UNCERTAINTY_ASSIGNED_CONTEXT((#18509)) 
GLOBAL_UNIT_ASSIGNED_CONTEXT((#18506,#18507,#18508)) 
REPRESENTATION_CONTEXT('Context #1',
  '3D Context with UNIT and UNCERTAINTY') );
#18506 = ( LENGTH_UNIT() NAMED_UNIT(*) SI_UNIT(.MILLI.,.METRE.) );
#18507 = ( NAMED_UNIT(*) PLANE_ANGLE_UNIT() SI_UNIT($,.RADIAN.) );
#18508 = ( NAMED_UNIT(*) SI_UNIT($,.STERADIAN.) SOLID_ANGLE_UNIT() );
#18509 = UNCERTAINTY_MEASURE_WITH_UNIT(LENGTH_MEASURE(1.E-07),#18506,
  'distance_accuracy_value','confusion accuracy');
#18510 = PRODUCT_RELATED_PRODUCT_CATEGORY('part',$,(#7));
ENDSEC;
END-ISO-10303-21;
